,acc_overall,training_probe time,inference time,training_probe flops,inference flops
0,0.498,48.415563344955444,7.058082342147827,0.20275199999999996,173.57868
