,acc_overall,training_probe time,inference time,training_probe flops,inference flops
0,0.3923,102.33945369720459,21.436180591583252,0.20275200000000004,182.97684
