,acc_overall,training_probe time,inference time,training_probe flops,inference flops
0,0.7451,90.88965225219727,22.538439989089966,0.13685759999999997,51.4998
