,acc_overall,training_probe time,inference time,training_probe flops,inference flops
0,0.4971,126.35509324073792,29.198408126831055,0.20275199999999996,173.74284
