,acc_overall,training_probe time,inference time,training_probe flops,inference flops
0,0.9602,92.98405456542969,21.807414770126343,0.13685760000000002,49.33808
