,acc_overall,training_probe time,inference time,training_probe flops,inference flops
0,0.504,130.40364265441895,27.1159610748291,0.20275199999999996,171.46512
