,acc_overall,training_probe time,inference time,training_probe flops,inference flops
0,0.1655,75.85525393486023,19.424792528152466,0.10137600000000002,33.29692
