,acc_overall,training_probe time,inference time,training_probe flops,inference flops
0,0.1655,143.58654832839966,18.381709575653076,0.10137600000000002,33.29692
