,acc_overall,training_probe time,inference time,training_probe flops,inference flops
0,0.2518,244.4770383834839,52.07704949378967,0.4055040000000001,563.34
