,acc_overall,training_probe time,inference time,training_probe flops,inference flops
0,0.3752,454.51322317123413,17.580984115600586,0.8110080000000002,2051.78664
