,acc_overall,training_probe time,inference time,training_probe flops,inference flops
0,0.5158,1936.0846829414368,47.86988377571106,1.6220160000000003,5569.62568
