,acc_overall,training_probe time,inference time,training_probe flops,inference flops
0,0.9091,109.60893058776855,27.239816427230835,0.13685759999999997,51.77724
