,acc_overall,training_probe time,inference time,training_probe flops,inference flops
0,0.9793,124.78065657615662,29.292969465255737,0.13685760000000002,36.992
