,acc_overall,training_probe time,inference time,training_probe flops,inference flops
0,0.9509,110.8095166683197,27.089505434036255,0.13685760000000002,52.50552
