,acc_overall,training_probe time,inference time,training_probe flops,inference flops
0,0.367,344.08234167099,21.545783758163452,0.8110080000000002,1979.41596
