,acc_overall,training_probe time,inference time,training_probe flops,inference flops
0,0.1815,79.80071091651917,28.49686288833618,0.10137600000000002,31.10728
