,acc_overall,training_probe time,inference time,training_probe flops,inference flops
0,0.2621,354.5983786582947,27.87424111366272,0.4055040000000001,505.612
