,acc_overall,training_probe time,inference time,training_probe flops,inference flops
0,0.5153,1914.2368657588959,35.50135350227356,1.6220160000000003,5425.08352
