,acc_overall,training_probe time,inference time,training_probe flops,inference flops
0,0.1815,101.90308356285095,27.14343762397766,0.10137600000000002,31.10728
