,acc_overall,training_probe time,inference time,training_probe flops,inference flops
0,0.6281,77.11499691009521,17.089986085891724,0.13685759999999997,0.1156
