,acc_overall,training_probe time,inference time,training_probe flops,inference flops
0,0.904,147.55084490776062,23.586562156677246,0.13685759999999997,54.29732
