,acc_overall,training_probe time,inference time,training_probe flops,inference flops
0,0.5066,52.49950122833252,4.736242771148682,0.20275199999999996,143.2296
