,acc_overall,training_probe time,inference time,training_probe flops,inference flops
0,0.962,123.21045875549316,19.754356622695923,0.13685759999999997,44.37884
