,acc_overall,training_probe time,inference time,training_probe flops,inference flops
0,0.5412,4911.184146165848,47.564613342285156,3.2440320000000007,7868.22948
