,acc_overall,training_probe time,inference time,training_probe flops,inference flops
0,0.5206,1551.4641788005829,29.638916730880737,1.6220160000000003,5553.8932
