,acc_overall,training_probe time,inference time,training_probe flops,inference flops
0,0.3533,171.85098934173584,23.329187631607056,0.8110080000000002,2084.57064
