,acc_overall,training_probe time,inference time,training_probe flops,inference flops
0,0.5787,3023.5968203544617,43.73238563537598,3.2440320000000007,9886.65696
