,acc_overall,training_probe time,inference time,training_probe flops,inference flops
0,0.1657,35.27388858795166,8.62188196182251,0.10137600000000002,33.16328
