,acc_overall,training_probe time,inference time,training_probe flops,inference flops
0,0.2502,93.05993366241455,8.63163137435913,0.4055040000000001,532.795
