,acc_overall,training_probe time,inference time,training_probe flops,inference flops
0,0.9529,145.48017001152039,24.274879693984985,0.13685760000000002,51.92752
