,acc_overall,training_probe time,inference time,training_probe flops,inference flops
0,0.772,115.73733925819397,30.277894258499146,0.13685759999999997,47.78904
