,acc_overall,training_probe time,inference time,training_probe flops,inference flops
0,0.5152,130.7522029876709,9.540175437927246,0.20275199999999996,159.72768
