,acc_overall,training_probe time,inference time,training_probe flops,inference flops
0,0.9462,93.55430030822754,23.835023880004883,0.13685760000000002,53.10664
