,acc_overall,training_probe time,inference time,training_probe flops,inference flops
0,0.9167,102.95788383483887,26.301064252853394,0.13685759999999997,52.00844
