,acc_overall,training_probe time,inference time,training_probe flops,inference flops
0,0.9053,147.27945256233215,24.3104887008667,0.13685759999999997,54.5632
