,acc_overall,training_probe time,inference time,training_probe flops,inference flops
0,0.5416,56.790809869766235,9.887552499771118,0.20275199999999996,132.68232
