,acc_overall,training_probe time,inference time,training_probe flops,inference flops
0,0.9438,92.7146909236908,24.812253952026367,0.13685760000000002,53.54592
