,acc_overall,training_probe time,inference time,training_probe flops,inference flops
0,0.9586,114.29429244995117,27.279481172561646,0.13685760000000002,48.45952
