,acc_overall,training_probe time,inference time,training_probe flops,inference flops
0,0.3992,96.43021869659424,28.906180143356323,0.20275200000000004,180.30924
