,acc_overall,training_probe time,inference time,training_probe flops,inference flops
0,0.5603,660.3306453227997,75.0463240146637,0.8110079999999998,2143.254
