,acc_overall,training_probe time,inference time,training_probe flops,inference flops
0,0.2858,73.03414273262024,11.148378849029541,0.10137599999999998,36.79212
