,acc_overall,training_probe time,inference time,training_probe flops,inference flops
0,0.2858,97.06372141838074,17.627575874328613,0.10137599999999998,36.79212
