,acc_overall,training_probe time,inference time,training_probe flops,inference flops
0,0.4729,173.79262399673462,18.759512901306152,0.4055039999999999,636.115
