,acc_overall,training_probe time,inference time,training_probe flops,inference flops
0,0.6608,1895.3846955299377,31.921053647994995,1.6220159999999997,5650.09076
