,acc_overall,training_probe time,inference time,training_probe flops,inference flops
0,0.966,130.40913128852844,25.31987953186035,0.13685760000000002,41.74316
