,acc_overall,training_probe time,inference time,training_probe flops,inference flops
0,0.9088,126.36059331893921,30.8741455078125,0.13685759999999997,53.19912
