,acc_overall,training_probe time,inference time,training_probe flops,inference flops
0,0.3934,127.96075749397278,20.050124645233154,0.20275200000000004,181.76616
