,acc_overall,training_probe time,inference time,training_probe flops,inference flops
0,0.3951,123.9632818698883,28.93785333633423,0.20275200000000004,178.35984
