,acc_overall,training_probe time,inference time,training_probe flops,inference flops
0,0.5072,1374.912493467331,31.955368757247925,1.6220160000000003,5771.36196
