,acc_overall,training_probe time,inference time,training_probe flops,inference flops
0,0.5749,4814.938477516174,44.87673330307007,3.2440320000000007,9945.64656
