,acc_overall,training_probe time,inference time,training_probe flops,inference flops
0,0.3297,318.5872209072113,36.0842649936676,0.8110080000000002,2209.55964
