,acc_overall,training_probe time,inference time,training_probe flops,inference flops
0,0.5402,4840.13627910614,36.6982696056366,3.2440320000000007,7829.2308
