,acc_overall,training_probe time,inference time,training_probe flops,inference flops
0,0.144,74.14718246459961,20.375746250152588,0.10137600000000002,37.19304
