,acc_overall,training_probe time,inference time,training_probe flops,inference flops
0,0.228,94.30512356758118,10.180984735488892,0.4055040000000001,635.049
