,acc_overall,training_probe time,inference time,training_probe flops,inference flops
0,0.7643,115.09765243530273,29.914226770401,0.13685759999999997,50.64436
