,acc_overall,training_probe time,inference time,training_probe flops,inference flops
0,0.9808,141.55077719688416,31.886951446533203,0.13685760000000002,34.25228
