,acc_overall,training_probe time,inference time,training_probe flops,inference flops
0,0.396,115.50217652320862,28.379213094711304,0.20275200000000004,183.53088
