,acc_overall,training_probe time,inference time,training_probe flops,inference flops
0,0.3917,161.50886487960815,33.38201022148132,0.20275200000000004,182.19708
