,acc_overall,training_probe time,inference time,training_probe flops,inference flops
0,0.7179,114.7958242893219,23.542841911315918,0.13685759999999997,53.15288
