,acc_overall,training_probe time,inference time,training_probe flops,inference flops
0,0.4007,126.37963032722473,28.84026575088501,0.20275200000000004,180.35028
