,acc_overall,training_probe time,inference time,training_probe flops,inference flops
0,0.962,112.13767743110657,28.063142776489258,0.13685760000000002,45.6042
