,acc_overall,training_probe time,inference time,training_probe flops,inference flops
0,0.9703,130.1478579044342,24.421677589416504,0.13685759999999997,36.6452
