,acc_overall,training_probe time,inference time,training_probe flops,inference flops
0,0.5098,106.79487657546997,25.680174350738525,0.20275199999999996,174.3174
