,acc_overall,training_probe time,inference time,training_probe flops,inference flops
0,0.916,101.58469605445862,25.621922731399536,0.13685759999999997,51.81192
