,acc_overall,training_probe time,inference time,training_probe flops,inference flops
0,0.2299,171.9753577709198,92.92231345176697,0.4055040000000001,621.314
