,acc_overall,training_probe time,inference time,training_probe flops,inference flops
0,0.3383,365.26402711868286,18.283894777297974,0.8110080000000002,2169.39924
