,acc_overall,training_probe time,inference time,training_probe flops,inference flops
0,0.1524,129.38830590248108,35.83348488807678,0.10137600000000002,36.09308
