,acc_overall,training_probe time,inference time,training_probe flops,inference flops
0,0.1524,97.37076759338379,10.917327642440796,0.10137600000000002,36.09308
