,acc_overall,training_probe time,inference time,training_probe flops,inference flops
0,0.5055,1677.8668172359467,22.386784076690674,1.6220160000000003,5813.47912
