,acc_overall,training_probe time,inference time,training_probe flops,inference flops
0,0.9722,134.0055205821991,28.554868459701538,0.13685759999999997,36.39088
