,acc_overall,training_probe time,inference time,training_probe flops,inference flops
0,0.3935,162.37637567520142,38.58426547050476,0.20275200000000004,182.48436
