,acc_overall,training_probe time,inference time,training_probe flops,inference flops
0,0.7666,112.3898434638977,16.95551300048828,0.13685759999999997,48.40172
