,acc_overall,training_probe time,inference time,training_probe flops,inference flops
0,0.4162,153.15192008018494,29.04535174369812,0.20275200000000004,169.10532
