,acc_overall,training_probe time,inference time,training_probe flops,inference flops
0,0.9687,121.9545156955719,28.11130666732788,0.13685759999999997,14.28816
