,acc_overall,training_probe time,inference time,training_probe flops,inference flops
0,0.494,52.51211333274841,9.324079275131226,0.20275199999999996,171.89604
