,acc_overall,training_probe time,inference time,training_probe flops,inference flops
0,0.9151,103.14241051673889,24.80286455154419,0.13685759999999997,52.0778
