,acc_overall,training_probe time,inference time,training_probe flops,inference flops
0,0.2912,46.7535126209259,23.344919443130493,0.10137599999999998,33.34832
