,acc_overall,training_probe time,inference time,training_probe flops,inference flops
0,0.6501,1872.6013519763947,26.539182901382446,1.6220159999999997,5329.21372
