,acc_overall,training_probe time,inference time,training_probe flops,inference flops
0,0.5418,603.9053049087524,32.60026407241821,0.8110079999999998,1984.98924
