,acc_overall,training_probe time,inference time,training_probe flops,inference flops
0,0.4461,277.79600739479065,18.092379570007324,0.4055039999999999,562.356
