,acc_overall,training_probe time,inference time,training_probe flops,inference flops
0,0.2912,118.56492614746094,23.610199451446533,0.10137599999999998,33.34832
