,acc_overall,training_probe time,inference time,training_probe flops,inference flops
0,0.7487,90.34454417228699,22.943329095840454,0.13685759999999997,51.39576
