,acc_overall,training_probe time,inference time,training_probe flops,inference flops
0,0.4021,142.47867512702942,23.85930895805359,0.20275200000000004,181.00692
