,acc_overall,training_probe time,inference time,training_probe flops,inference flops
0,0.5033,64.6791000366211,6.98390531539917,0.20275199999999996,159.00948
