,acc_overall,training_probe time,inference time,training_probe flops,inference flops
0,0.6045,4887.428363323212,86.70409607887268,3.2440319999999994,12121.37964
