,acc_overall,training_probe time,inference time,training_probe flops,inference flops
0,0.4795,1500.8087170124054,29.275152921676636,1.6220159999999997,6028.98132
