,acc_overall,training_probe time,inference time,training_probe flops,inference flops
0,0.6277,6904.293664693832,39.1183717250824,3.2440319999999994,7461.52896
