,acc_overall,training_probe time,inference time,training_probe flops,inference flops
0,0.2678,375.99610662460327,50.74885106086731,0.8110079999999998,2179.07052
