,acc_overall,training_probe time,inference time,training_probe flops,inference flops
0,0.1385,141.4842631816864,25.658730268478394,0.4055039999999999,622.339
