,acc_overall,training_probe time,inference time,training_probe flops,inference flops
0,0.1175,48.662187814712524,21.064833164215088,0.10137599999999998,37.17248
