,acc_overall,training_probe time,inference time,training_probe flops,inference flops
0,0.5516,379.5569362640381,51.196361780166626,0.8110079999999998,2136.04152
