,acc_overall,training_probe time,inference time,training_probe flops,inference flops
0,0.6543,1502.2560257911682,36.14992642402649,1.6220159999999997,5618.78968
