,acc_overall,training_probe time,inference time,training_probe flops,inference flops
0,0.465,98.47337555885315,9.806354999542236,0.4055039999999999,618.321
