,acc_overall,training_probe time,inference time,training_probe flops,inference flops
0,0.669,3969.9294407367706,45.88531851768494,3.2440319999999994,10023.3162
