,acc_overall,training_probe time,inference time,training_probe flops,inference flops
0,0.633,4884.951837539673,37.805466413497925,3.2440319999999994,8141.87568
