,acc_overall,training_probe time,inference time,training_probe flops,inference flops
0,0.2698,130.47835493087769,35.71217942237854,0.10137599999999998,36.12392
