,acc_overall,training_probe time,inference time,training_probe flops,inference flops
0,0.904,139.8438241481781,28.001818656921387,0.13685759999999997,54.78284
