,acc_overall,training_probe time,inference time,training_probe flops,inference flops
0,0.7646,112.65823411941528,26.956491470336914,0.13685759999999997,50.23976
