,acc_overall,training_probe time,inference time,training_probe flops,inference flops
0,0.7203,101.90239906311035,30.2224702835083,0.13685759999999997,53.31472
