,acc_overall,training_probe time,inference time,training_probe flops,inference flops
0,0.9544,128.6167130470276,32.60240292549133,0.13685760000000002,51.18768
