,acc_overall,training_probe time,inference time,training_probe flops,inference flops
0,0.9051,105.49244260787964,28.904489040374756,0.13685759999999997,52.309
