,acc_overall,training_probe time,inference time,training_probe flops,inference flops
0,0.3849,127.01321172714233,28.41135883331299,0.20275200000000004,184.59792
