,acc_overall,training_probe time,inference time,training_probe flops,inference flops
0,0.7209,162.076801776886,27.843750715255737,0.13685759999999997,51.36108
