,acc_overall,training_probe time,inference time,training_probe flops,inference flops
0,0.3508,208.19797229766846,23.32303237915039,0.8110080000000002,2111.37156
