,acc_overall,training_probe time,inference time,training_probe flops,inference flops
0,0.1511,13.00387454032898,3.0058581829071045,0.10137600000000002,34.40716
