,acc_overall,training_probe time,inference time,training_probe flops,inference flops
0,0.519,1444.3639352321625,29.765355348587036,1.6220160000000003,5610.92344
