,acc_overall,training_probe time,inference time,training_probe flops,inference flops
0,0.5774,3023.785265684128,44.05181813240051,3.2440320000000007,9952.52868
