,acc_overall,training_probe time,inference time,training_probe flops,inference flops
0,0.5424,4868.0477430820465,46.29952120780945,3.2440320000000007,7979.32656
