,acc_overall,training_probe time,inference time,training_probe flops,inference flops
0,0.9718,136.05651688575745,30.08481478691101,0.13685759999999997,35.35048
