,acc_overall,training_probe time,inference time,training_probe flops,inference flops
0,0.5794,3027.5703155994415,43.480743408203125,3.2440320000000007,9822.09612
