,acc_overall,training_probe time,inference time,training_probe flops,inference flops
0,0.3678,187.34536504745483,23.621413469314575,0.8110080000000002,2049.32784
