,acc_overall,training_probe time,inference time,training_probe flops,inference flops
0,0.2556,106.85176396369934,11.035389184951782,0.4055040000000001,493.599
