,acc_overall,training_probe time,inference time,training_probe flops,inference flops
0,0.1683,36.23647689819336,8.553330421447754,0.10137600000000002,31.93996
