,acc_overall,training_probe time,inference time,training_probe flops,inference flops
0,0.5157,1342.0161151885986,29.939205646514893,1.6220160000000003,5482.11376
