,acc_overall,training_probe time,inference time,training_probe flops,inference flops
0,0.5398,4734.922476530075,43.906707525253296,3.2440320000000007,7886.90952
