,acc_overall,training_probe time,inference time,training_probe flops,inference flops
0,0.7498,110.26031422615051,25.659876346588135,0.13685759999999997,51.65008
