,acc_overall,training_probe time,inference time,training_probe flops,inference flops
0,0.2319,59.936219215393066,8.67368769645691,0.4055040000000001,606.021
