,acc_overall,training_probe time,inference time,training_probe flops,inference flops
0,0.5353,3019.073587179184,35.46795201301575,3.2440320000000007,7848.894
