,acc_overall,training_probe time,inference time,training_probe flops,inference flops
0,0.3334,120.28114771842957,19.725433111190796,0.8110080000000002,2180.05404
