,acc_overall,training_probe time,inference time,training_probe flops,inference flops
0,0.5034,1216.8242247104645,29.413808822631836,1.6220160000000003,5743.994
