,acc_overall,training_probe time,inference time,training_probe flops,inference flops
0,0.1473,16.150362253189087,2.110987901687622,0.10137600000000002,36.21644
