,acc_overall,training_probe time,inference time,training_probe flops,inference flops
0,0.5711,3030.8861241340637,44.256418228149414,3.2440320000000007,10032.82008
