,acc_overall,training_probe time,inference time,training_probe flops,inference flops
0,0.9636,130.3486442565918,19.01014733314514,0.13685760000000002,47.38444
