,acc_overall,training_probe time,inference time,training_probe flops,inference flops
0,0.5436,309.226037979126,42.785680055618286,0.8110079999999998,2106.29004
