,acc_overall,training_probe time,inference time,training_probe flops,inference flops
0,0.2806,62.01485514640808,21.964473724365234,0.10137599999999998,35.39404
