,acc_overall,training_probe time,inference time,training_probe flops,inference flops
0,0.6492,1375.907297372818,25.099751949310303,1.6220159999999997,5514.562
