,acc_overall,training_probe time,inference time,training_probe flops,inference flops
0,0.671,4729.868726968765,43.791643142700195,3.2440319999999994,9789.32412
