,acc_overall,training_probe time,inference time,training_probe flops,inference flops
0,0.6307,3010.3214206695557,36.31750822067261,3.2440319999999994,8080.91976
