,acc_overall,training_probe time,inference time,training_probe flops,inference flops
0,0.3958,116.36354351043701,20.581128120422363,0.20275200000000004,184.55688
