,acc_overall,training_probe time,inference time,training_probe flops,inference flops
0,0.3956,127.93765640258789,36.912126541137695,0.20275200000000004,176.53356
