,acc_overall,training_probe time,inference time,training_probe flops,inference flops
0,0.9517,141.5651741027832,15.940255641937256,0.13685760000000002,52.40148
