,acc_overall,training_probe time,inference time,training_probe flops,inference flops
0,0.3985,127.34825658798218,28.392914056777954,0.20275200000000004,180.69912
