,acc_overall,training_probe time,inference time,training_probe flops,inference flops
0,0.6623,4717.777754068375,42.951894760131836,3.2440319999999994,9665.77368
