,acc_overall,training_probe time,inference time,training_probe flops,inference flops
0,0.4331,71.58444547653198,9.797771215438843,0.4055039999999999,583.799
