,acc_overall,training_probe time,inference time,training_probe flops,inference flops
0,0.2685,66.7483901977539,17.36017656326294,0.10137599999999998,34.72584
