,acc_overall,training_probe time,inference time,training_probe flops,inference flops
0,0.6483,1608.4121465682983,27.12922739982605,1.6220159999999997,5437.70228
