,acc_overall,training_probe time,inference time,training_probe flops,inference flops
0,0.6338,3012.175535917282,35.78208661079407,3.2440319999999994,7949.17632
