,acc_overall,training_probe time,inference time,training_probe flops,inference flops
0,0.5331,323.93058943748474,24.956376791000366,0.8110079999999998,2080.1448
