,acc_overall,training_probe time,inference time,training_probe flops,inference flops
0,0.9479,151.26630783081055,24.1256844997406,0.13685760000000002,52.12404
