,acc_overall,training_probe time,inference time,training_probe flops,inference flops
0,0.9066,109.8552656173706,27.699265241622925,0.13685759999999997,52.309
