,acc_overall,training_probe time,inference time,training_probe flops,inference flops
0,0.402,137.78709411621094,26.925053119659424,0.20275200000000004,179.73468
