,acc_overall,training_probe time,inference time,training_probe flops,inference flops
0,0.8997,109.18771934509277,28.766841888427734,0.13685759999999997,54.7944
