,acc_overall,training_probe time,inference time,training_probe flops,inference flops
0,0.5029,105.21525239944458,22.65292191505432,0.20275199999999996,174.74832
