,acc_overall,training_probe time,inference time,training_probe flops,inference flops
0,0.4337,205.60777115821838,15.618280410766602,0.20275200000000004,151.1298
