,acc_overall,training_probe time,inference time,training_probe flops,inference flops
0,0.9141,147.15441823005676,29.836499214172363,0.13685759999999997,52.72516
