,acc_overall,training_probe time,inference time,training_probe flops,inference flops
0,0.2952,132.06727194786072,18.661197423934937,0.20275200000000004,13.851
