,acc_overall,training_probe time,inference time,training_probe flops,inference flops
0,0.7486,91.89005780220032,24.473094701766968,0.13685759999999997,51.41888
