,acc_overall,training_probe time,inference time,training_probe flops,inference flops
0,0.7521,95.74651765823364,26.96341609954834,0.13685759999999997,52.00844
