,acc_overall,training_probe time,inference time,training_probe flops,inference flops
0,0.7552,97.09130525588989,25.597797632217407,0.13685759999999997,51.11832
