,acc_overall,training_probe time,inference time,training_probe flops,inference flops
0,0.9598,121.2770779132843,24.141159772872925,0.13685760000000002,49.26872
