,acc_overall,training_probe time,inference time,training_probe flops,inference flops
0,0.4072,146.70093274116516,22.763921976089478,0.20275200000000004,171.4446
