,acc_overall,training_probe time,inference time,training_probe flops,inference flops
0,0.3901,141.46513557434082,26.89372682571411,0.20275200000000004,184.45428
