,acc_overall,training_probe time,inference time,training_probe flops,inference flops
0,0.9261,102.72285985946655,26.933328866958618,0.13685759999999997,50.70216
