,acc_overall,training_probe time,inference time,training_probe flops,inference flops
0,0.4093,100.95673274993896,24.84964919090271,0.20275199999999996,16.16976
