,acc_overall,training_probe time,inference time,training_probe flops,inference flops
0,0.9483,106.86082673072815,29.995262384414673,0.13685760000000002,50.70216
