,acc_overall,training_probe time,inference time,training_probe flops,inference flops
0,0.5063,166.74715638160706,26.128135681152344,0.20275199999999996,171.40356
