,acc_overall,training_probe time,inference time,training_probe flops,inference flops
0,0.9177,104.65458035469055,26.741994619369507,0.13685759999999997,51.70788
