,acc_overall,training_probe time,inference time,training_probe flops,inference flops
0,0.5007,112.79920673370361,24.04735493659973,0.20275199999999996,174.5226
