,acc_overall,training_probe time,inference time,training_probe flops,inference flops
0,0.9457,125.80179834365845,25.35126566886902,0.13685760000000002,52.84076
