,acc_overall,training_probe time,inference time,training_probe flops,inference flops
0,0.4941,118.92811512947083,20.160388469696045,0.20275199999999996,173.31192
