,acc_overall,training_probe time,inference time,training_probe flops,inference flops
0,0.4601,123.00619435310364,21.74984121322632,0.20275200000000004,117.51804
