,acc_overall,training_probe time,inference time,training_probe flops,inference flops
0,0.9582,111.91820645332336,26.434237957000732,0.13685760000000002,49.63864
