,acc_overall,training_probe time,inference time,training_probe flops,inference flops
0,0.9072,113.77954959869385,27.11719560623169,0.13685759999999997,52.35524
