,acc_overall,training_probe time,inference time,training_probe flops,inference flops
0,0.9458,118.98130750656128,27.822503566741943,0.13685760000000002,52.57488
