,acc_overall,training_probe time,inference time,training_probe flops,inference flops
0,0.628,7809.38889336586,41.16977787017822,3.2440319999999994,8074.69308
