,acc_overall,training_probe time,inference time,training_probe flops,inference flops
0,0.34,57.39079523086548,31.757853746414185,0.10137599999999998,28.91764
