,acc_overall,training_probe time,inference time,training_probe flops,inference flops
0,0.4683,101.87575459480286,35.11747431755066,0.4055039999999999,445.178
