,acc_overall,training_probe time,inference time,training_probe flops,inference flops
0,0.5348,385.72200751304626,46.323970079422,0.8110079999999998,1901.8818
