,acc_overall,training_probe time,inference time,training_probe flops,inference flops
0,0.6416,1526.5870411396027,23.80451726913452,1.6220159999999997,5313.809
