,acc_overall,training_probe time,inference time,training_probe flops,inference flops
0,0.6628,4081.347344636917,46.104692220687866,3.2440319999999994,10115.0778
