,acc_overall,training_probe time,inference time,training_probe flops,inference flops
0,0.5091,125.35775923728943,22.823346853256226,0.20275199999999996,175.0356
