,acc_overall,training_probe time,inference time,training_probe flops,inference flops
0,0.503,261.85738706588745,30.730708599090576,0.20275199999999996,175.09716
