,acc_overall,training_probe time,inference time,training_probe flops,inference flops
0,0.9696,124.1754891872406,26.76561450958252,0.13685760000000002,44.37884
