,acc_overall,training_probe time,inference time,training_probe flops,inference flops
0,0.7326,114.89279365539551,17.72434973716736,0.13685759999999997,51.2686
