,acc_overall,training_probe time,inference time,training_probe flops,inference flops
0,0.9476,142.99507212638855,26.858542680740356,0.13685760000000002,52.10092
