,acc_overall,training_probe time,inference time,training_probe flops,inference flops
0,0.7744,135.3619508743286,30.460098028182983,0.13685759999999997,46.42496
