,acc_overall,training_probe time,inference time,training_probe flops,inference flops
0,0.5343,92.9373722076416,29.214860200881958,0.20275199999999996,144.19404
