,acc_overall,training_probe time,inference time,training_probe flops,inference flops
0,0.4049,118.5586941242218,20.22329878807068,0.4055039999999999,358.217
