,acc_overall,training_probe time,inference time,training_probe flops,inference flops
0,0.6257,7529.491478443146,47.680662393569946,3.2440319999999994,7842.66732
