,acc_overall,training_probe time,inference time,training_probe flops,inference flops
0,0.5009,396.1080937385559,45.7186176776886,0.8110079999999998,1822.7904
