,acc_overall,training_probe time,inference time,training_probe flops,inference flops
0,0.3093,44.973790884017944,22.212204456329346,0.10137599999999998,23.63372
