,acc_overall,training_probe time,inference time,training_probe flops,inference flops
0,0.6493,4306.2380266189575,47.21101641654968,3.2440319999999994,10368.40536
