,acc_overall,training_probe time,inference time,training_probe flops,inference flops
0,0.6253,1436.9616837501526,24.65462636947632,1.6220159999999997,5250.22356
