,acc_overall,training_probe time,inference time,training_probe flops,inference flops
0,0.9037,94.34039759635925,22.38739800453186,0.13685759999999997,53.28004
