,acc_overall,training_probe time,inference time,training_probe flops,inference flops
0,0.9641,146.10170006752014,25.90454649925232,0.13685760000000002,46.97984
