,acc_overall,training_probe time,inference time,training_probe flops,inference flops
0,0.5106,1351.0313799381256,31.367117881774902,1.6220160000000003,5751.69636
