,acc_overall,training_probe time,inference time,training_probe flops,inference flops
0,0.5772,4873.713803291321,44.985268354415894,3.2440320000000007,9990.21648
