,acc_overall,training_probe time,inference time,training_probe flops,inference flops
0,0.5354,4750.877200603485,37.01285219192505,3.2440320000000007,7865.93544
