,acc_overall,training_probe time,inference time,training_probe flops,inference flops
0,0.2434,76.61204028129578,8.464010238647461,0.4055040000000001,622.503
