,acc_overall,training_probe time,inference time,training_probe flops,inference flops
0,0.3324,323.4073522090912,22.7392475605011,0.8110080000000002,2196.03624
