,acc_overall,training_probe time,inference time,training_probe flops,inference flops
0,0.1516,71.61198472976685,20.180694580078125,0.10137600000000002,36.79212
