,acc_overall,training_probe time,inference time,training_probe flops,inference flops
0,0.7466,117.94301676750183,31.76044249534607,0.13685759999999997,50.81776
