,acc_overall,training_probe time,inference time,training_probe flops,inference flops
0,0.4066,156.9953532218933,33.25056791305542,0.20275200000000004,176.63616
