,acc_overall,training_probe time,inference time,training_probe flops,inference flops
0,0.3925,198.50528717041016,32.08464765548706,0.20275200000000004,182.81268
