,acc_overall,training_probe time,inference time,training_probe flops,inference flops
0,0.3894,194.246901512146,29.661169290542603,0.20275200000000004,182.56644
