,acc_overall,training_probe time,inference time,training_probe flops,inference flops
0,0.8227,152.23866295814514,44.13935160636902,0.13685759999999997,34.07888
