,acc_overall,training_probe time,inference time,training_probe flops,inference flops
0,0.5073,112.04689049720764,29.37021279335022,0.20275199999999996,174.99456
