,acc_overall,training_probe time,inference time,training_probe flops,inference flops
0,0.2178,33.288719177246094,7.295939683914185,0.4055040000000001,647.226
