,acc_overall,training_probe time,inference time,training_probe flops,inference flops
0,0.1298,11.882947206497192,4.533797264099121,0.10137600000000002,37.69676
