,acc_overall,training_probe time,inference time,training_probe flops,inference flops
0,0.5341,3014.229709148407,35.89177131652832,3.2440320000000007,7972.11672
