,acc_overall,training_probe time,inference time,training_probe flops,inference flops
0,0.5749,3028.2099199295044,44.886340856552124,3.2440320000000007,10177.01688
