,acc_overall,training_probe time,inference time,training_probe flops,inference flops
0,0.5006,829.8431446552277,29.733086347579956,1.6220160000000003,5824.62296
