,acc_overall,training_probe time,inference time,training_probe flops,inference flops
0,0.327,122.15949201583862,20.777120351791382,0.8110080000000002,2223.5748
