,acc_overall,training_probe time,inference time,training_probe flops,inference flops
0,0.7325,168.1261339187622,28.943284511566162,0.13685759999999997,51.51136
