,acc_overall,training_probe time,inference time,training_probe flops,inference flops
0,0.3016,155.12443208694458,27.596604108810425,0.20275199999999996,0.2052
