,acc_overall,training_probe time,inference time,training_probe flops,inference flops
0,0.9453,107.23524451255798,28.910432815551758,0.13685760000000002,53.45344
