,acc_overall,training_probe time,inference time,training_probe flops,inference flops
0,0.5001,125.67146801948547,23.651062965393066,0.20275199999999996,175.01508
