,acc_overall,training_probe time,inference time,training_probe flops,inference flops
0,0.5085,126.02889251708984,28.544541120529175,0.20275199999999996,175.17924
