,acc_overall,training_probe time,inference time,training_probe flops,inference flops
0,0.1515,107.71913027763367,27.325733423233032,0.10137600000000002,36.53512
