,acc_overall,training_probe time,inference time,training_probe flops,inference flops
0,0.335,303.01514077186584,13.086547613143921,0.8110080000000002,2183.08656
