,acc_overall,training_probe time,inference time,training_probe flops,inference flops
0,0.2256,146.71075010299683,56.945568799972534,0.4055040000000001,631.072
