,acc_overall,training_probe time,inference time,training_probe flops,inference flops
0,0.5036,1454.5239307880402,25.756569147109985,1.6220160000000003,5821.67312
