,class_val_corr,class_val_org
0,-0.044745662871991235,0.08150889099625146
1,0.04655133301654113,-0.05517327588537383
2,-0.07399543982923587,-0.06634893515295018
3,-0.029066932629070324,-0.012123654363468801
4,-0.011177929213571433,0.018863531552946233
5,0.021415337949576674,0.0074727095075622614
6,-0.004370760593651651,0.04080616134857015
7,-0.03521268284801324,0.0284297592216382
8,-0.030158164376111518,-0.07866423059829149
9,0.10198446827297894,0.14509185378513414
