,class_val_corr,class_val_org
0,0.03583658759744646,0.1948661796713515
1,0.15826601595927942,0.2553714967276167
2,-0.12875614865207374,0.07297671203223005
3,0.052033618087833175,0.09727945387979525
4,-0.03412488552046636,0.07376520912790138
5,0.0894894075997124,0.20510965313527052
6,0.06759078199231643,0.17175230493061933
7,0.013758889754972452,-0.10154739445218144
8,0.028514391997175162,0.19485580601411728
9,0.22221549041606609,0.32755847445620323
