,class_val_corr,class_val_org
0,0.25337283896349816,0.07053085114822998
1,0.3183686179578089,-0.12663126380872033
2,0.243562365986253,0.054382272577906454
3,-0.2502456987085888,0.06258042652329773
4,0.2494726491537887,0.06644391623669496
5,-0.29180230680365293,-0.09323136517799971
6,0.2662341149301938,-0.07608916829648311
7,-0.26218564059461114,0.08887991007315521
8,-0.26743770456708904,0.05999770609051404
9,0.27925121733246044,0.10785475104976566
