,class_val_corr,class_val_org
0,0.2571407217104974,0.07524648542246902
1,0.31793945100011395,-0.10779299811341408
2,0.24444220061762145,0.04530653021896106
3,0.28888005289238394,-0.10246550797834535
4,-0.2567107422633007,0.06619775951455256
5,-0.2994749418718379,-0.10576212150931542
6,0.2862761184986234,0.0883543165200932
7,-0.2577468621664846,-0.06503410042417611
8,0.26903401314912156,0.052788910621659316
9,0.29890842786768046,0.12093049100693765
