,class_val_corr,class_val_org
0,0.26844296829494085,0.08862377673752245
1,0.32501316168266087,-0.12208077812301053
2,-0.25586690762013653,0.05182231817675712
3,-0.25340545307217155,0.05771770857287052
4,0.27160956741371817,0.08451628772340006
5,0.30163782617528057,0.0996242085950585
6,0.27186689583016216,-0.06345535000344774
7,-0.2817744193934546,-0.09176817036595397
8,-0.29549077630793547,0.07830588994325323
9,0.30338845611949544,0.12474775445571099
