,class_val_corr,class_val_org
0,0.24338718932549847,-0.03848618708724186
1,0.3186317651881431,-0.0988202752857054
2,-0.2747244528953898,0.06985724175492075
3,0.27870327441804243,0.08138184405093694
4,0.27377195934585186,0.0733383631045802
5,0.3232533744052153,0.12543411527145798
6,0.2876084718822598,-0.07719689002085665
7,-0.2899345790471166,-0.09420568441778368
8,0.2772611064450118,0.0625870882860579
9,0.3194909834490874,0.13467627779605867
