,class_val_corr,class_val_org
0,0.035983620984222475,0.18143067941028423
1,0.1667229830153502,0.2617226255236774
2,-0.12161862554324818,0.06998894902677902
3,0.061017790706706924,0.10425668695856088
4,-0.03391187397837957,0.06889374253081904
5,0.0999900945005715,0.20005639091360736
6,0.06161015945579881,0.15758775076159143
7,0.02810570911929307,-0.11928636660576195
8,0.02943629089416085,0.18356227899496136
9,0.21311978334458503,0.30882626588839834
