,class_val_corr,class_val_org
0,-0.2583299758944928,0.04714300161845187
1,-0.3202012978557476,-0.10559898300144846
2,-0.2719540716721316,0.05937753678387197
3,-0.2974540882412591,0.09446477727879095
4,-0.2641934745678265,0.05450318803297771
5,0.33677051835971294,0.1332614403677796
6,-0.29696178984576316,0.09239380969389668
7,0.29842606705267605,0.09796410698831831
8,0.2766337159934497,-0.05552258954310027
9,0.3248460519592188,0.14294176995838673
