,class_val_corr,class_val_org
0,0.2850919399188893,0.08205314360033997
1,-0.3448880204197207,0.13741815649206637
2,-0.24371085194951375,0.02043359726571483
3,-0.29750117510223323,-0.08894793458284957
4,-0.2779417996025309,0.06484212367905401
5,0.32728391882705754,0.11897565566868115
6,0.29815062539233966,-0.07562358046700976
7,-0.2907035707054415,0.08090220999336642
8,-0.30816239559652836,-0.08464451419639393
9,0.33348702286949033,0.14045561207747698
