,class_val_corr,class_val_org
0,-0.30692294612550985,0.10392567837899241
1,-0.3200603456905422,-0.09185537695532144
2,0.27376730692397305,0.04730016721649504
3,-0.3054730388979147,0.10080340879120159
4,-0.27213011998795483,-0.05322819089430244
5,-0.334974770143004,-0.12030577345876953
6,-0.3094191417613264,0.08890631004474704
7,-0.2967794806865145,0.09331106242058401
8,-0.2975093157002412,-0.07932372403913962
9,-0.32930925817596196,0.12866993168895563
