,class_val_corr,class_val_org
0,0.03517749319097284,0.15722293308246085
1,0.17473161855151115,0.263090919338585
2,-0.11018747723187029,-0.06327205625009683
3,0.07910211155394756,0.11844079891029248
4,-0.03242310192892686,0.06420031408021896
5,0.11280796141397884,0.19636347536913673
6,0.06398238378420298,0.1456158431299952
7,0.032852908812170956,0.12093302672374681
8,0.0260519107321915,0.16154797750441072
9,0.20076677128905393,0.2885388182532365
