,class_val_corr,class_val_org
0,-0.2897336023947341,0.07548135022395884
1,-0.32495786787784203,-0.09567301987743976
2,-0.2961255837608764,0.08107654728223981
3,-0.3119649555746963,0.09556609208869457
4,-0.2887967128723013,0.07483131653552563
5,-0.323970247562557,0.1018505722216569
6,-0.30570765353648255,0.07918187297242832
7,-0.31584905963778626,-0.10452658054953813
8,-0.32044544948755266,-0.0934909548497923
9,-0.3333543113025776,0.13054329089679467
