,class_val_corr,class_val_org
0,0.3100928471343678,0.08813730023655673
1,-0.3229340725535358,0.08035609648043221
2,-0.2954400973164295,0.06142781807926791
3,-0.3005359942416449,0.07539419077921095
4,0.3046959632620324,-0.07921511358376165
5,-0.3399711531530661,-0.11580869139073198
6,-0.33340117292649857,0.10612898851696558
7,-0.32029127790240375,0.096773235036147
8,-0.34531711200813286,0.10900370844109936
9,0.33702968860048466,0.12347610759556317
