,class_val_corr,class_val_org
0,-0.31532104568641584,0.09496478077390683
1,-0.32119971116441676,-0.08597196037326646
2,-0.2969667160677607,0.059370586245984756
3,0.2910069068757779,-0.05895463715309076
4,0.3058142222130552,0.08371053533159604
5,0.36160191806757963,0.15079615640385477
6,-0.32808089588635386,0.10158760536671947
7,0.33060358776827536,-0.11432374219865674
8,0.32374250148245565,-0.07695769186184413
9,0.3440441861316363,0.12699175994480286
