,class_val_corr,class_val_org
0,0.037848679369686916,0.1393027880322572
1,0.18419092715504373,-0.2623878177875678
2,-0.09406835401817809,0.05340735046315072
3,0.09887977488842038,0.13076250148565044
4,-0.02801867642644479,0.058692498944820794
5,-0.12475518390687622,-0.1905541944172337
6,0.0688070292054709,0.1340294837731183
7,0.0339494915884738,0.11182549598587846
8,0.02009404117684197,0.13293456286567557
9,0.18900161536043253,0.27038901559698203
