,class_val_corr,class_val_org
0,0.30514434885098873,-0.07410770995258678
1,-0.3558351019087339,0.121261566915035
2,-0.306513843064243,0.06488307676610683
3,-0.3277570426231554,0.10180543898237118
4,0.30574979408630154,-0.07422276720741164
5,0.33265835158562684,-0.09350056670897128
6,-0.34347313367270316,0.10968157461942585
7,-0.31977719702298746,0.08641825301227771
8,-0.34693969680787357,-0.10634539504698136
9,-0.3532445938974548,-0.1412139987785729
