,class_val_corr,class_val_org
0,0.30628294895300767,-0.08558357859316112
1,0.3516554252753519,-0.12183398107962218
2,-0.3044172531319416,-0.06081812704192206
3,-0.3281876333134677,0.10230777244676811
4,-0.3053342904596284,-0.08018332539279996
5,-0.380844475122031,0.170380461456137
6,-0.3474060793927274,0.1170180187125541
7,-0.30592830412448324,-0.07809365868705431
8,0.3175533819686588,-0.07469258015568718
9,0.3107963722869328,0.08025436880573325
