,class_val_corr,class_val_org
0,0.33564040985991495,0.12479831989354387
1,-0.3329448485052474,-0.07682330166354187
2,-0.3001331438774274,0.05987829122877758
3,-0.30499719706638895,0.07287376506508028
4,-0.3091451620399579,0.07832405095654738
5,0.3548098113282154,-0.12166462285363376
6,-0.34400837219775127,0.11760211966074617
7,-0.31369252972470624,-0.08057590535028286
8,0.3323567597434629,-0.0797707874945413
9,0.3582358160861687,0.14833169380129288
