,class_val_corr,class_val_org
0,-0.30773977386615126,0.07109879532937556
1,-0.3537133628312098,0.10609162181261796
2,-0.32836965634842347,-0.08995949009314895
3,0.3154282130915074,0.07707400000036324
4,0.3222383847113805,0.09466991442710702
5,0.3503703761797927,0.11179996312068823
6,0.3564991250730731,0.12594036263683622
7,-0.3090377719690959,0.07290141525689939
8,0.3470438363779116,-0.10313280981548784
9,0.33328684285277177,0.10337924509564271
