,class_val_corr,class_val_org
0,0.04502389418129464,0.13029027230430512
1,0.19212787337017073,-0.2602157729902963
2,-0.07181682175195223,-0.03905150266422381
3,0.11515090386205112,0.13972812944107163
4,-0.016672156170048316,0.057237819478830665
5,0.12908148825263555,-0.17859735844226302
6,0.0786312268452653,0.12448119299637915
7,0.038548389467654334,-0.10363073165320183
8,0.01353361509239827,0.10630721975887417
9,0.17575202685480013,0.24885926759849175
