,class_val_corr,class_val_org
0,0.3283229901356878,0.09786819929023174
1,-0.3458905602722078,-0.09010457065167458
2,-0.3357494144110913,0.09812163962878932
3,-0.3169598276953424,0.08045183505773526
4,0.32105536123603495,-0.08412797229066994
5,-0.3506008964355766,-0.11077595837491848
6,0.3458057797357068,0.10848558305280633
7,-0.32708594990221174,0.08679951790570423
8,0.3374920248611083,-0.0854829374551582
9,-0.33821794467154703,0.10492164852534824
