,class_val_corr,class_val_org
0,-0.32924986405988677,-0.0978590375797811
1,-0.3536543616036098,-0.106834826377216
2,-0.29792486971300913,-0.05666364937356626
3,-0.3313272836756233,0.10041753120212435
4,-0.32737884238594095,-0.10204729039663178
5,0.3085891582118114,0.0602388586859036
6,0.35458260895412064,0.13692793533703732
7,0.3264473969209319,0.09443713832674472
8,-0.34332441022208504,-0.10838141132610732
9,0.34057472127561067,0.11913143316210108
