,class_val_corr,class_val_org
0,-0.352807143720179,0.12099478825388925
1,-0.389208549130237,-0.13414774198726692
2,0.3245778057513537,-0.06330249608640778
3,0.33863213551292815,0.08621704413722385
4,-0.33663489347083375,0.09184068866476516
5,0.3587205833747464,-0.09929781476224323
6,-0.373980134229308,-0.13400323358566324
7,-0.3567359664329278,-0.12336682019900555
8,0.35577546365039925,-0.09079730484679621
9,-0.3604600604381055,0.12364075388319136
