,class_val_corr,class_val_org
0,-0.05964478020813524,-0.1267719714747973
1,0.1926301645948648,-0.2453197529236949
2,-0.04724576307220075,-0.023097966053959883
3,0.12411201624058271,-0.14021985583515728
4,-0.002627588182682994,0.05633517277558076
5,0.1285248649916974,0.16145515851409303
6,0.10075884807499534,0.1313273975694014
7,0.04099006105458296,0.0920222053431089
8,0.010826119655301267,0.0870577707358648
9,0.16585217040205938,-0.22883818513229717
