,class_val_corr,class_val_org
0,-0.34528176454306986,0.10343561813482335
1,-0.3721080740807666,-0.11863556285934983
2,0.3293334447163375,-0.07115683607641811
3,-0.33771400740422536,0.09142443712351522
4,0.3347240972014765,-0.09032979801711291
5,0.3578907207797961,-0.09915202721196145
6,-0.3710760497903755,0.12269019288890153
7,-0.35519513757613286,0.11313502300391892
8,-0.37150029406577545,-0.10927758217306988
9,-0.35164212549622836,0.10573384404455827
