,class_val_corr,class_val_org
0,0.342569246266452,0.10657341553875821
1,-0.35927919886447085,-0.10387795314355165
2,0.3354115507540477,-0.08642694580802089
3,-0.3238116706425534,-0.07283210122430614
4,0.34735183807403114,-0.11631164399568927
5,-0.34685966335925006,-0.09159750251298124
6,-0.36337514322652026,0.11992997656161468
7,-0.3385120912674168,0.09906966280406584
8,0.3635914221526743,-0.1071110088396282
9,-0.3601462458723302,0.11778478199815498
