,class_val_corr,class_val_org
0,-0.34117209624365474,0.1031441324049801
1,-0.3663698453847161,-0.11461685060216355
2,-0.33115259923000984,-0.08173708196810085
3,0.3270288997356693,-0.08123022354101687
4,-0.32763324092155977,-0.08830094006762791
5,0.3497290370032222,-0.09583418591148944
6,-0.3471969292417627,0.09028123042590758
7,-0.3511109018802522,0.11606183346245597
8,-0.3514185784231413,-0.09039905564237616
9,-0.35727323399828975,0.1183551493846377
