,class_val_corr,class_val_org
0,0.3351222498895806,0.0967445128941912
1,-0.36165210842522044,-0.10897074735055481
2,-0.3260350112427022,0.07649627332744813
3,0.32965546556476616,0.08735616566845586
4,0.33510958279621494,-0.10293913895784784
5,0.3431377466186518,0.08904351742413877
6,-0.34439700986151645,0.09591450228251854
7,-0.3426278816588837,-0.10865809850940564
8,-0.3561164029162068,-0.09855463021918029
9,-0.353744066742106,0.11263976924675577
