,class_val_corr,class_val_org
0,-0.09800385713740062,-0.13317352710686595
1,0.2017725121087116,0.21621049257664177
2,-0.0012363863372433677,0.0046136050899711085
3,0.11057529639377484,-0.10643488396324553
4,0.040259640644226324,0.0631055616376019
5,-0.10771539691959045,0.09728872268535221
6,0.13586758704532215,0.14008437606928398
7,-0.07514634693135697,0.08981663870414519
8,0.04094069720695774,-0.07435084946749625
9,-0.16257937477299284,0.18829112705371226
