,class_val_corr,class_val_org
0,-0.12720279618820618,0.12964485843387485
1,0.22477089323767627,-0.19304309777490544
2,0.026186927653535256,0.0025999495106809687
3,-0.1062796709518483,0.08621481458387698
4,0.08067950095685308,-0.07655302206385746
5,-0.09092553155517713,-0.03923654969584631
6,-0.12383572463228937,0.10074144306918162
7,0.11933067385664717,0.09871340411174037
8,-0.10579051780547355,0.10088692634024715
9,0.16128651742092281,0.14804316890489408
