,class_val_corr,class_val_org
0,-0.14851461595785212,0.11737001164274802
1,-0.224612069060171,0.14847520008196877
2,-0.06518788265726064,-0.012006274826085383
3,-0.10849853174637003,0.07212687058101783
4,-0.12072062599131436,0.08994051953476631
5,-0.10778288698938238,-0.02377831646807082
6,-0.13397790421645323,0.08624475782188327
7,0.15454501182497585,0.10377475252463705
8,-0.15243329771026815,-0.11401835447280051
9,-0.14514835577339982,0.09809872848576275
