,class_val_corr,class_val_org
0,0.1563936216250636,0.10462197660084419
1,-0.24343470261939593,-0.13408334152826487
2,0.10761695457235945,0.03399438552644935
3,-0.12559115543648627,-0.07184135534511918
4,0.1446826799790156,0.089996592226354
5,-0.13153882798527833,-0.0226918434156385
6,-0.14189149509284268,0.07232779958905403
7,-0.16257481088290193,0.08952470045814884
8,0.15683872348960695,0.08678828647860909
9,-0.16702180466046604,-0.09497323176236953
