,class_val_corr,class_val_org
0,0.1623494356503904,-0.09791340852518746
1,-0.26167312022447675,0.12771582014634178
2,0.1293862929615429,0.036066988733182724
3,-0.13844192091171195,0.06812665320385072
4,0.15488371273716778,0.07879543492603766
5,-0.1391459002571247,0.010042672816691
6,0.13368138547242664,0.038171527962944075
7,0.17642102894587386,0.08914089325150258
8,-0.1772474419152854,-0.0785639524193548
9,0.19062814903909053,0.09408451082138526
