,class_val_corr,class_val_org
0,0.1514231733142738,-0.08038847838399288
1,0.2581180788863963,0.1101169669346282
2,0.15234770133281905,0.050499219159816214
3,0.15917191702367517,-0.08390302851726342
4,0.17330842745806202,0.08594595826616377
5,-0.11987576362021385,0.022652844283980372
6,0.13351447976001954,0.0235633319217204
7,0.19127262535523198,0.09340338320318653
8,-0.1563485083585312,0.03664963972669089
9,-0.215362843369505,0.11262566857070787
