,class_val_corr,class_val_org
0,0.1591904838129477,-0.07809498022988312
1,-0.23324592552795975,0.08849097158269012
2,-0.1673236063302168,-0.05929754371889668
3,-0.14635771897554553,-0.05257097045650844
4,0.1752456265762642,0.08820758420318044
5,0.18148626669287232,-0.037054180326414596
6,0.13333209423426165,0.014877743260534522
7,0.2293473734456266,0.12952424310193938
8,-0.15701633359890624,0.022125830717472667
9,-0.21116608195774905,0.10508373337774556
