,class_val_corr,class_val_org
0,-0.02765331879042089,-0.19721071384086972
1,0.14249300520012412,0.2231431899965596
2,-0.1237071870681245,-0.0722990758170946
3,0.02206537517962896,-0.06547847668213144
4,0.027549661978936643,0.07288084469465816
5,0.04329920693317273,-0.16651896230785043
6,0.07104420653163686,0.1734961901956673
7,0.02212798397846156,0.041786808089342306
8,0.03602238349555523,-0.20261061220612883
9,0.2276145506832529,0.34111818516791315
