,class_val_corr,class_val_org
0,0.1848943531157446,-0.0701294551848812
1,0.3033908393402747,0.1663265125375163
2,0.17015189450924925,-0.04873667586246573
3,0.14539239519513036,-0.039496779426867176
4,0.22164405103925028,0.12043035576204453
5,0.09155048299592018,-0.07120082803951668
6,-0.1528332629521395,0.023122120063564684
7,0.2130939189825077,0.10197464815698794
8,0.22176643544334193,0.08522796833063256
9,0.22649103129813147,0.10886124092177174
