,class_val_corr,class_val_org
0,-0.1941932800659469,-0.060347744320590896
1,0.26749718868524575,0.1230380138422908
2,-0.20730517063816073,0.07456081612752721
3,0.2338218754800889,0.121854323252161
4,-0.19798872997895434,0.07093822273404196
5,-0.23695478063466818,0.08677840189048333
6,-0.15538269268032504,-0.016450282716673502
7,0.16600208124203378,0.03740021717606243
8,0.15935960724508436,-0.011144649809967065
9,0.1809850368483215,0.05885358564529679
