,class_val_corr,class_val_org
0,-0.23323332252837226,0.09995875769180351
1,0.3053134304231048,0.16480600640471824
2,0.20094605197258003,0.05325603220293426
3,0.23271584659030128,0.1169216465854821
4,0.1952180198068026,-0.0652887647046268
5,0.1739318358856292,0.009324674746874772
6,0.22887798107826443,-0.07506801241438243
7,0.19681927888835613,0.06579285060032711
8,-0.1771986863845276,0.01676178070541588
9,0.20648358954257762,0.07554686478525198
