,class_val_corr,class_val_org
0,0.24481847306221577,-0.10363096179572016
1,-0.2775921705286739,0.11851039678788738
2,0.18099830512815196,0.02939256696621887
3,0.18598157421678346,0.046460441728233645
4,0.224788260473699,0.0819036156253155
5,0.21852826742068648,0.05320233153031473
6,0.24779847008185757,0.09508693032380483
7,0.24202206968125267,0.10508810239934022
8,-0.2105743796159204,0.02511974607574366
9,0.22866006424136417,0.09721761724188774
