,class_val_corr,class_val_org
0,0.22638547087659017,-0.07140207759859563
1,-0.2888343172573404,-0.1172962511109815
2,0.1712820801640373,0.0005207252541683865
3,-0.22481241365008134,0.07882467297250442
4,0.23517671248859107,0.08647873406707535
5,0.25325233311231515,-0.08311690631375167
6,0.2533051948143282,0.09154871485234267
7,0.2361607052873801,0.08975107346858935
8,-0.19754447217919285,0.02575984647529357
9,0.2378200018877311,-0.09043569972475485
