,class_val_corr,class_val_org
0,0.2470645605260982,0.07856373370586091
1,0.32704203499514783,0.15707842441357767
2,0.19724418315271716,-0.017711184730406393
3,0.2189980596477316,0.06191517776837004
4,-0.20314830581854693,0.028286859233438443
5,0.27707044545091186,0.09863971749596549
6,0.27022393585751603,0.10347568591090248
7,0.2171450404412758,0.05319127247388172
8,0.2024261739163823,0.015754605497312713
9,0.2741430607196691,0.11876894314615877
