,class_val_corr,class_val_org
0,0.23178964101460192,0.07561502555238575
1,0.3570270051744802,-0.19136969510269597
2,0.18034923086747098,0.013049083271041848
3,0.26569949587592695,-0.10509697147575085
4,0.21331955848677386,0.04033811607858759
5,-0.2706592784659161,-0.08671930762666036
6,0.27986151266346954,0.11127185137477963
7,0.21510168168887936,0.03629882535611976
8,0.2529400939952011,0.05215646011237331
9,0.2612846216762689,0.09703968213246789
