,class_val_corr,class_val_org
0,-0.22609483908507627,0.052289310473786293
1,0.33351793080231384,0.14769330076682505
2,0.22286446596547996,0.03446141259956008
3,-0.26085397498920454,0.09163651762766539
4,0.24297146011739487,0.06859545417853845
5,-0.2560482894621298,0.06265466603020922
6,0.2843936403981279,0.1026383141471168
7,0.2569889076695451,0.0863896270548819
8,-0.26370379212151723,0.07670472992062936
9,0.2621596048951195,0.10653875733757348
