,acc_overall,training_probe time,inference time,training_probe flops,inference flops
0,0.5378,424.30188274383545,32.93970084190369,0.8110079999999998,1876.31028
