,acc_overall,training_probe time,inference time,training_probe flops,inference flops
0,0.3301,152.74792504310608,12.602164268493652,0.10137599999999998,29.01016
