,acc_overall,training_probe time,inference time,training_probe flops,inference flops
0,0.6338,1793.8523004055023,27.792656421661377,1.6220159999999997,5284.14672
