,acc_overall,training_probe time,inference time,training_probe flops,inference flops
0,0.4438,180.2775719165802,16.997196912765503,0.4055039999999999,467.769
