,acc_overall,training_probe time,inference time,training_probe flops,inference flops
0,0.3301,99.60452651977539,12.22507095336914,0.10137599999999998,29.01016
