,acc_overall,training_probe time,inference time,training_probe flops,inference flops
0,0.7517,112.60068488121033,26.29508638381958,0.13685759999999997,51.28016
