,acc_overall,training_probe time,inference time,training_probe flops,inference flops
0,0.9552,125.78505778312683,28.904663562774658,0.13685760000000002,51.16456
