,acc_overall,training_probe time,inference time,training_probe flops,inference flops
0,0.5063,1853.4968674182892,30.224705457687378,1.6220160000000003,5755.4656
