,acc_overall,training_probe time,inference time,training_probe flops,inference flops
0,0.3378,458.55806589126587,18.677157402038574,0.8110080000000002,2141.69676
