,acc_overall,training_probe time,inference time,training_probe flops,inference flops
0,0.1505,64.92999768257141,17.48261833190918,0.10137600000000002,35.49684
