,acc_overall,training_probe time,inference time,training_probe flops,inference flops
0,0.2214,150.73765897750854,28.50068736076355,0.4055040000000001,611.638
