,acc_overall,training_probe time,inference time,training_probe flops,inference flops
0,0.1505,121.11657977104187,21.113768100738525,0.10137600000000002,35.49684
