,acc_overall,training_probe time,inference time,training_probe flops,inference flops
0,0.951,133.2976906299591,25.371567249298096,0.13685759999999997,45.39612
