,class_val_corr,class_val_org
0,-0.004161894193535466,-0.003102507893544889
1,0.0242372024865902,-0.024311841120909984
2,0.03638517667490556,0.03542924911255319
3,-0.042621712560381844,-0.042743424815216036
4,-0.020817725321772722,0.02087188422990587
5,-0.022868867265924277,-0.023059747568130475
6,-0.02075215237599714,0.020369975510860616
7,0.006446204171235111,0.006546294417621853
8,0.017187019628838618,0.0171089531449284
9,-0.03120253582762659,-0.03150527937220324
