,class_val_corr,class_val_org
0,0.18378511810777381,-0.23833223643953533
1,-0.13385043177766434,0.14665103170502236
2,-0.0566116197083671,-0.024872645574669654
3,0.07419645873962172,0.1251356594620372
4,0.08384955573127202,0.14685184147056543
5,0.046117648939050335,0.11070188014040105
6,0.18451632401415768,0.24697655539234165
7,0.033023708424316414,0.05473605926062738
8,0.3062184418900684,0.3454347222120363
9,-0.2954434079373396,0.32625683381451065
