,class_val_corr,class_val_org
0,0.21864121122388616,0.3136477453023978
1,0.34468373708161654,0.40826877825849883
2,-0.0541890783407755,0.1220020733852322
3,-0.24107755498171846,-0.29264524434366856
4,-0.09860216761630222,0.1881069544475647
5,-0.2541155498159077,0.3124372781678485
6,-0.2169536250863874,-0.3029689204229103
7,-0.23802404243250197,-0.31664431642227936
8,-0.23887301296273378,-0.33074352366050513
9,0.2628430717539906,-0.32249148425309987
