,class_val_corr,class_val_org
0,0.269604756252127,-0.2001961220321084
1,-0.34247491427395554,-0.27536772689302547
2,-0.232464419985437,-0.14469907614118133
3,-0.2695217578183238,0.19915871417755499
4,-0.2574105874063886,-0.18504972621453836
5,0.3044501023661935,0.22992968189622578
6,-0.2614976765904376,-0.17513456748438797
7,0.3062773920484191,0.24039170398826784
8,-0.2731765018092064,0.20414239650236038
9,0.3122993197738348,-0.24693002062450944
