,class_val_corr,class_val_org
0,0.2746280157443459,-0.2033076116397306
1,0.3243825478118208,-0.2480227643739123
2,-0.2624464380280499,-0.17742257560144192
3,-0.27607433462073105,-0.20393809832353152
4,-0.27269248608045343,0.20070802098822338
5,-0.3137294825875394,0.2394330670894891
6,0.2894240380294163,-0.20996993861683289
7,0.2871945455249204,-0.21321661451697038
8,-0.2655557472516919,-0.19276745467464795
9,-0.33739732009863693,0.2715825732560866
