,class_val_corr,class_val_org
0,0.2724942951050499,-0.20373993460435316
1,-0.3330125755340858,-0.25940144626925965
2,-0.2764527012053548,-0.18793193120514814
3,0.273559978524775,0.20025167683842782
4,0.25048030143000927,0.17048683080886037
5,0.28718680550037656,0.2058936642135547
6,0.27385150888218995,0.18719923216167553
7,0.31679941993295097,-0.2460365805953763
8,-0.2895242215959623,0.2120417740860585
9,0.3265088848598346,-0.2590474255209953
