,class_val_corr,class_val_org
0,0.28239272395732723,-0.2114636376546671
1,-0.32426002290046946,-0.24959500156676348
2,0.27083547532523916,-0.18705822980724526
3,0.27823396561311337,0.20745541580767868
4,0.2935459546332191,-0.22259056573971664
5,0.305878831922595,0.22532109521351026
6,0.2869832509861726,0.20189599082693518
7,-0.3064946729059775,0.23496223746351488
8,-0.2944315234048825,0.2189995029868236
9,0.3365452400135222,-0.27130159279339033
