,class_val_corr,class_val_org
0,0.3014892115625249,-0.22751507633856427
1,0.31948215308547345,-0.24298260419764844
2,0.27405392716992255,-0.18878047108259705
3,0.2973889412157851,0.22589299218483874
4,0.2705174481480322,0.18850090024782526
5,0.2969957658224014,0.21226213298654825
6,0.26771035279197675,0.17376800538557263
7,0.3177734667078679,-0.24478565021248289
8,-0.28380239331848983,-0.20800797127797344
9,0.31739806869653164,-0.2432865705449847
