,class_val_corr,class_val_org
0,0.28262583947043274,-0.20696079463807793
1,0.3223528824447214,0.2461007756179197
2,-0.27990233020444616,-0.19207653559169324
3,0.2641260862323442,0.18574514490355143
4,-0.27315088338654986,-0.1966020322381886
5,0.2918497235747321,0.20287673426236597
6,0.3114398474945319,0.22230109230081369
7,0.34510098095205205,0.27529133678268025
8,-0.2936510648679104,-0.21365314920312328
9,0.32596997648039494,0.2504839885503471
