,class_val_corr,class_val_org
0,0.30234693684627345,-0.2255670229768004
1,0.3123911966079751,-0.23311177181089662
2,-0.2787684834298638,-0.1928142662152889
3,0.2883185569490932,0.21507993877316986
4,0.2991722328355137,-0.22151751581802423
5,0.32448516975323266,0.24577273501962035
6,0.29889762115690616,0.20877884812206576
7,0.3200630536588562,-0.24615916346940572
8,-0.27328807930023685,-0.19502482371550667
9,0.30882884142173195,-0.2316567740416106
