,class_val_corr,class_val_org
0,0.3065646482636063,0.2318591764138953
1,-0.3313503847956152,-0.2514859371033872
2,-0.285507931754666,-0.19460971103968414
3,0.2691714805812726,0.18749359587085357
4,-0.2882394188525873,-0.20812088490690828
5,0.312430245479194,-0.22599043281683384
6,-0.3018267626527659,-0.20947030592809043
7,0.31325841429634105,-0.23166753696441889
8,-0.27783092615137694,-0.19877013771465446
9,0.32112154461629994,0.24112344892243145
