,class_val_corr,class_val_org
0,0.2899331320955559,-0.21318999330549881
1,-0.3258160356442097,-0.24642086185273343
2,-0.28047286591933035,-0.1884567672844758
3,0.2974204612811381,-0.2198415998393525
4,-0.27570056171172685,0.1912137906824056
5,0.31020696196135994,0.2226295968118843
6,-0.3397647891555301,-0.2558277473346287
7,0.34661378048913494,-0.27446166971419045
8,-0.28521989655984836,0.2029205232251059
9,-0.32616846943659406,-0.24930866653381029
