,class_val_corr,class_val_org
0,0.29164581076824614,-0.21155758765418575
1,0.3303634946310754,-0.2518781378408522
2,-0.3035809190962515,-0.21391779036033262
3,0.2885016656599344,0.20702419850408543
4,0.3020180965307474,-0.2174990316125175
5,0.30500732050306933,0.21413035841778344
6,0.30881659506746684,-0.21641207869437462
7,-0.3257860562213164,-0.24428338877055794
8,-0.29804752027652304,0.21569509199810233
9,0.3326545633160879,-0.2530749276145184
