,class_val_corr,class_val_org
0,0.29559629528447867,-0.2187444096670168
1,-0.3067895441433989,-0.22342399799630047
2,-0.2866913738416955,-0.19889534409957488
3,0.28874152734030784,0.21117845292112997
4,-0.2867029361527802,0.20208684860188925
5,0.3007572481324718,0.2142406990169846
6,0.3067578922015415,-0.21836358431596184
7,0.33571190740556733,-0.26049837020698646
8,-0.30161222329346155,0.22244855742158515
9,0.3241997588024151,-0.2468541291682893
