,class_val_corr,class_val_org
0,-0.2308214155755357,-0.3073690791769872
1,-0.3570899528492288,0.40301680110138205
2,-0.11144413314839839,-0.16187606142284958
3,0.2617549669706939,-0.30042370824722997
4,-0.17390289539062795,0.24712200073779064
5,0.26999951189817595,-0.3064825569237181
6,0.23384634516990604,-0.29862984671228066
7,0.2751053561349118,-0.32464526437854974
8,-0.24234280265490743,-0.3135003445616821
9,-0.2694828441343172,-0.3154171556481043
