,class_val_corr,class_val_org
0,0.3091022022830764,-0.23453226814515352
1,0.3214734058501273,-0.23962114563252096
2,-0.2896644433137937,-0.1997890723056695
3,0.28583731619911346,0.20825052648764508
4,-0.28580628093598115,0.20205857633738242
5,0.32077195765645816,0.2360134610716037
6,-0.289393500096864,0.1939684715209391
7,0.3229818685698765,-0.24549050257499033
8,-0.3042064761110579,-0.22372785556783067
9,0.31833564806775627,-0.2389114496105143
