,class_val_corr,class_val_org
0,-0.30662046537418547,-0.2305468909031796
1,0.3210919493128841,-0.24314107565064036
2,-0.28705732528362815,-0.19791423347831966
3,0.28423526468527033,0.20508316647441494
4,-0.29445400168322877,-0.21140752337282176
5,0.30152067165043395,0.21422920039439783
6,-0.3025728802820172,-0.21047945170339483
7,0.32672499432608954,0.2487692419653984
8,-0.3017713154169409,0.2185882806598062
9,0.32602883128518617,-0.24963192076499083
