,class_val_corr,class_val_org
0,0.2996097628884125,-0.22562859912628253
1,-0.33891439309822946,-0.26529204668402384
2,-0.28621067454668,0.19879147218184895
3,0.2804673273448181,0.19955935752996207
4,-0.2851574982176284,0.20091560362137822
5,0.3189414322528393,0.23472468848593026
6,-0.3033581141592851,-0.21158881841351387
7,0.3174919379189146,-0.2375405476513187
8,-0.2907976320113311,-0.20700132802495536
9,0.3170229076873223,-0.2390077608813681
