,class_val_corr,class_val_org
0,-0.3124802963715507,-0.23065145551197808
1,-0.318500036034732,-0.2328200106305194
2,-0.2835741059280161,-0.18653748426669411
3,0.313549388956876,0.23573409549223823
4,-0.3000306159853163,0.21080430009376339
5,0.3233849745600891,0.2342629160069213
6,-0.32085173309295767,-0.224182963961572
7,0.36828613404507293,-0.2926170044157949
8,-0.31762184742356375,-0.23412319967377626
9,0.35558062929207984,-0.27755734220946066
