,class_val_corr,class_val_org
0,0.2401421420681304,-0.31041174142967287
1,-0.35432546395480224,-0.39156815910122
2,-0.12887753493051804,-0.17224689411127503
3,-0.2638800724933934,-0.29739581476177823
4,-0.20203656264193592,0.26570123790387795
5,0.26804933324633673,-0.2985587046998067
6,-0.24033261645393159,-0.29544494454758086
7,0.27798197188577944,-0.3174021509196936
8,0.24413758722121287,-0.30718059310240564
9,-0.2746442504650518,-0.3141358921662406
