,class_val_corr,class_val_org
0,-0.327589577035737,-0.2458948941011237
1,-0.32717115056913204,-0.24239799560162825
2,-0.29872331075213787,-0.20395211771040972
3,0.3055747488482077,0.22245455740118952
4,0.3073098636512628,-0.22021476408407534
5,0.31410976591446166,0.22457977705008633
6,-0.3428431423033716,-0.2514416841343787
7,-0.34047136809318235,-0.2581820592429588
8,-0.3152606893294896,-0.23070806111477057
9,0.3339921095030494,-0.2509923543064803
