,class_val_corr,class_val_org
0,-0.3169941537352123,-0.2368335721927325
1,-0.3486421642918369,-0.26994975513343106
2,-0.2966354228982995,-0.20371243966453284
3,0.3004751077592457,0.21825356312161925
4,0.3021068337540334,-0.2167747873762793
5,0.3146940258002695,0.22571554508969394
6,-0.3255342838440091,-0.23261517908561052
7,-0.3233721543251736,0.241979641732383
8,-0.31249152990139695,-0.23042910339912726
9,0.32915483142228974,-0.24795539735443545
