,class_val_corr,class_val_org
0,-0.31254131062279267,-0.23318462482898447
1,-0.3416928871942327,-0.2619470247880989
2,-0.2918597502006086,-0.20014593149378163
3,0.2947881674799474,0.21258124982493576
4,0.2969130707077736,-0.21155740781403187
5,0.3134603577979509,0.22602957115704653
6,-0.33005728537136936,-0.2397265566145062
7,-0.319291121742897,0.23845223375316907
8,-0.3057393912713827,-0.22423766849863408
9,0.326221352482631,-0.2459151530828369
