,class_val_corr,class_val_org
0,0.3073079453293086,-0.2282447932321695
1,-0.3311977697092912,-0.2504644395364981
2,-0.29234970558327034,-0.2022840641702899
3,0.29272416588126005,0.21133677107701637
4,0.2966383914880479,-0.21164421603220265
5,0.30784483341694535,0.22041715680892326
6,-0.3177182414234308,-0.22634097224499863
7,-0.3251206462582494,0.2455929244698822
8,-0.3048683827435461,-0.22400869195324297
9,0.3224431570567002,-0.2420350304138634
