,class_val_corr,class_val_org
0,-0.21378270490924675,-0.31466521601082964
1,0.24117509856507013,0.29169085412950563
2,0.00821690542851913,-0.04037147264969689
3,-0.09431157848851501,0.13255024927733336
4,-0.07468988342496533,-0.14327148595030287
5,-0.11319211749807864,-0.1886976532328732
6,-0.19398347099907956,-0.24896384106161537
7,-0.07862630964197807,-0.12647039716433822
8,0.25099443492976486,0.34366586182351616
9,-0.2805993596159132,0.3397063506966346
