,class_val_corr,class_val_org
0,-0.3078133214555093,-0.22928974177298225
1,-0.3354719867866022,-0.25529732756176055
2,-0.2894607359178925,-0.19875352281653721
3,0.2921445478792865,0.21089809080907052
4,0.29134382924809665,-0.20653807827795517
5,0.3089043553426316,0.2220041109703239
6,-0.30787741175942307,0.21388567455014043
7,-0.3240815723509183,0.2448710493643843
8,-0.30706943487323235,-0.22702828925023655
9,0.320296327549792,-0.2404857989833437
