,class_val_corr,class_val_org
0,-0.25646585799181687,0.29955598665203614
1,0.3308755269229919,-0.3360890595890362
2,-0.16193897266649265,-0.18217365002443708
3,-0.2416485428376175,-0.25673858347481626
4,0.24138815071571146,-0.27282950089146074
5,-0.25532833925340404,-0.2626669063942358
6,0.22784469850448819,0.24948668592481038
7,-0.30574625565404084,-0.3130893058982137
8,-0.24012350160468343,0.2729638058054109
9,0.26190189175869605,0.2730127038067895
