,class_val_corr,class_val_org
0,-0.25979398770478956,-0.28464729023640606
1,0.32036198711838265,-0.3041987090410605
2,0.17898048572003503,-0.1847114172842821
3,-0.22564505945590901,-0.22791273079414545
4,0.24464193999671596,-0.25799771191997795
5,-0.22945415045195403,-0.22074994747740814
6,-0.22208340026198653,-0.22360009454135055
7,0.3043891496758384,0.2937695611284746
8,0.24076603643136285,0.2529985298279369
9,0.23855289558690795,-0.22819354936494946
