,class_val_corr,class_val_org
0,-0.24755139538014276,-0.2544132632353905
1,-0.2914485277918619,-0.2584980228327124
2,-0.19180864346123824,-0.1833326906708173
3,-0.206065903123333,-0.19551457840504446
4,-0.23646689979865843,-0.2322361455305929
5,-0.19835861972686814,-0.17427514638851158
6,-0.22397415418684016,-0.21049814843175876
7,0.2937724279743288,0.2694280933094261
8,-0.22735059157872084,0.21782243542868718
9,-0.2299889207543855,-0.20170474733854105
