,class_val_corr,class_val_org
0,-0.19685702316955578,0.30054702414746093
1,-0.2794635187205537,-0.34290856423042815
2,0.012213656066924315,-0.056129711364295495
3,-0.1614883336541697,-0.21289019548507093
4,0.05004488610424821,0.1342519215743002
5,-0.17322078420097933,-0.2476857750204074
6,-0.19366513901809235,0.2631165651432897
7,0.14141195674285884,0.2262820336438207
8,0.230574417745243,-0.33471349198264244
9,0.2543888437314033,0.3141290795673075
