,class_val_corr,class_val_org
0,-0.2339670355429758,0.22709712169372612
1,-0.23261523137761558,-0.18827734958029851
2,-0.19314961820495166,-0.1704096536543248
3,-0.20697321286174458,-0.18650159613016212
4,-0.21711004417054613,-0.1967966437846628
5,-0.18917015615589738,-0.15311294229965808
6,-0.20696744968193426,-0.18056534832463805
7,-0.2971403953099471,-0.26704244071835403
8,-0.2208388071804856,0.19638572022771308
9,-0.19587502645827454,-0.1562123333543627
