,class_val_corr,class_val_org
0,0.2546656899334402,0.24127979894087198
1,-0.23194504566348265,0.1863532128749612
2,0.2062619920210524,-0.17409661706679735
3,-0.19046354519975617,0.16291134070528865
4,-0.21017005592043767,-0.1823068362446697
5,-0.1513433517166965,-0.10819173319600511
6,-0.202579708277768,-0.1676299651140558
7,-0.2666697572297336,-0.23135769166952952
8,-0.20701322822590332,-0.1747787159864243
9,-0.20106167137126402,-0.16072194299251155
