,class_val_corr,class_val_org
0,-0.2364535263910018,-0.20865394931834536
1,-0.2444695610746369,0.19562457590881666
2,-0.20886686018466152,-0.16688711502795206
3,-0.19701187366537803,0.16106940187792146
4,-0.2242984414610461,-0.19116009175050563
5,0.15101738973811868,-0.10081971551648036
6,-0.15666796469571376,0.1131167706414383
7,-0.3262580689845498,-0.29190299450335344
8,-0.24453231577194917,0.2043082766183178
9,-0.21550224580178945,-0.1753545290303327
