,class_val_corr,class_val_org
0,0.20136104960887732,0.16337208547793028
1,0.27760980106732625,-0.22781282184966986
2,-0.16515940572930352,-0.11122831847335285
3,-0.2294000040820135,-0.18811784504290924
4,-0.20040685148115536,-0.14824842139257058
5,-0.24920510547411284,-0.1994630651904887
6,-0.21680634567739354,-0.16529758169023262
7,-0.2831543861569428,-0.2384864032736387
8,0.24001373017991032,0.1992790634544037
9,-0.2331061980969374,-0.18689172573614457
