,class_val_corr,class_val_org
0,-0.21072450016005223,-0.3137345936419902
1,0.30782699117810264,-0.37416501444752354
2,0.003883350103230979,0.07519023839800623
3,-0.19179852723864205,-0.2468536938754123
4,-0.06544888922969182,0.15562618589094918
5,-0.20498241003591328,0.2758791330389743
6,-0.20069168113979732,0.2823909922727461
7,-0.1842519583641391,-0.27310821579624106
8,0.22887447560851376,-0.32803418865825007
9,0.2600406520545009,0.3222072710528241
