,class_val_corr,class_val_org
0,0.19179589934154462,-0.1421391585838872
1,0.2864905525955931,0.23160380225596383
2,-0.22918721890758567,-0.1693043601811023
3,-0.20357581788542978,0.1566198027332854
4,-0.24669368520504475,-0.20127263354728375
5,-0.23971152167543736,-0.18475018730813475
6,-0.23494393642872302,-0.17651708546926814
7,-0.2589164482927848,-0.20918918009084467
8,0.2344203469494772,0.18130223120254738
9,-0.29294038118728466,-0.24859875273689416
