,class_val_corr,class_val_org
0,-0.2632428074535097,-0.2143149061091934
1,-0.3261649357045041,-0.2706360455079377
2,-0.23520646746308238,-0.1657208356792736
3,-0.21174160554915517,0.15236401735515923
4,0.2330245160294834,-0.17177335130638205
5,-0.2636360957933117,-0.19670972004302997
6,-0.26222210324669093,-0.1932696595416565
7,-0.28907118721704417,-0.23198463892383134
8,0.19114490358112432,-0.12867894885615483
9,0.2717828760795517,0.2135170724459613
