,class_val_corr,class_val_org
0,-0.24344147421253728,-0.1886206457585506
1,-0.28901126518242437,-0.2240454232426805
2,0.23117429015740507,-0.15775128450617665
3,-0.2482390347506072,-0.18994022599006813
4,0.20348129465548975,0.1365004454090046
5,0.2773821251281904,0.2070078664046625
6,-0.27288032610094026,-0.20053421117901743
7,-0.31261762515735064,-0.256308986584875
8,-0.26307222324469787,0.19996488734024492
9,0.287865276403304,0.22582281956030453
