,class_val_corr,class_val_org
0,-0.2168120897114976,0.3163627465206533
1,0.3328963318252614,-0.39914192417184186
2,-0.029754447939269745,0.10118279986381415
3,-0.21938776846560493,0.2738709686827805
4,-0.08128962639658452,-0.17317726168116773
5,-0.2334535063991158,0.29927778609851996
6,0.20750023468632262,0.2953212907558733
7,0.2147106590983257,-0.29989726999069377
8,0.23565793584505346,-0.3312244282119552
9,0.264361565452351,-0.32539837019926915
