,class_val_corr,class_val_org
0,-0.25805833693762914,-0.20325993794518152
1,-0.30842803530868373,-0.2425570228341668
2,-0.20147459159019035,-0.12289647388541766
3,-0.26396862392507603,-0.20537726121252498
4,-0.19631400961740117,-0.12505406722575468
5,-0.2929976432347641,-0.22550524552490525
6,-0.3011948593268606,-0.23358601035575288
7,-0.31878657484209233,-0.2633193181762288
8,-0.22668717567062396,0.15697130779129842
9,0.28153514716406197,-0.21901360812180728
