,class_val_corr,class_val_org
0,0.25160158185746456,-0.19396139462727288
1,-0.3246391247595686,-0.2594433872935232
2,-0.21290495975334306,-0.13103960761590394
3,0.2663154076349863,0.2063807750650621
4,0.21995504756335932,0.14873407107012313
5,-0.2945087828674298,-0.2247609625680804
6,-0.2882036656873975,-0.21963821381523702
7,-0.29217262130399174,-0.23070330534205527
8,-0.27943048265951026,0.2145916481889689
9,-0.3082234336496314,-0.24873193853345124
