,class_val_corr,class_val_org
0,-0.2513831190484562,0.18775935774611138
1,-0.34307092655395083,-0.2800635539344258
2,-0.21277851448239363,-0.12850047067752735
3,0.2521596348478199,0.18488365418450153
4,0.25744982560987245,0.19063881588602022
5,0.2725176363306899,0.19870475253813893
6,0.2651868813734588,-0.1820289162995652
7,0.31641996705611225,-0.2551161587805953
8,-0.2585894900726125,0.1860298923126577
9,0.319760220937221,-0.25799167679282714
