,acc_overall,training_probe time,inference time,training_probe flops,inference flops
0,0.7371,141.94320726394653,33.52563214302063,0.13685759999999997,51.16456
