,acc_overall,training_probe time,inference time,training_probe flops,inference flops
0,0.9439,108.24991273880005,27.980597496032715,0.13685759999999997,46.86424
