,acc_overall,training_probe time,inference time,training_probe flops,inference flops
0,0.5109,111.43807578086853,29.40253472328186,0.20275199999999996,174.91248
