,acc_overall,training_probe time,inference time,training_probe flops,inference flops
0,0.9252,112.39241671562195,27.472909212112427,0.13685759999999997,50.49408
