,acc_overall,training_probe time,inference time,training_probe flops,inference flops
0,0.5047,131.0502507686615,13.767067432403564,0.20275199999999996,174.76884
