,acc_overall,training_probe time,inference time,training_probe flops,inference flops
0,0.949,112.97153377532959,28.30485439300537,0.13685760000000002,51.9044
