,acc_overall,training_probe time,inference time,training_probe flops,inference flops
0,0.3898,131.78878045082092,24.215699195861816,0.20275200000000004,183.12048
