,acc_overall,training_probe time,inference time,training_probe flops,inference flops
0,0.7357,122.76255393028259,18.382151126861572,0.13685759999999997,53.18756
