,acc_overall,training_probe time,inference time,training_probe flops,inference flops
0,0.4516,242.89559888839722,25.782906770706177,0.4055039999999999,609.26
