,acc_overall,training_probe time,inference time,training_probe flops,inference flops
0,0.2783,115.99877333641052,17.062885284423828,0.10137599999999998,35.59964
