,acc_overall,training_probe time,inference time,training_probe flops,inference flops
0,0.6548,1878.6458752155304,28.246575593948364,1.6220159999999997,5517.8396
