,acc_overall,training_probe time,inference time,training_probe flops,inference flops
0,0.5414,625.8391613960266,55.028074502944946,0.8110079999999998,2077.19424
