,acc_overall,training_probe time,inference time,training_probe flops,inference flops
0,0.2783,76.04342603683472,38.17527365684509,0.10137599999999998,35.59964
