,acc_overall,training_probe time,inference time,training_probe flops,inference flops
0,0.6482,1868.555727481842,31.796876907348633,1.6220159999999997,5467.69232
