,acc_overall,training_probe time,inference time,training_probe flops,inference flops
0,0.4241,192.1559181213379,24.878809690475464,0.4055039999999999,604.75
