,acc_overall,training_probe time,inference time,training_probe flops,inference flops
0,0.2644,107.47764372825623,27.83861517906189,0.10137599999999998,35.37348
