,acc_overall,training_probe time,inference time,training_probe flops,inference flops
0,0.2644,84.32040190696716,18.106141567230225,0.10137599999999998,35.37348
