,acc_overall,training_probe time,inference time,training_probe flops,inference flops
0,0.5378,346.3968765735626,21.1675922870636,0.8110079999999998,2065.06416
