,acc_overall,training_probe time,inference time,training_probe flops,inference flops
0,0.7423,93.02135491371155,23.23371434211731,0.13685759999999997,52.05468
