,acc_overall,training_probe time,inference time,training_probe flops,inference flops
0,0.8161,129.99505805969238,29.575316905975342,0.13685759999999997,20.8658
