,acc_overall,training_probe time,inference time,training_probe flops,inference flops
0,0.5051,71.85916662216187,6.046308994293213,0.20275199999999996,162.0054
