,acc_overall,training_probe time,inference time,training_probe flops,inference flops
0,0.5152,166.62659311294556,18.117703199386597,0.20275199999999996,173.72232
