,acc_overall,training_probe time,inference time,training_probe flops,inference flops
0,0.7499,92.6894326210022,20.26847815513611,0.13685759999999997,51.93908
