,acc_overall,training_probe time,inference time,training_probe flops,inference flops
0,0.6179,1558.9275410175323,25.517741918563843,1.6220159999999997,5268.25036
