,acc_overall,training_probe time,inference time,training_probe flops,inference flops
0,0.5076,395.9074561595917,31.422738313674927,0.8110079999999998,1819.59396
