,acc_overall,training_probe time,inference time,training_probe flops,inference flops
0,0.6263,7512.576247930527,42.092926025390625,3.2440319999999994,7949.17632
