,acc_overall,training_probe time,inference time,training_probe flops,inference flops
0,0.3377,52.59366321563721,28.10835576057434,0.10137599999999998,24.34304
