,acc_overall,training_probe time,inference time,training_probe flops,inference flops
0,0.6572,4179.199147939682,47.0888786315918,3.2440319999999994,10284.18132
