,acc_overall,training_probe time,inference time,training_probe flops,inference flops
0,0.7621,113.00779843330383,25.67890238761902,0.13685759999999997,50.70216
