,acc_overall,training_probe time,inference time,training_probe flops,inference flops
0,0.9485,107.05341410636902,22.39867091178894,0.13685760000000002,51.17612
