,acc_overall,training_probe time,inference time,training_probe flops,inference flops
0,0.7531,110.85744881629944,26.537216901779175,0.13685759999999997,51.92752
