,acc_overall,training_probe time,inference time,training_probe flops,inference flops
0,0.9621,117.58045411109924,27.38731622695923,0.13685760000000002,48.65604
