,acc_overall,training_probe time,inference time,training_probe flops,inference flops
0,0.6598,1613.7813618183136,28.953667879104614,1.6220159999999997,5642.71616
