,acc_overall,training_probe time,inference time,training_probe flops,inference flops
0,0.4685,100.1504602432251,29.3777117729187,0.4055039999999999,628.776
