,acc_overall,training_probe time,inference time,training_probe flops,inference flops
0,0.265,48.6081919670105,27.55304765701294,0.10137599999999998,36.51456
