,acc_overall,training_probe time,inference time,training_probe flops,inference flops
0,0.6744,3961.697563648224,45.86903405189514,3.2440319999999994,9991.52736
