,acc_overall,training_probe time,inference time,training_probe flops,inference flops
0,0.5419,378.50776767730713,18.387690544128418,0.8110079999999998,2153.33508
