,acc_overall,training_probe time,inference time,training_probe flops,inference flops
0,0.6317,4880.793016433716,38.467472076416016,3.2440319999999994,8154.65676
