,acc_overall,training_probe time,inference time,training_probe flops,inference flops
0,0.5484,275.21396040916443,13.040730714797974,0.8110079999999998,2115.63348
