,acc_overall,training_probe time,inference time,training_probe flops,inference flops
0,0.284,148.44886207580566,17.962127923965454,0.10137599999999998,35.89776
