,acc_overall,training_probe time,inference time,training_probe flops,inference flops
0,0.284,132.23356294631958,10.307286977767944,0.10137599999999998,35.89776
