,acc_overall,training_probe time,inference time,training_probe flops,inference flops
0,0.6536,1751.6281533241272,29.04635739326477,1.6220159999999997,5590.60232
