,acc_overall,training_probe time,inference time,training_probe flops,inference flops
0,0.4521,163.27896213531494,16.975221633911133,0.4055039999999999,616.23
