,acc_overall,training_probe time,inference time,training_probe flops,inference flops
0,0.6569,1467.1290431022644,29.989169359207153,1.6220159999999997,5651.56568
