,acc_overall,training_probe time,inference time,training_probe flops,inference flops
0,0.2685,129.99097728729248,26.482887268066406,0.10137599999999998,36.51456
