,acc_overall,training_probe time,inference time,training_probe flops,inference flops
0,0.4681,116.98399639129639,14.21891474723816,0.4055039999999999,627.505
