,acc_overall,training_probe time,inference time,training_probe flops,inference flops
0,0.6314,3410.0566086769104,36.717265129089355,3.2440319999999994,8184.807
