,acc_overall,training_probe time,inference time,training_probe flops,inference flops
0,0.5479,365.5128843784332,46.850730419158936,0.8110079999999998,2143.09008
