,acc_overall,training_probe time,inference time,training_probe flops,inference flops
0,0.6708,3975.4355199337006,46.18446183204651,3.2440319999999994,10080.01176
