,acc_overall,training_probe time,inference time,training_probe flops,inference flops
0,0.1737,109.98880934715271,13.69331431388855,0.10137600000000002,34.1296
