,acc_overall,training_probe time,inference time,training_probe flops,inference flops
0,0.1737,99.40989375114441,26.27471685409546,0.10137600000000002,34.1296
