,acc_overall,training_probe time,inference time,training_probe flops,inference flops
0,0.2448,237.66683864593506,97.6146080493927,0.4055040000000001,582.979
