,acc_overall,training_probe time,inference time,training_probe flops,inference flops
0,0.5172,1671.1031272411346,31.86786460876465,1.6220160000000003,5624.19772
