,acc_overall,training_probe time,inference time,training_probe flops,inference flops
0,0.3592,245.51891660690308,11.830129861831665,0.8110080000000002,2080.63656
