,acc_overall,training_probe time,inference time,training_probe flops,inference flops
0,0.8087,139.03535747528076,11.608656406402588,0.13685759999999997,33.4662
