,acc_overall,training_probe time,inference time,training_probe flops,inference flops
0,0.9208,124.10844302177429,31.702932834625244,0.13685759999999997,52.04312
