,acc_overall,training_probe time,inference time,training_probe flops,inference flops
0,0.9056,90.50791120529175,23.330175399780273,0.13685759999999997,52.89856
