,acc_overall,training_probe time,inference time,training_probe flops,inference flops
0,0.5108,159.723806142807,33.26691389083862,0.20275199999999996,169.20792
