,acc_overall,training_probe time,inference time,training_probe flops,inference flops
0,0.9444,161.33153986930847,23.951294422149658,0.13685760000000002,52.8292
