,acc_overall,training_probe time,inference time,training_probe flops,inference flops
0,0.9491,99.59630537033081,26.853103637695312,0.13685760000000002,53.16444
