,acc_overall,training_probe time,inference time,training_probe flops,inference flops
0,0.2112,71.82973885536194,14.99061632156372,0.10137600000000002,25.74112
