,acc_overall,training_probe time,inference time,training_probe flops,inference flops
0,0.2863,99.77304434776306,30.922645568847656,0.4055040000000001,387.081
