,acc_overall,training_probe time,inference time,training_probe flops,inference flops
0,0.3731,402.0800848007202,47.73461413383484,0.8110080000000002,1893.43992
