,acc_overall,training_probe time,inference time,training_probe flops,inference flops
0,0.5697,4972.565920591354,46.21667146682739,3.2440320000000007,10213.72152
