,acc_overall,training_probe time,inference time,training_probe flops,inference flops
0,0.5329,4633.0004098415375,36.26879096031189,3.2440320000000007,7740.09096
