,acc_overall,training_probe time,inference time,training_probe flops,inference flops
0,0.5024,1410.567271232605,33.82752275466919,1.6220160000000003,5358.0566
