,acc_overall,training_probe time,inference time,training_probe flops,inference flops
0,0.966,106.75262331962585,29.72116708755493,0.13685760000000002,43.928
