,acc_overall,training_probe time,inference time,training_probe flops,inference flops
0,0.7302,127.44743180274963,30.322734355926514,0.13685759999999997,52.3668
