,acc_overall,training_probe time,inference time,training_probe flops,inference flops
0,0.538,650.914630651474,57.47500944137573,0.8110079999999998,1855.24656
