,acc_overall,training_probe time,inference time,training_probe flops,inference flops
0,0.4593,203.76241827011108,19.892603874206543,0.4055039999999999,469.245
