,acc_overall,training_probe time,inference time,training_probe flops,inference flops
0,0.3296,64.1679995059967,12.372732162475586,0.10137599999999998,28.66064
