,acc_overall,training_probe time,inference time,training_probe flops,inference flops
0,0.6408,1988.3860235214233,28.311994552612305,1.6220159999999997,5252.354
