,acc_overall,training_probe time,inference time,training_probe flops,inference flops
0,0.3296,116.93562626838684,27.787912368774414,0.10137599999999998,28.66064
