,acc_overall,training_probe time,inference time,training_probe flops,inference flops
0,0.9597,110.35357069969177,29.987570762634277,0.13685760000000002,48.41328
