,acc_overall,training_probe time,inference time,training_probe flops,inference flops
0,0.3896,130.3758945465088,38.53868818283081,0.20275200000000004,179.63208
