,acc_overall,training_probe time,inference time,training_probe flops,inference flops
0,0.4609,102.11457228660583,25.504735231399536,0.20275200000000004,46.31364
