,acc_overall,training_probe time,inference time,training_probe flops,inference flops
0,0.3943,154.9224236011505,10.649119138717651,0.20275200000000004,181.9098
