,acc_overall,training_probe time,inference time,training_probe flops,inference flops
0,0.5031,1810.700278520584,34.44515109062195,1.6220160000000003,5814.62628
