,acc_overall,training_probe time,inference time,training_probe flops,inference flops
0,0.5394,4790.876204490662,37.48815894126892,3.2440320000000007,7822.34868
