,acc_overall,training_probe time,inference time,training_probe flops,inference flops
0,0.3331,380.67452478408813,55.114553689956665,0.8110080000000002,2229.80376
