,acc_overall,training_probe time,inference time,training_probe flops,inference flops
0,0.2178,140.5181941986084,18.316023588180542,0.4055040000000001,647.513
