,acc_overall,training_probe time,inference time,training_probe flops,inference flops
0,0.5797,4927.858416557312,47.713377237319946,3.2440320000000007,10061.33172
