,acc_overall,training_probe time,inference time,training_probe flops,inference flops
0,0.1396,100.27066898345947,12.102373123168945,0.10137600000000002,37.71732
