,acc_overall,training_probe time,inference time,training_probe flops,inference flops
0,0.1535,72.22715449333191,23.386225700378418,0.10137600000000002,34.952
