,acc_overall,training_probe time,inference time,training_probe flops,inference flops
0,0.3478,375.54527139663696,41.12780570983887,0.8110080000000002,2130.63216
