,acc_overall,training_probe time,inference time,training_probe flops,inference flops
0,0.5366,4572.63259768486,36.87236022949219,3.2440320000000007,7855.4484
