,acc_overall,training_probe time,inference time,training_probe flops,inference flops
0,0.2566,99.18348336219788,32.161503314971924,0.4055040000000001,576.583
