,acc_overall,training_probe time,inference time,training_probe flops,inference flops
0,0.5194,1356.5560460090637,49.64104771614075,1.6220160000000003,5614.03716
