,acc_overall,training_probe time,inference time,training_probe flops,inference flops
0,0.5754,4788.997843980789,44.72936797142029,3.2440320000000007,9909.59736
