,acc_overall,training_probe time,inference time,training_probe flops,inference flops
0,0.9527,107.69384288787842,26.17788076400757,0.13685760000000002,49.89296
