,acc_overall,training_probe time,inference time,training_probe flops,inference flops
0,0.7363,170.08153128623962,33.21341323852539,0.13685759999999997,51.41888
