,acc_overall,training_probe time,inference time,training_probe flops,inference flops
0,0.5419,345.25349974632263,41.577770709991455,0.8110079999999998,2066.70336
