,acc_overall,training_probe time,inference time,training_probe flops,inference flops
0,0.6633,3968.141723871231,44.78352403640747,3.2440319999999994,9772.6104
