,acc_overall,training_probe time,inference time,training_probe flops,inference flops
0,0.4472,140.87715005874634,8.730122566223145,0.4055039999999999,581.298
