,acc_overall,training_probe time,inference time,training_probe flops,inference flops
0,0.6334,6274.55455994606,38.348536014556885,3.2440319999999994,8067.15552
