,acc_overall,training_probe time,inference time,training_probe flops,inference flops
0,0.6519,1513.6695427894592,24.837953329086304,1.6220159999999997,5462.44816
