,acc_overall,training_probe time,inference time,training_probe flops,inference flops
0,0.2805,55.310324907302856,27.852898359298706,0.10137599999999998,34.5922
