,acc_overall,training_probe time,inference time,training_probe flops,inference flops
0,0.7925,153.45679092407227,38.10567116737366,0.13685759999999997,38.93408
