,class_val_corr,class_val_org
0,0.006708143206100057,0.006708143206100057
1,-0.03328558527563585,-0.03328558527563585
2,-0.012235956193436717,-0.012235956193436717
3,0.01683743553438721,0.01683743553438721
4,-0.004744779627779215,-0.004744779627779215
5,-0.017786926136893567,-0.017786926136893567
6,0.03313351917564921,0.03313351917564921
7,0.015088203925430319,0.015088203925430319
8,-0.020497648301823046,-0.020497648301823046
9,-0.024584694537866193,-0.024584694537866193
