,class_val_corr,class_val_org
0,-0.3213251634492737,-0.3213251634492737
1,0.32362084333506874,0.32362084333506874
2,0.12759316864527329,0.12759316864527329
3,0.18911363069997608,0.18911363069997608
4,0.1828423350229388,0.1828423350229388
5,-0.18569878688583846,-0.18569878688583846
6,-0.2791103165580029,-0.2791103165580029
7,0.18187013711662933,0.18187013711662933
8,0.3599109975222533,0.3599109975222533
9,0.3219474269258898,0.3219474269258898
