,class_val_corr,class_val_org
0,-0.37288414716547114,-0.37288414716547114
1,-0.40949878564623887,-0.40949878564623887
2,0.2841005510486869,0.2841005510486869
3,-0.3660175923933485,-0.3660175923933485
4,-0.30617197338017554,-0.30617197338017554
5,-0.3389031925206304,-0.3389031925206304
6,-0.32076977873563417,-0.32076977873563417
7,0.3600762784485166,0.3600762784485166
8,0.35212861775163395,0.35212861775163395
9,-0.37701034780666404,-0.37701034780666404
