,class_val_corr,class_val_org
0,0.40626915983073897,0.40626915983073897
1,0.41794976585857074,0.41794976585857074
2,-0.3555065747008779,-0.3555065747008779
3,0.32428877082480945,0.32428877082480945
4,0.3544227092245983,0.3544227092245983
5,-0.362773290556915,-0.362773290556915
6,-0.4016080599599639,-0.4016080599599639
7,0.43689195769095107,0.43689195769095107
8,-0.4402372834096403,-0.4402372834096403
9,-0.42760124453942283,-0.42760124453942283
