,class_val_corr,class_val_org
0,-0.3803132356943701,-0.3803132356943701
1,-0.414477567322857,-0.414477567322857
2,0.29782607772484604,0.29782607772484604
3,-0.3740553397161661,-0.3740553397161661
4,-0.32097609709787855,-0.32097609709787855
5,-0.345617261296142,-0.345617261296142
6,-0.33251216539641376,-0.33251216539641376
7,-0.37375773735304596,-0.37375773735304596
8,0.35797996275226496,0.35797996275226496
9,-0.3919186878234364,-0.3919186878234364
