,class_val_corr,class_val_org
0,0.38842513837973797,0.38842513837973797
1,-0.4151364894120981,-0.4151364894120981
2,0.30587654161785177,0.30587654161785177
3,0.37686939207373366,0.37686939207373366
4,-0.3324951074178633,-0.3324951074178633
5,0.35147245551684936,0.35147245551684936
6,0.33913449400529516,0.33913449400529516
7,-0.3860667693968479,-0.3860667693968479
8,0.365421899610692,0.365421899610692
9,-0.40165965105657747,-0.40165965105657747
