,class_val_corr,class_val_org
0,-0.38955992348443,-0.38955992348443
1,-0.41697734065260245,-0.41697734065260245
2,0.3088495321085672,0.3088495321085672
3,-0.37299304424540436,-0.37299304424540436
4,-0.3384494448168,-0.3384494448168
5,0.35431809215368754,0.35431809215368754
6,-0.33836499177434826,-0.33836499177434826
7,-0.39092955560712406,-0.39092955560712406
8,-0.37124633826953324,-0.37124633826953324
9,-0.40508985355339755,-0.40508985355339755
