,class_val_corr,class_val_org
0,0.38379977886957056,0.38379977886957056
1,0.41705254481733495,0.41705254481733495
2,0.30938650193586614,0.30938650193586614
3,-0.36709395654422333,-0.36709395654422333
4,-0.3405565239465544,-0.3405565239465544
5,-0.3574091217616634,-0.3574091217616634
6,-0.34373063883813426,-0.34373063883813426
7,0.39885796358663345,0.39885796358663345
8,-0.3802602093568468,-0.3802602093568468
9,-0.4095832527425507,-0.4095832527425507
