,class_val_corr,class_val_org
0,0.32609069648645966,0.32609069648645966
1,0.3466407909893435,0.3466407909893435
2,-0.14975369855721887,-0.14975369855721887
3,0.24448662336925792,0.24448662336925792
4,-0.18462769983293284,-0.18462769983293284
5,0.24094510051837115,0.24094510051837115
6,-0.2482953191048518,-0.2482953191048518
7,0.2406252954314957,0.2406252954314957
8,0.33657350702308847,0.33657350702308847
9,-0.29690806610042064,-0.29690806610042064
