,class_val_corr,class_val_org
0,0.37835344098465495,0.37835344098465495
1,-0.4132420512120896,-0.4132420512120896
2,0.3099823750584605,0.3099823750584605
3,-0.3597789618353424,-0.3597789618353424
4,-0.3436854588324919,-0.3436854588324919
5,-0.36024568859986944,-0.36024568859986944
6,-0.3436930139652431,-0.3436930139652431
7,0.40142040671451995,0.40142040671451995
8,-0.3790929980713562,-0.3790929980713562
9,-0.4155155624637743,-0.4155155624637743
