,class_val_corr,class_val_org
0,-0.36922175371039784,-0.36922175371039784
1,-0.39673744813889145,-0.39673744813889145
2,0.30834928815898527,0.30834928815898527
3,0.3566965245075472,0.3566965245075472
4,0.3795540032512188,0.3795540032512188
5,0.37223636051611114,0.37223636051611114
6,0.3416856998561265,0.3416856998561265
7,-0.3951926185486091,-0.3951926185486091
8,0.37513575755678696,0.37513575755678696
9,-0.4114399260222397,-0.4114399260222397
