,class_val_corr,class_val_org
0,-0.3451603639927082,-0.3451603639927082
1,0.4001296482678288,0.4001296482678288
2,0.3239209515934499,0.3239209515934499
3,0.34320513511455064,0.34320513511455064
4,0.3889297518045841,0.3889297518045841
5,0.36858406237058366,0.36858406237058366
6,0.35026909429175607,0.35026909429175607
7,0.3832293997339279,0.3832293997339279
8,0.3765046034440238,0.3765046034440238
9,-0.42535642056364903,-0.42535642056364903
