,class_val_corr,class_val_org
0,-0.40406806788679733,-0.40406806788679733
1,-0.4133605988334865,-0.4133605988334865
2,0.3241656435447504,0.3241656435447504
3,-0.3157569256743771,-0.3157569256743771
4,0.40158251250522736,0.40158251250522736
5,0.3363160656576124,0.3363160656576124
6,-0.29981249474206295,-0.29981249474206295
7,0.423897844725446,0.423897844725446
8,0.37647158327429986,0.37647158327429986
9,0.3972838759160567,0.3972838759160567
