,class_val_corr,class_val_org
0,-0.34244850011031225,-0.34244850011031225
1,0.3664899361224163,0.3664899361224163
2,-0.2143854256874378,-0.2143854256874378
3,0.31000631857126826,0.31000631857126826
4,0.23534433143270367,0.23534433143270367
5,0.3008804582838208,0.3008804582838208
6,0.2626827221505503,0.2626827221505503
7,-0.29550981577919055,-0.29550981577919055
8,0.33192671502932086,0.33192671502932086
9,-0.32478345293151545,-0.32478345293151545
