,class_val_corr,class_val_org
0,-0.3879961266370685,-0.3879961266370685
1,-0.4441834189677166,-0.4441834189677166
2,0.3181499052057977,0.3181499052057977
3,0.3329084591134368,0.3329084591134368
4,0.3939776147928732,0.3939776147928732
5,0.3661171429076437,0.3661171429076437
6,0.3611776540868504,0.3611776540868504
7,0.4273557806679356,0.4273557806679356
8,0.40304320687655687,0.40304320687655687
9,-0.3569896953417533,-0.3569896953417533
