,class_val_corr,class_val_org
0,0.40458214926163527,0.40458214926163527
1,0.4109646245613802,0.4109646245613802
2,-0.33020811823575635,-0.33020811823575635
3,0.33491197670213524,0.33491197670213524
4,0.3516387380494621,0.3516387380494621
5,-0.3545096273433352,-0.3545096273433352
6,0.3563837601556145,0.3563837601556145
7,0.4341642196275259,0.4341642196275259
8,-0.40841979030319253,-0.40841979030319253
9,-0.41978006284512076,-0.41978006284512076
