,class_val_corr,class_val_org
0,-0.3758465627850711,-0.3758465627850711
1,0.4287696399096329,0.4287696399096329
2,0.3254296376493592,0.3254296376493592
3,-0.3221564201458641,-0.3221564201458641
4,0.34372442611334125,0.34372442611334125
5,-0.3963955819432878,-0.3963955819432878
6,0.37255821883326873,0.37255821883326873
7,0.4529189373356206,0.4529189373356206
8,0.4234825627167584,0.4234825627167584
9,-0.4181825152645262,-0.4181825152645262
