,class_val_corr,class_val_org
0,0.3559892416758573,0.3559892416758573
1,-0.38287746966600805,-0.38287746966600805
2,0.2461250785383272,0.2461250785383272
3,-0.3398928330255123,-0.3398928330255123
4,0.25953947054454024,0.25953947054454024
5,-0.3242662599761207,-0.3242662599761207
6,-0.28253467710618846,-0.28253467710618846
7,0.3260164888861281,0.3260164888861281
8,0.33480241702191227,0.33480241702191227
9,-0.34109419576953687,-0.34109419576953687
