,class_val_corr,class_val_org
0,0.4010212642560544,0.4010212642560544
1,0.43084545262833873,0.43084545262833873
2,0.33709073994508526,0.33709073994508526
3,-0.31452705327583447,-0.31452705327583447
4,0.35805286133873476,0.35805286133873476
5,-0.3327096640400883,-0.3327096640400883
6,0.4048156682401971,0.4048156682401971
7,0.44688297189079995,0.44688297189079995
8,0.41315477718557825,0.41315477718557825
9,-0.4447903775268418,-0.4447903775268418
