,class_val_corr,class_val_org
0,0.3775429268007824,0.3775429268007824
1,0.4284973468036338,0.4284973468036338
2,0.30689066784308433,0.30689066784308433
3,-0.3291651707333425,-0.3291651707333425
4,0.3455519954372617,0.3455519954372617
5,-0.3682280435311112,-0.3682280435311112
6,-0.40854456858709387,-0.40854456858709387
7,0.4486908672981491,0.4486908672981491
8,0.4359514807157075,0.4359514807157075
9,-0.4383239757963835,-0.4383239757963835
