,class_val_corr,class_val_org
0,-0.3978332424552594,-0.3978332424552594
1,0.4206624474581979,0.4206624474581979
2,0.3106242881733694,0.3106242881733694
3,0.34167103201433935,0.34167103201433935
4,0.35117639978045223,0.35117639978045223
5,-0.37799535653467226,-0.37799535653467226
6,-0.4255766702930118,-0.4255766702930118
7,0.4348648649531498,0.4348648649531498
8,0.418084454288569,0.418084454288569
9,-0.41542353615082195,-0.41542353615082195
