,class_val_corr,class_val_org
0,-0.4137445990722852,-0.4137445990722852
1,0.4275735369883319,0.4275735369883319
2,-0.31316323607623847,-0.31316323607623847
3,-0.3471623979404084,-0.3471623979404084
4,0.3507621841807722,0.3507621841807722
5,-0.3809808209950041,-0.3809808209950041
6,0.3946243882413733,0.3946243882413733
7,0.42718719882903294,0.42718719882903294
8,0.4377054150863955,0.4377054150863955
9,-0.4271429753217313,-0.4271429753217313
