,class_val_corr,class_val_org
0,-0.35977822905299717,-0.35977822905299717
1,-0.3982951858295276,-0.3982951858295276
2,0.2679822171679729,0.2679822171679729
3,-0.35538989918029973,-0.35538989918029973
4,-0.2838739260930987,-0.2838739260930987
5,-0.33131851373730714,-0.33131851373730714
6,0.3017015268046519,0.3017015268046519
7,0.345592799461846,0.345592799461846
8,0.3424930298459293,0.3424930298459293
9,-0.36042217735492466,-0.36042217735492466
