,class_val_corr,class_val_org
0,-0.41804316955496346,-0.41804316955496346
1,-0.4268327852612088,-0.4268327852612088
2,-0.3306026672122498,-0.3306026672122498
3,0.33532822538997564,0.33532822538997564
4,0.3522135408355125,0.3522135408355125
5,-0.35952773739154537,-0.35952773739154537
6,-0.379718922601314,-0.379718922601314
7,0.4204343302019993,0.4204343302019993
8,-0.4275435108094686,-0.4275435108094686
9,-0.4332983263346311,-0.4332983263346311
