,class_val_corr,class_val_org
0,0.39203037248080336,0.39203037248080336
1,0.42773752801819787,0.42773752801819787
2,0.3532822457397891,0.3532822457397891
3,-0.34715363664878995,-0.34715363664878995
4,0.35172114558360407,0.35172114558360407
5,-0.34385964190634766,-0.34385964190634766
6,-0.38726471060111695,-0.38726471060111695
7,0.43534641291533116,0.43534641291533116
8,0.4497784653764586,0.4497784653764586
9,-0.41391350331368243,-0.41391350331368243
