,class_val_corr,class_val_org
0,0.3896937662664861,0.3896937662664861
1,0.4234676020946084,0.4234676020946084
2,0.34116205509614705,0.34116205509614705
3,-0.3351157983292356,-0.3351157983292356
4,0.36210782283349713,0.36210782283349713
5,-0.3688299571905389,-0.3688299571905389
6,-0.4169618524612337,-0.4169618524612337
7,0.4435723578723104,0.4435723578723104
8,0.4468197709784824,0.4468197709784824
9,-0.4406777412427189,-0.4406777412427189
