,class_val_corr,class_val_org
0,-0.4035231734951484,-0.4035231734951484
1,-0.42686874810370257,-0.42686874810370257
2,0.35739743336514856,0.35739743336514856
3,0.34074417447531113,0.34074417447531113
4,0.35131222770749665,0.35131222770749665
5,0.3632834851580191,0.3632834851580191
6,-0.3975926210250287,-0.3975926210250287
7,0.44469446634654236,0.44469446634654236
8,-0.44191946729318377,-0.44191946729318377
9,0.4370695445790862,0.4370695445790862
