,acc_overall,training_probe time,inference time,training_probe flops,inference flops
0,0.5046,136.74337100982666,19.667059659957886,0.20275199999999996,173.61972
