,acc_overall,training_probe time,inference time,training_probe flops,inference flops
0,0.2785,59.363160848617554,46.04630446434021,0.10137599999999998,35.55852
