,acc_overall,training_probe time,inference time,training_probe flops,inference flops
0,0.6472,1531.3324010372162,26.09086561203003,1.6220159999999997,5512.9232
