,acc_overall,training_probe time,inference time,training_probe flops,inference flops
0,0.5436,310.053275346756,14.49633002281189,0.8110079999999998,2087.35728
