,acc_overall,training_probe time,inference time,training_probe flops,inference flops
0,0.4346,174.08615231513977,13.192445039749146,0.4055039999999999,610.408
