,acc_overall,training_probe time,inference time,training_probe flops,inference flops
0,0.2785,163.39272785186768,23.53875494003296,0.10137599999999998,35.55852
