,acc_overall,training_probe time,inference time,training_probe flops,inference flops
0,0.4478,103.79974126815796,27.626708984375,0.20275200000000004,133.33896
