,acc_overall,training_probe time,inference time,training_probe flops,inference flops
0,0.1473,56.322571754455566,34.76589059829712,0.10137600000000002,36.37064
