,acc_overall,training_probe time,inference time,training_probe flops,inference flops
0,0.4974,1713.4763708114624,54.753523111343384,1.6220160000000003,5741.69968
