,acc_overall,training_probe time,inference time,training_probe flops,inference flops
0,0.5391,7690.039180278778,40.68538951873779,3.2440320000000007,7737.14148
