,acc_overall,training_probe time,inference time,training_probe flops,inference flops
0,0.3322,251.5624644756317,23.609275341033936,0.8110080000000002,2184.39792
