,acc_overall,training_probe time,inference time,training_probe flops,inference flops
0,0.5737,4855.8456308841705,44.99958515167236,3.2440320000000007,9949.5792
