,acc_overall,training_probe time,inference time,training_probe flops,inference flops
0,0.2409,109.18152284622192,28.77042031288147,0.4055040000000001,611.433
