,acc_overall,training_probe time,inference time,training_probe flops,inference flops
0,0.9691,102.49732637405396,27.395135164260864,0.13685760000000002,45.69668
