,acc_overall,training_probe time,inference time,training_probe flops,inference flops
0,0.7697,151.71707892417908,26.2730655670166,0.13685759999999997,45.46548
