,class_val_corr,class_val_org
0,0.0504632944275087,0.04758295790796125
1,-0.0074740035367180345,-0.0073037511202584185
2,-0.007105061405366264,0.006068618413982995
3,-0.030001706551387293,0.030246660090123514
4,0.019662079966026053,0.02194017404022801
5,-0.014345061683757297,0.011677778789957344
6,-0.006199393271931532,-0.004203911717316691
7,-0.008513514865561034,-0.010098932973536284
8,0.025071777994761464,0.027160820361617346
9,0.0018926520286782905,0.0034595287908021355
