,class_val_corr,class_val_org
0,0.033180607001406744,0.03077581955972812
1,0.026380785924774913,0.027483035451039847
2,0.0008730175152007551,-0.0020054799547304233
3,-0.022548085378797218,0.023489463953089096
4,-0.04136660221302468,-0.036632347866046876
5,7.925368059376672e-05,-0.0016825409897832993
6,-0.011662322069788919,-0.009731673135814835
7,-0.03227988707697923,-0.033886295536071705
8,0.05643426801869744,0.059241915497005776
9,0.00397674532158653,0.005996657111528249
