,class_val_corr,class_val_org
0,-0.053034151485438996,0.04693305875539219
1,0.058121961582427266,0.06813869753311394
2,0.001591377848998243,0.0017307408603133064
3,-0.018304782302451382,0.010628246989144555
4,-0.05682115920945006,-0.030826556971080266
5,0.014497581123135183,0.011939852843974282
6,-0.04914026490977427,0.040701473490097534
7,0.004552569010700298,-0.00032367716846515033
8,0.06236883489355871,0.08212287696057045
9,-0.020771644801867224,0.01588863182172818
