,class_val_corr,class_val_org
0,-0.2332322069788177,-0.0365474170944436
1,-0.23780099672577398,-0.009804136407236125
2,0.2863188801038095,0.04579989561988941
3,-0.22280694965503894,0.005039074991182309
4,0.23628876531290158,-0.02595603211156984
5,-0.28993209143533605,-0.05165476349255629
6,-0.26160363716818336,0.01955494329100094
7,-0.24980513139413268,-0.00547672762225628
8,-0.2555483926036353,0.0031549693120736027
9,-0.2546792429517588,-0.014358607298875316
