,class_val_corr,class_val_org
0,0.29077053162376565,-0.008791195949024007
1,-0.24402590555832585,0.02423387072485266
2,0.28285589344509443,0.022237554658009577
3,0.24745695359186873,-0.00022879436186702858
4,0.26809618780318073,-0.003481020245267051
5,0.30097284260524754,-0.03602625917811754
6,0.25773213378273796,-0.010205654196249797
7,-0.305768679683012,0.03765174151689006
8,-0.226149491961686,0.0765357110499792
9,0.26758014035832844,0.008712295721502079
