,class_val_corr,class_val_org
0,-0.05781696812673802,-0.048350430338349584
1,0.059580091554968975,0.07183901449433067
2,0.0020379552627552647,0.0009427866759320613
3,0.029724445073193096,0.021169141456319894
4,-0.061963813073578206,-0.02840290332515245
5,0.012351230175321215,0.009801610362610331
6,-0.05424134489053491,0.042743412216466374
7,0.013336296991363258,-0.008314082990061974
8,0.06286494056009823,0.08706400047763664
9,-0.021296376345433635,0.01651891416034572
