,class_val_corr,class_val_org
0,-0.2835297494559177,0.014244863443314222
1,-0.25466340682139443,0.030491934031394684
2,-0.31018137566494985,-0.04134436501148385
3,-0.2765741313876626,0.020977748440647925
4,0.29293685679845316,-0.005889232346770798
5,0.2911384246190416,-0.01545326427053343
6,-0.2918451984142158,0.0098561828911836
7,-0.2735436735844664,-0.005587259994880177
8,-0.24453710308435622,-0.045319832511780844
9,0.2918779198907995,0.029832178182793087
