,class_val_corr,class_val_org
0,0.29604712220809154,0.007968614066537398
1,0.27616137533562735,0.014711423172924683
2,0.30430859850516656,-0.013372129294509101
3,0.2722558385423416,-0.004557681725893898
4,0.2983235713245002,-0.0076917046291823
5,0.30529811328622614,-0.01143098648279953
6,0.2812637667782233,0.025213125968522127
7,0.29920441105417905,0.016139262761733542
8,-0.28128148165256966,0.02035937735468801
9,0.29114580288089076,-0.007195022066039551
