,class_val_corr,class_val_org
0,0.33359469268854547,-0.021686528963418876
1,-0.2910419041733252,0.008014756375117848
2,0.3226158054470073,0.018976421049141795
3,-0.2966458652080928,0.02022345742201901
4,-0.3204639392880475,-0.022726600103927786
5,-0.29511706293539214,-0.009035453573852367
6,-0.29520686408559416,-0.007817419595353117
7,-0.3039685313004935,0.01180236037726121
8,-0.26860975712958257,-0.043466940369594594
9,0.2801666615154763,-0.012873412448303565
