,class_val_corr,class_val_org
0,-0.06105413131054814,-0.04805433451415443
1,0.058405268498030065,0.07271136995632152
2,-0.000596237103439169,0.000532358225841096
3,0.038567945838374314,0.029050687131007277
4,-0.06690166383190344,-0.024852638085880917
5,0.007607981052141118,0.005957608812562639
6,-0.058345253832967486,0.04265808786340978
7,0.021357613210347882,0.016986596013698237
8,0.06335981648529537,0.09108380992256002
9,-0.019727721555394283,-0.014888496935328583
