,class_val_corr,class_val_org
0,0.33748452767791903,-0.02989685518171569
1,0.2693138520812461,0.04484223715549912
2,0.29915786323315274,-0.010486996361862337
3,0.3064987433523784,-0.026794511496694724
4,0.3275611073279868,-0.018763512084751043
5,0.30747890323865307,0.0026000663729087437
6,-0.3179917625800486,0.012381088319585145
7,0.3057075556697805,0.0018175401532382722
8,0.29496568832463976,0.01533105686772276
9,0.30709447392298084,-0.02233236460322363
