,class_val_corr,class_val_org
0,-0.31477109494437555,-0.001702725037765052
1,0.3016959212812153,0.008909585686891297
2,0.32110985937506575,-0.005284615526953206
3,0.28243314801176544,0.015516798396865874
4,-0.36246808590561913,0.06278534694628077
5,0.3106518393922974,0.004093451789852036
6,-0.3116955386159296,-0.010254000550497936
7,0.30118505671363155,-0.00670313153026653
8,0.3037513138411649,0.0015099263218951295
9,0.3010152421600668,0.009201604007606196
