,class_val_corr,class_val_org
0,0.3436575710589534,-0.02784053907857302
1,0.3158461995976757,-0.0013224512403924617
2,0.31063535951484494,-0.008990486822807892
3,0.27370186623543147,0.031516801661379976
4,0.3438600108910146,0.03515540280685366
5,-0.31318535151632565,0.002839850316951619
6,-0.3170788643796477,-0.0004895824266199049
7,0.3071370186330657,0.0010934770894828819
8,-0.30442642549102544,-0.028585716417453767
9,0.3230044275718489,-0.018289943508923025
