,class_val_corr,class_val_org
0,0.3398997668805871,-0.01866167802428305
1,-0.29674340026915463,-0.02060392011479036
2,0.3271299943088635,0.01593729524515408
3,0.30953632485724925,-0.011985023524498326
4,-0.3204177210759884,-7.628196503306657e-05
5,0.31135141109172604,0.004919369942177346
6,-0.3303499777766666,-0.0056781146726987575
7,0.3071485810329617,-0.009656520956766734
8,0.3225067127524573,0.004291543780833759
9,0.3236154152043781,-0.01969010627242264
