,class_val_corr,class_val_org
0,-0.06317199497380854,-0.04653423135774069
1,0.052211705730126304,0.06906769056879199
2,-0.00656075378866471,0.00450238018422499
3,-0.04441090179166952,0.03525981386909692
4,-0.07387097060736514,-0.0230115302242954
5,0.0005233547011141339,0.0005494609536233763
6,-0.06189920967353964,-0.04079520621396762
7,0.029384341231413293,0.027074398569462824
8,0.06256611340318319,0.09314519455365335
9,-0.017414576306853943,-0.011267556191991959
