,class_val_corr,class_val_org
0,-0.32802989091483514,-0.005675147507407592
1,0.2956393093868659,-0.02426052066484199
2,-0.3550935542202469,-0.0403128255311468
3,-0.30692009946126897,0.012501503263476101
4,-0.33111283115934,0.022520324332294867
5,0.32389357781995276,0.010407498775964145
6,-0.3168131329270203,-0.0007483589493148968
7,-0.3093729397312673,-0.011441412621171177
8,-0.30321918861480024,-0.02322157967234477
9,0.3160782084704585,-0.0066602835834812316
