,class_val_corr,class_val_org
0,0.33845236735667505,0.006909536366718313
1,0.3240053019020679,0.0009822421516390463
2,-0.34356087637703175,-0.017413788758163736
3,0.3226392720234744,-0.01657658909133987
4,-0.34946628164975624,0.014610904240255428
5,0.30105548830670176,-0.028413557824459257
6,-0.3321917958946209,-0.008217150974074616
7,-0.3290911710667618,0.007421622376665864
8,0.3167300760196041,0.01141288599984167
9,-0.3245091739022866,0.009960980595310458
