,class_val_corr,class_val_org
0,0.36092479087460616,0.008890446451305656
1,-0.32523557632697586,0.015665228271093363
2,-0.3616276399766989,0.02427220847294092
3,0.3239962759629603,0.005850432456193591
4,0.348898760011786,0.012091040109036534
5,0.3389858937428633,0.0006071375333173874
6,0.33407762787481854,-0.005602619907703492
7,0.32819196836259196,-0.017129128929839362
8,-0.33492886725408577,0.00314479704875998
9,0.3132529123822353,-0.009451029063243516
