,class_val_corr,class_val_org
0,0.06672759200193117,-0.045663610936385844
1,-0.04136551517160164,0.06071729042584411
2,0.01853299028155017,0.012055217044968189
3,0.044024611728100294,0.03649662928142688
4,-0.08217083962720992,-0.02027098394459111
5,-0.008681284514579158,-0.005791613102835628
6,-0.06289559406225284,-0.03461396607950198
7,0.03595622956867677,-0.03688985589013809
8,-0.06043269021143842,0.09557452422504786
9,0.01501735547588505,-0.006835240435769574
