,class_val_corr,class_val_org
0,0.3266854880643609,0.015482495118707307
1,0.33215792047829973,-0.00014311175990610117
2,0.34441995661578606,-0.016214588789628136
3,-0.3352104623820449,-0.028140241801805042
4,-0.3188743994909208,-0.02234427744444379
5,0.3394773118526395,-0.017799495904396494
6,-0.32067662245743483,-0.010778195374233543
7,0.3355410653410754,0.002397336217570203
8,0.3375669051628928,0.0024244273685084094
9,0.3378918274942312,-0.028885062143524105
