,class_val_corr,class_val_org
0,0.33509954743758197,-0.012894416685650834
1,0.3274694538248234,0.004265741403879754
2,0.3475472377466788,-0.014623224441293905
3,-0.3305408485754332,-0.016616510059405717
4,-0.3410307267625607,-0.00855546881072734
5,0.34124288769639577,0.012307534492626155
6,-0.32096000708429273,0.00931707179851431
7,-0.32845468400481453,-0.003761065117703041
8,-0.3310745019308391,0.0015270132983782672
9,0.3233181955863869,-0.01293982389990782
