,class_val_corr,class_val_org
0,-0.3377419935450423,-0.006493853268588061
1,0.3020054345305173,0.028412297916659682
2,0.33003811092301993,0.0008704581680877765
3,-0.3261681791087066,-0.02114630726634241
4,-0.3359306561751634,0.003136315738674518
5,0.3349710268197051,-0.006114006388801057
6,0.3509114145086119,-0.042588108430017424
7,-0.3180964817510893,-0.014431201966769159
8,-0.32274665965591876,-0.008430053845743841
9,0.33525941359470884,0.02536186459896663
