,class_val_corr,class_val_org
0,-0.34995384981722677,-0.0071143655030809876
1,0.31998313033285963,0.007059875755026802
2,0.35653198264164987,-0.023679973032248405
3,0.302438437268035,0.0181074159273363
4,-0.3504146639506249,-0.013579906843881873
5,0.33703540696715284,-0.006572284974528442
6,-0.3394689515498225,-0.009764426649711347
7,0.3320147750617501,-0.006059710397619027
8,-0.3067150910348557,-0.027748625800793528
9,-0.3274455707999314,-0.01706618983327817
