,class_val_corr,class_val_org
0,-0.03372120753211327,0.031088098647328793
1,0.03136834296882218,0.033545155927756816
2,-0.0013621669038309811,-0.0025715589772294313
3,-0.018307078760820827,0.019812951258620336
4,-0.04376727671436362,-0.03716069694859484
5,0.002584648675924695,0.003312427797770855
6,-0.015316497539828812,-0.013751424027324618
7,-0.02964278849646863,-0.031224267758885375
8,0.05798755225755722,0.061940937935251766
9,-0.00018675266214508712,0.0021123210520168027
