,class_val_corr,class_val_org
0,0.07021607201704677,-0.04602641376390738
1,0.028365529193980905,0.050380096907036466
2,0.03262301268158893,0.02189431161441889
3,0.03402960874636421,-0.027243205519787195
4,-0.09581818855313365,-0.02461862403151112
5,-0.017866100035810475,-0.009733345100250252
6,-0.06469585510134258,0.03210064154809797
7,0.03826068283561229,0.04384846965968666
8,0.05758762704179691,0.09901642726736418
9,-0.01841457896119523,-0.003155528845165168
