,class_val_corr,class_val_org
0,0.3423459334070178,0.03030255637969084
1,0.34450183483138386,0.009563873176359396
2,0.37301818414530397,-0.0221605858602264
3,0.3528434499008083,-0.013498527609752798
4,0.3692817388039058,-0.015402559323478743
5,0.3718253621799407,0.024163992845636324
6,-0.348496882169189,0.011112614223366936
7,0.3545095637050034,-0.006149351708220743
8,-0.35131435068566286,0.00748663670455686
9,0.3396844845256911,-0.006627466511411242
