,class_val_corr,class_val_org
0,0.34620144007810216,0.02310748673675535
1,-0.35598371083626273,-0.01084015337636739
2,0.3599581974222884,-0.005640400337781433
3,0.34932703505308704,-0.01665805922881598
4,0.34732000499237903,0.010130826326155647
5,0.3592760868256691,-0.009172511806321032
6,0.3520046489253721,-0.00405033124311301
7,0.3534284474124564,-0.00571533280874267
8,0.3585123880537999,0.006322508945458169
9,0.3434811287522419,-0.005317537123050647
