,class_val_corr,class_val_org
0,-0.3450422231599256,0.013907825763798932
1,-0.33842794533791887,0.0031734953133079682
2,-0.3423358460056083,-0.0023071741941008417
3,-0.34104678061435545,-0.018491916597586314
4,0.348229219926069,0.0010999635662573845
5,-0.35011538949689547,-0.007800543501267269
6,0.3354386538258766,0.007446468093048942
7,0.34345165267487143,0.006851564566961309
8,0.3431538174940785,-0.003817672384750573
9,0.33772331958064417,0.015691030961476733
