,class_val_corr,class_val_org
0,0.3431201977081527,0.011605182867325266
1,-0.3370533380141269,0.0005052793488748621
2,-0.33987055558504775,0.0017352101202335012
3,-0.33374694950116,-0.013960874072406156
4,0.34343173735535776,-0.0016640444211653465
5,0.34232727127276147,0.0001208582700206115
6,0.3416181329611139,-0.005805623554144358
7,0.3380398093393363,-0.008115413718539776
8,-0.3400925181831883,-0.0038054995439055165
9,-0.33706276910743094,0.016831866427316176
