,class_val_corr,class_val_org
0,0.06826009002312311,0.020049853436734218
1,0.014890744509186836,0.01566632041500945
2,0.08791905914444596,0.06371069551417226
3,-0.021439989559667885,-0.00619674918604084
4,0.08074439170941618,0.007650073529012328
5,-0.037457076366410796,-0.004484530991631319
6,0.05817690558933134,-0.02178941246843768
7,0.0009467629821215857,0.026448943991139028
8,-0.027110723843026027,0.06618352400434123
9,0.04206187757880421,0.006747018339456888
