,class_val_corr,class_val_org
0,0.06805853970292502,-0.012473160620115683
1,-0.051922123697971764,-0.0022956333677752504
2,-0.10697712080711164,-0.059801112529319383
3,-0.033593522878399576,-0.001353926493024805
4,-0.05013718553694566,0.04164700371659907
5,-0.09440317586084875,-0.02704508503686147
6,-0.031448830767925595,0.02292321240525692
7,-0.0626680286585998,-0.007127938571680106
8,-0.021992412789533546,0.02118144897610875
9,0.07757764391991387,0.02915608512457374
