,class_val_corr,class_val_org
0,0.09643423124339252,0.022203909540003525
1,-0.08221336017904131,0.005193243577499316
2,0.11797249198308107,0.03960973980589431
3,0.05337644319490907,0.007957487925909489
4,-0.06953550084572514,-0.03138299568018088
5,-0.145282529602339,-0.048283955027396255
6,-0.016027312085970226,-0.06515073583452101
7,-0.09542639387897003,-0.0067381844495516055
8,-0.051943337195707734,0.02139212839635564
9,0.10586630603747396,0.03178169407210869
