,class_val_corr,class_val_org
0,-0.037309080260587685,0.034446756365788825
1,0.039042091307891484,0.04315946913266227
2,-0.0017414271479407615,-0.0032692322779919653
3,-0.010282599642971834,0.013145879698326198
4,-0.045618970421938417,0.03518565298750639
5,0.0063844896370790424,0.005845820332631324
6,-0.023472293457765903,-0.021687105446450312
7,-0.0211750820547406,-0.023243716322385158
8,0.058808582227464004,0.06556972095764205
9,-0.007408334609957004,-0.0040619090977889565
