,class_val_corr,class_val_org
0,0.14330041114544043,0.03024544075104039
1,-0.10533479799563496,0.00800386893659898
2,0.11606988793524295,0.013256872265114784
3,-0.08147508235919712,0.0034074768106482243
4,-0.09926690525952409,0.015164685125305487
5,-0.16477262446931018,-0.044405183924369665
6,-0.034013452770177637,-0.08135959208744678
7,-0.11881207975599055,0.007408877106216679
8,0.07161970173237549,-0.02620338927872129
9,0.12513800519696977,0.02875090144355373
