,class_val_corr,class_val_org
0,-0.1877863134696433,-0.02680918700322462
1,-0.10695671161290624,0.030383269420797887
2,-0.1504598004382981,-0.013108421876118504
3,0.15348707252927796,-0.04891042704727582
4,0.15529268714273914,0.018368920889289767
5,-0.14225698462182734,-0.010973697394008951
6,-0.1040805872578033,0.05812519504753417
7,-0.14313581983354307,0.004981364027839767
8,-0.12213935971244591,-0.03295645756376267
9,-0.17250145506096332,-0.03817045386861945
