,class_val_corr,class_val_org
0,-0.192815062940401,-0.018298673758200285
1,0.11124549454272406,0.032778140325775626
2,-0.1592371194856314,-0.013718610648603531
3,0.17478313809211038,0.062007802465127285
4,-0.1797642078392987,0.04257979284242473
5,-0.1534653839855038,-0.009277703673847974
6,-0.12251840355973334,0.04838251656035609
7,-0.135163825206023,-0.018153592911241346
8,-0.12436789226678849,0.04260810858405657
9,0.16478310449487468,-0.021652581046010682
