,class_val_corr,class_val_org
0,-0.04122923833605626,0.03829369259792004
1,0.0463507209658438,-0.05244437452301351
2,-0.0014469597319756219,-0.003663367013196024
3,0.002196492365879081,0.00647057861831753
4,-0.04811368598945642,0.03320996932852139
5,0.011130795719715066,0.009601697573482271
6,-0.032119320098927026,-0.028931552141650996
7,-0.01314988420230155,-0.01580160490792683
8,0.060077701099317794,0.07017949725909844
9,-0.013150086337853997,0.00933579432121382
