,class_val_corr,class_val_org
0,-0.17533482101002834,0.011473972112971454
1,-0.13743038758434528,0.012968679426490479
2,-0.1575956249184628,-0.004752556571623793
3,-0.19203839607805165,0.07202980244882962
4,-0.14133386887007165,0.00419236522398868
5,-0.18915590492031004,0.021901181937946095
6,-0.13968644667694524,0.029569120492905606
7,-0.1618528658835652,-0.006883891368673747
8,-0.11957644156515504,0.045282377341644295
9,-0.15502596148449307,0.011737290895219356
