,class_val_corr,class_val_org
0,-0.25281882411883067,0.053207761466075726
1,-0.1254639867332204,0.0541194393887495
2,0.1799870489276238,0.002470677927430446
3,-0.2230979284563124,-0.06593075204120671
4,-0.16350771311080536,-0.02751790542470832
5,-0.20280867282504036,-0.008193119528615796
6,0.06077859096673816,0.13355234480725553
7,-0.22065882342061754,0.03383027344544406
8,-0.19867480124073145,-0.002082207904254935
9,-0.21334998537878275,-0.04299798804059654
