,class_val_corr,class_val_org
0,-0.0469171542480809,0.042573558337980655
1,0.053401687022867295,0.06149759804210047
2,-0.00017802617988265344,-0.003176807371847505
3,-0.007436338885502381,0.0016244326479163311
4,-0.05195441652407553,-0.032006214646095314
5,0.014101254316508353,0.011992521739696116
6,-0.04093496305376271,-0.035379192287861225
7,-0.003855449492306819,0.00721180656474899
8,0.061672940394239706,0.07611078508317055
9,-0.01810994958127813,0.013770361876141168
