,class_val_corr,class_val_org
0,-0.24181825686477748,-0.0018991291129248512
1,-0.21496196101506046,0.006649211060823116
2,0.24512199373777382,-0.032803584079465514
3,0.16651698750895283,0.02752830828852165
4,0.2401168617065419,-0.008136747769869331
5,-0.22841807953605797,-0.0037166378140726618
6,-0.2173201274717757,0.009090139178654253
7,0.2301377429937711,0.002829811547878404
8,-0.1705020865648148,0.057493446014683695
9,-0.25612729210335006,0.05904975599221367
