,class_val_corr,class_val_org
0,0.263521228763427,-0.003763530973179014
1,-0.22235709677068846,0.008220949126657134
2,0.25237078862502116,-0.026603553352984796
3,-0.2114288201570332,0.0009439355987137382
4,0.2194527214756807,0.02158480788414087
5,-0.23875110354450485,0.01671481266502596
6,-0.2541059008586735,-0.030088054048883477
7,0.260182779888302,-0.03167666948349315
8,0.2152012092832174,0.01653177569451529
9,-0.20832979076150765,0.009474442814317889
