,class_val_corr,class_val_org
0,0.2503561545437693,0.00010530525102788596
1,0.25796960444259065,-0.028530318144400414
2,-0.2717663610898867,-0.038196908346034474
3,-0.22020954142571908,-0.007551874825538037
4,0.2084616284851569,-0.04480098396547025
5,0.28298015445270935,0.029160259011647004
6,0.2345501312978135,-0.0030712100262383912
7,-0.2544790984580017,-0.014349745855362087
8,-0.21237885815965427,-0.05193091214635049
9,-0.21963371911189403,-0.009898706178757943
