,acc_overall,training_probe time,inference time,training_probe flops,inference flops
0,0.9462,133.94281649589539,30.2059063911438,0.13685759999999997,47.88152
