,acc_overall,training_probe time,inference time,training_probe flops,inference flops
0,0.4343,103.47069978713989,20.024656057357788,0.20275200000000004,127.38816
