,acc_overall,training_probe time,inference time,training_probe flops,inference flops
0,0.9468,149.76975893974304,21.1876699924469,0.13685760000000002,52.20496
