,acc_overall,training_probe time,inference time,training_probe flops,inference flops
0,0.9675,123.79985880851746,22.59908628463745,0.13685760000000002,43.99736
