,acc_overall,training_probe time,inference time,training_probe flops,inference flops
0,0.3888,135.4724977016449,17.026278972625732,0.20275200000000004,181.99188
