,acc_overall,training_probe time,inference time,training_probe flops,inference flops
0,0.7347,158.12395238876343,28.520771265029907,0.13685759999999997,52.75984
