,acc_overall,training_probe time,inference time,training_probe flops,inference flops
0,0.1505,12.669272422790527,2.430391788482666,0.10137600000000002,35.5688
