,acc_overall,training_probe time,inference time,training_probe flops,inference flops
0,0.3383,116.29266405105591,14.84540343284607,0.8110080000000002,2153.74488
