,acc_overall,training_probe time,inference time,training_probe flops,inference flops
0,0.5708,3028.382954597473,44.15680480003357,3.2440320000000007,10016.7618
