,acc_overall,training_probe time,inference time,training_probe flops,inference flops
0,0.5031,1399.7883594036102,29.209052801132202,1.6220160000000003,5696.30492
