,acc_overall,training_probe time,inference time,training_probe flops,inference flops
0,0.2282,36.626079082489014,4.571257591247559,0.4055040000000001,591.917
