,acc_overall,training_probe time,inference time,training_probe flops,inference flops
0,0.4977,77.65110731124878,5.1999242305755615,0.20275199999999996,167.68944
