,acc_overall,training_probe time,inference time,training_probe flops,inference flops
0,0.3073,185.4005091190338,43.33937430381775,0.4055040000000001,351.575
