,acc_overall,training_probe time,inference time,training_probe flops,inference flops
0,0.2355,90.58992958068848,18.45395016670227,0.10137600000000002,23.29448
