,acc_overall,training_probe time,inference time,training_probe flops,inference flops
0,0.3754,344.7055480480194,15.872150897979736,0.8110080000000002,1784.43312
