,acc_overall,training_probe time,inference time,training_probe flops,inference flops
0,0.2355,68.29289722442627,14.211711883544922,0.10137600000000002,23.29448
