,acc_overall,training_probe time,inference time,training_probe flops,inference flops
0,0.5082,957.1011230945587,45.09170722961426,1.6220160000000003,5405.25404
