,acc_overall,training_probe time,inference time,training_probe flops,inference flops
0,0.5015,47.93093705177307,6.981450796127319,0.20275199999999996,172.5732
