,acc_overall,training_probe time,inference time,training_probe flops,inference flops
0,0.7834,132.30732774734497,33.241570234298706,0.13685759999999997,46.13596
