,acc_overall,training_probe time,inference time,training_probe flops,inference flops
0,0.4125,97.88586401939392,25.688101530075073,0.20275200000000004,160.9794
