,class_val_corr,class_val_org
0,0.008406971728253946,0.010462288531502658
1,0.013372536835492865,0.012787775853855515
2,-0.013646663989401281,0.015007845174812528
3,0.0025402901581936116,0.003720393321408463
4,-0.004008093903372426,0.0020329828219051334
5,0.006113655868186765,0.008875225867322367
6,0.01532770987040167,-0.016569488070505393
7,-0.02019738755317273,0.020300311112174244
8,0.016145385200363245,0.007391900300867969
9,-0.019618902630637487,-0.01984162807924571
