,class_val_corr,class_val_org
0,-0.00017177854342401155,0.004021837050263611
1,0.021408898331903167,0.022133591353137125
2,0.017731781321088203,-0.01703049974152901
3,-0.016720719030871224,-0.014444661287174894
4,0.04840637986835758,0.04825002287699001
5,-0.034010569948589364,-0.036647076668536734
6,-0.024133136860507554,0.02432403487495885
7,-0.01850834711536129,0.018514831526151507
8,-0.0446334891604447,-0.03778604685476822
9,0.007473717422935259,-0.008304787991961746
