,class_val_corr,class_val_org
0,0.00520103414003683,-0.02148081275061821
1,0.04670362209520231,0.05719544033921503
2,0.0073302933309495125,0.008318191934228975
3,-0.040662061736564364,-0.03424963042176976
4,-0.0909292898491757,0.06701827494507615
5,0.02920995732241708,0.031848130935059754
6,-0.05556640683679451,-0.06007398867568514
7,0.04948484637948402,0.047594080639456506
8,0.04718699764226357,-0.04569981934560718
9,-0.05132029949522422,-0.05826998956311917
