,class_val_corr,class_val_org
0,0.28434436779069483,-0.022718538306120195
1,0.25343626093004484,-0.010478922738334173
2,0.3032127245182639,0.026737844869427006
3,0.2674784570494356,0.013639355677383294
4,0.24702828441333152,-0.020890854656255183
5,-0.25028573892544237,0.0132508140250273
6,0.2577774319359254,-0.013251262762604056
7,0.28448199225512244,0.028144416919739706
8,0.25606264457882844,-0.001314883354863565
9,0.24965136110112374,-0.013381636743983578
