,class_val_corr,class_val_org
0,0.2860922909414198,-0.04155035067622568
1,0.2641662371592822,-0.024360248118017517
2,0.3069600081442983,0.022756618918912515
3,0.27758101042542827,0.006107392050165163
4,0.2885148629469773,0.01364015040683031
5,0.2901315074364791,0.02101371603478644
6,0.2741362887226734,-0.016530372440634364
7,0.275943617501257,-0.00029695511409619495
8,-0.2478534676305023,0.03931385138551996
9,0.2922842116842158,0.014995553169088021
