,class_val_corr,class_val_org
0,0.006987948343479232,-0.026454425960053454
1,0.04914482410645074,-0.06163143390969507
2,0.0005821827241807749,-0.002525107225767726
3,-0.04710751953958362,0.04001635508954811
4,-0.10006989729332295,0.06931631593399463
5,0.023674619610922536,0.025658358061067543
6,-0.05922193326450078,-0.06142055843150085
7,0.05534958050164559,-0.053412215029511906
8,0.048080923255771596,0.04712102097520478
9,-0.05766977711994295,-0.06512904876257228
