,class_val_corr,class_val_org
0,-0.3194467613861489,-0.002341859969166596
1,0.2667261081970312,-0.02757507937873601
2,0.31870933649423744,-0.03192843792066461
3,0.304302232336892,0.021621741136338874
4,0.2433344706561915,-0.03588046323425694
5,0.31069300236657227,-0.04542713368994115
6,0.27488077320347026,0.017845930990947383
7,-0.29171618601609806,-0.016214090553743298
8,0.27104023016248113,-0.01100126714713608
9,0.2675968266703434,-0.01954420547410016
