,class_val_corr,class_val_org
0,0.31560206093911497,-0.0014966783801742406
1,0.2825927178788455,-0.00876726896853942
2,0.32666953533588083,-0.029528930352345776
3,-0.26743080423384014,-0.023390683707707458
4,0.31793158336171073,0.04594863184665562
5,-0.28449639234623486,0.010239681529536276
6,0.27534572473720953,0.01782632360045009
7,0.2772607624328596,-0.011417224527655954
8,0.28987516303769334,0.002753030469497258
9,0.2768720673377195,-0.009870890464211649
