,class_val_corr,class_val_org
0,0.32796535207293864,-0.004453842294972754
1,0.2782816286785771,0.012300327065629375
2,0.30971914948089685,0.004946055682962542
3,0.28263685097720603,-0.009421721344505267
4,0.2934200828446399,0.00525767944220791
5,0.2963514157828332,0.025484495003644296
6,0.3002835820580456,0.016321484285207574
7,0.3027000537496859,0.021499989150738863
8,0.27806947277997174,0.007721874774976143
9,0.27861882805550464,-0.011349227918448692
