,class_val_corr,class_val_org
0,0.3315491902129635,0.003475684004426275
1,0.2859368241907259,0.02132078330474356
2,0.30315114540184573,-0.007021598123093744
3,0.3012994810792874,0.018022214086375977
4,0.3281238221703721,0.03693680595894491
5,-0.31087008952956635,0.04146196585400653
6,0.30232863409680744,0.006552465634543691
7,0.313176679236132,0.024319789725057866
8,0.2733096769755694,0.03509856162933667
9,0.27204481956388726,-0.02571056815053355
