,class_val_corr,class_val_org
0,-0.007127215544696759,0.030599480165695744
1,-0.049643545607505835,-0.06382193641470926
2,-0.009407893071354607,0.005992545587263823
3,-0.05273143049163216,0.044877007840916375
4,-0.10600592977392222,0.06718190020036895
5,-0.016020672325455246,-0.01676311914518629
6,-0.059954479960034765,-0.05855670539183
7,-0.05805567234198412,-0.05736089793960269
8,0.0467135262165575,-0.04658815654087612
9,0.05971096199233265,-0.06778766626792096
