,class_val_corr,class_val_org
0,0.3360203125008028,-0.004654228000789136
1,0.3017471098851773,-0.0106544991686679
2,0.308353645163929,0.014951373301898035
3,0.2684111749149345,0.03735531810196176
4,0.3392854641856992,-0.041526492316219715
5,0.3130127308274658,0.03247425734715387
6,0.303586352092695,0.0054330901612177065
7,0.2946882768044691,-0.014074348169304158
8,0.3030405318133247,-0.00013904337214123465
9,0.3122875612605755,0.014111172407719835
