,class_val_corr,class_val_org
0,0.3353887973042459,-0.014410598728415682
1,0.32603864223918394,-0.015745367738303963
2,0.306299492190675,0.02415473928309972
3,0.31803243669178943,-0.021208541131790645
4,0.31577785871482,-0.019173829634550735
5,0.3199483801843468,0.024234546239021822
6,0.30368434022363067,0.004307889814432841
7,0.30659730609691327,-0.0011981393042380176
8,-0.27778068628335145,0.03814113040758197
9,0.31644518870748,0.0181075585323809
