,class_val_corr,class_val_org
0,-0.331279244514349,-0.021541440706473545
1,0.3119134512662871,0.013272732621649637
2,-0.3126139397126177,0.015971619938535214
3,0.31160941549107085,-0.0013641126298087197
4,0.3201453866583058,0.0177457858971833
5,0.31470313746252,0.021975914470400836
6,0.3005534201903701,0.01974290239333404
7,0.3147732582001045,0.00651101275295251
8,-0.3180614220688901,-0.01681091849996596
9,0.3277968601263891,0.02878420509683135
