,class_val_corr,class_val_org
0,0.347584101974756,-0.002595858826942344
1,0.2897697498165056,0.040729209257309884
2,0.32157327044234085,0.007697528637078621
3,0.2988863093442152,-0.021176242245665985
4,0.3207827546666873,0.013934678540986747
5,0.3133806328133242,0.017980009380599134
6,0.32635267250045485,-0.0031497941960491396
7,0.3146933926137232,0.007685798600197418
8,-0.3145454978838869,-0.009061612575119511
9,0.33126653220700936,0.039197429255485985
