,class_val_corr,class_val_org
0,0.006175434462099595,0.03210915424480952
1,-0.046293318215124626,0.06220661650584486
2,-0.02438451659984887,0.018684595354539577
3,0.05762362773268929,0.050516060741300176
4,0.10954176262091868,-0.06182677386240212
5,-0.006509976084872604,-0.006650004438549349
6,-0.05844313458333619,-0.049113544694418296
7,-0.05955672987243878,-0.06122162936547126
8,-0.044756672139487884,-0.04796625465219341
9,0.05878578675452423,0.0668103588299843
