,class_val_corr,class_val_org
0,-0.32147079749639823,-0.028096728914987046
1,0.3293463483100248,0.02356398503893678
2,0.33495369083485693,-0.015265671848658416
3,0.3201578861039046,0.0016903726122628991
4,0.3193841946261579,-0.0038413808016325227
5,0.31524040955711563,0.017722125089881413
6,0.3078070723172976,-0.02207665132255368
7,0.3091064389678515,-0.004942340490898235
8,0.30940891500800155,0.011094887327866555
9,0.29335736113621774,-0.015126394781338606
