,class_val_corr,class_val_org
0,0.3327172540825145,-0.01697146503090604
1,0.3170450970104324,-0.0033426846000053326
2,0.33303918403887495,0.002655849029410004
3,0.32974670941254747,0.008056185514781797
4,0.3398804435613848,0.025701245579253643
5,0.3319732818983058,0.030085088735240895
6,0.33389700891035684,0.015340622214377465
7,0.2995381072613412,-0.024063325319574367
8,-0.3149446277315405,0.005064293786793839
9,0.31679137959654524,-0.005986441258082755
