,class_val_corr,class_val_org
0,0.36232644543550974,0.019469390394901562
1,0.3339568958174223,0.018842234380751454
2,0.3295395845547891,0.017682400713732525
3,0.33952296471269194,0.016902108063715233
4,0.33952631582678094,0.023370529294069332
5,0.3206378129821076,-0.005838807532482768
6,-0.34384220823692335,0.020327775804415138
7,-0.325927602161274,-0.005071948625701426
8,-0.3031705767998622,-0.04398184185011102
9,0.31603025293534737,-0.018489752872339
