,class_val_corr,class_val_org
0,0.3405829301745133,0.03146509294773463
1,0.32508949864749925,0.00945103235925806
2,0.34685055476535076,0.008905844683618682
3,0.3306479853577855,-0.003152633666465572
4,0.34273121789654337,0.020343080934059073
5,0.33164049919837135,0.02405420994585706
6,0.32428181700423053,-0.010935822217745151
7,0.3363302128813337,0.008979077798209781
8,0.3203706517685075,0.011286550829940886
9,0.3364515737940412,0.003929963648918729
