,class_val_corr,class_val_org
0,-0.0007645256270250415,0.027591575717061046
1,-0.039538757605166355,0.05637711759113778
2,-0.0405504056526981,0.03078274706309631
3,0.05685106159911284,-0.05010532422098168
4,-0.11268339316768339,-0.057989020678388535
5,0.0032250401770995314,0.003132934084099462
6,-0.05626586814538394,-0.03555735355877978
7,-0.059906532615281886,-0.06605590784401813
8,-0.03973849062967357,-0.051367375167030986
9,0.05652265717218445,0.06268589501566159
