,class_val_corr,class_val_org
0,0.35179784177535767,-0.01329158658036577
1,0.33224246342639446,-0.006164095551642008
2,0.3253980715239454,-0.025475208438800065
3,0.3267842733114195,-0.006657227313311332
4,0.34447782928573173,0.027183982902449652
5,0.32991201686987687,0.017008495454317908
6,0.351803820490656,0.014827943228433846
7,0.3166241909375169,-0.008316148501439802
8,-0.330390195834086,0.00014710212232967902
9,0.34308272431116127,0.024217433789734205
