,class_val_corr,class_val_org
0,0.34496721413065234,0.027266441186462438
1,0.33485073060160875,-0.011329508072390079
2,0.33751420364064166,0.0001726048071310944
3,0.32963394452705325,-0.002950387474540548
4,0.34949428107895586,0.039940198102876454
5,0.32909694403811107,0.0281683851892862
6,-0.3290714487171035,0.003780473080872747
7,0.32428899159793245,0.0049225339966237625
8,0.30661777287246517,0.014637562290072795
9,0.3145628125630423,-0.001451953451394635
