,class_val_corr,class_val_org
0,-0.331500524249537,-0.023093699310231863
1,0.3274946965690696,-0.0036813768159395313
2,-0.3345884434050057,0.00022401127193106413
3,0.3256939554942537,0.007369166119053819
4,0.34530454889652845,0.03511913957259412
5,0.3333336128528517,0.026666104241333595
6,0.32822865993749734,0.003372349386489517
7,0.31848734274135165,-0.0009422464347951113
8,-0.32068636254815897,0.0011045359918001423
9,0.32352434533305147,8.334933950523852e-05
