,class_val_corr,class_val_org
0,-0.3529961701260305,0.00029251514392706485
1,0.3150829185270573,0.011848824480862434
2,0.32843517854189014,-0.009666059763014982
3,0.328768516284825,-0.004825627807716077
4,0.3316170547306879,0.013374088297295236
5,0.3267937747195968,0.010617654797160522
6,0.3199038008508672,-0.014560882129176098
7,0.32172777111592643,-0.00035865143342538996
8,0.3230230452840839,0.0068511161159499415
9,0.3236529636637993,-0.002178221664452625
