,class_val_corr,class_val_org
0,0.0002125421703188142,0.00629340149918101
1,0.023956810028659417,0.02579855572950906
2,-0.017002334517636174,-0.016690213349516387
3,-0.02012804795652584,0.016922412223651317
4,0.053857910231611475,0.05157814035979409
5,0.03434771457262572,-0.037026336711908935
6,-0.027294694474211754,-0.028415733948390223
7,0.021765000471133965,0.021760827543736875
8,0.04489615070433187,-0.03951799251163183
9,0.012969831606092264,-0.014317097695833246
