,class_val_corr,class_val_org
0,-0.007028214775751676,-0.023188958063915514
1,0.02954899232771993,0.046664954229857614
2,-0.0586272980543736,0.04371174043082941
3,0.051251231659294266,-0.045314448120970845
4,-0.11569842831177511,-0.05281432496618026
5,-0.013966124856224664,-0.012155195833816107
6,-0.05286504618240797,-0.01794246821083422
7,0.06224344083631499,-0.07344163105751149
8,0.032911808190908706,-0.05593884356654492
9,-0.05600764764369342,0.05625432356577161
