,class_val_corr,class_val_org
0,0.37316548832282315,0.0026600242610482043
1,0.33462434642973193,-0.01565100670372418
2,-0.3602119667137685,-0.004875764341485761
3,0.37976780681228955,-0.05142368985385369
4,0.32866704685911463,-0.011077547949996557
5,0.33755969589961277,0.005538484414907539
6,0.36705014654997475,-0.018249989619959932
7,0.33715046048821473,0.0005171863999129805
8,0.32053882042132936,0.01393076703821646
9,0.35031792026558495,0.0028647983737709153
