,class_val_corr,class_val_org
0,-0.36169596274883076,-0.027543737495305184
1,0.34589724649970743,-0.007170598256215155
2,0.3699136715463187,0.009458792437410771
3,0.3339637920216608,0.021516781806625387
4,0.34841364444467493,-0.006494041728455774
5,-0.3586789251800737,0.029334954146428307
6,-0.3500780848961512,-0.004028101514968659
7,0.35049657514600574,0.01097117597926048
8,0.34553669140962645,0.008168386443278521
9,0.3500569138375176,0.003973340336914298
