,class_val_corr,class_val_org
0,0.3592685257612706,-0.013443181836589265
1,0.3478602345538336,-0.0011013532674531232
2,0.3520688494169838,-0.004131737743899813
3,0.349934071149107,-0.001658895090369119
4,-0.3420705663289408,0.0040569553557056465
5,-0.34182303867324915,0.015921408033006682
6,0.3488996662328717,-0.0005890451882000092
7,0.3380795266792482,0.0030288427611480768
8,-0.33620311777752093,-0.005139916386554496
9,0.3547083710329584,0.01754376558194762
