,class_val_corr,class_val_org
0,0.34992615568962654,-0.023973728574862338
1,0.3477753052582939,0.005606607281790484
2,0.34509626260119797,-0.007603339728033318
3,-0.34334929418018023,-0.003686277468132748
4,-0.3406816702510448,-0.008337112946746897
5,-0.34961217663709165,0.03182749393625406
6,-0.3464322100731396,-0.00035775639848623867
7,0.3361607043065094,0.003934165693280187
8,-0.3288817270950837,-0.0056072775930935
9,0.3481782066969671,0.011062023981437104
