,class_val_corr,class_val_org
0,-0.34697338819820256,-0.023839180365996672
1,0.34200817873734396,0.0019069464344629757
2,0.3426909070421216,-0.006490588346948838
3,-0.3412863552336184,-0.0024722182477155824
4,-0.3337376121596463,-0.000695093804840792
5,-0.3354798575453033,0.017159144411719587
6,0.3467146087913757,0.008852034399740593
7,0.33541089328714435,0.005948842684512455
8,-0.3312099821724841,-0.0010180923438516103
9,0.3456551799898732,0.01197795857447835
