,class_val_corr,class_val_org
0,-0.34415964911405716,-0.02540829748187031
1,0.33770360940398586,0.002720836954816439
2,0.33942378209604934,-0.00619235600191312
3,-0.3379652785657985,-0.0002817571055311885
4,0.33541803834010575,0.005690155147890362
5,-0.3293110942499971,0.013754796381142758
6,-0.33914235078488764,0.002024178002617752
7,0.3306325142075736,0.007862433258900021
8,-0.3326656242922335,0.006338256102991397
9,0.33672999757844796,0.004472223019999549
