,class_val_corr,class_val_org
0,0.34580636315244656,-0.019537031425830277
1,0.33374789791826553,-0.003181441547352103
2,0.3383640135100269,-0.007911668320811582
3,-0.3325960648336155,-0.0052820461246919845
4,0.3334949161549895,0.006198931739169786
5,-0.3283353831715597,0.013106259220211629
6,-0.3416899632850207,0.006833157373806247
7,0.3289359968228128,0.007964408018051119
8,-0.32795226224561075,0.001499755756162473
9,0.3372022429476573,0.007457026741940295
