,class_val_corr,class_val_org
0,-0.04949390934933985,-0.0038485421877582013
1,0.002910339518094695,0.026866785062083162
2,-0.09486664798057373,0.06290730190855054
3,0.04972856419768448,0.025740179502064774
4,-0.0983720038468053,0.024432524452625184
5,0.04464412209065246,0.029600635295626447
6,-0.040830288396532945,0.013456420231183874
7,0.03036070650907215,-0.059673053406306506
8,0.02201455501320571,-0.06728120942391486
9,0.07525333100381984,-0.046153264276185324
