,class_val_corr,class_val_org
0,0.14142817174679742,0.011615993789959013
1,0.05770750390338848,0.011197348945408834
2,0.10512280534151436,0.012763194688969333
3,0.08906485427921997,0.011762301839350522
4,0.05522791305469191,-0.04052842771046444
5,-0.1158005540165605,0.05958482251514807
6,0.030433631863008515,-0.03253880175538419
7,-0.08306592950914685,0.006938799301585236
8,0.028119218541311893,-0.04756312544886136
9,-0.14629508796513152,-0.0629155062023424
