,class_val_corr,class_val_org
0,-0.0015193268919218399,0.0099403860532997
1,0.02885883630020849,0.032941390692236776
2,0.014807946288538258,-0.014733420640099141
3,-0.025242284465340287,0.020998168968893203
4,-0.062246907239160404,0.055701459359451935
5,0.034359738747493436,-0.03754672080407857
6,-0.033857204815007536,-0.03648962473222695
7,0.029021255901071318,-0.028476464225142814
8,0.044346266932084565,-0.04060913585653059
9,-0.02358187597844677,-0.02626672972804229
