,class_val_corr,class_val_org
0,0.17101584202986914,0.007202325979949929
1,0.06143512546526898,-0.008198420501783842
2,-0.1185600330580975,0.006490926595858149
3,0.1244779876436514,-0.02854261839292179
4,0.06343690069389968,-0.04799947914708369
5,0.15191877878380872,0.07788434768200422
6,-0.026361079376194276,-0.05661847812480469
7,-0.11986945724550871,-0.020445214975892096
8,0.059841968615574254,-0.0324436351402801
9,0.15615287237377984,0.05254325266815432
