,class_val_corr,class_val_org
0,0.18584591592393523,0.0023333940522746593
1,0.07404814043657049,-0.0175993088079053
2,-0.1193190974636262,-0.00809754746799526
3,-0.15641277374455737,0.038161117584978595
4,-0.10196779712110614,-0.017144270862686925
5,0.17812513861828766,0.0833155138454805
6,-0.03987504998838758,-0.059058475296539695
7,-0.13556985840268035,0.020241866079506152
8,0.08715818783862928,-0.021797932791295715
9,0.1627139036594138,0.04123092202193042
