,class_val_corr,class_val_org
0,0.20520071650896846,-0.003365398503969469
1,0.09858395640485129,-0.012095995766738182
2,0.1304565974549795,-0.00709422114751731
3,0.1846009467110529,0.05068157385543388
4,-0.12325015532493427,-0.012283309628484944
5,0.17317321934508487,0.06623041638777487
6,0.043604096235948034,-0.07923970822804731
7,0.14629729922895773,0.018193350694979064
8,-0.13201050601851386,0.0022678035968305733
9,0.16964221220045272,0.032607192720803445
