,class_val_corr,class_val_org
0,0.21454728565433034,-0.006601647980993632
1,0.09880095744993073,0.026943203197054656
2,-0.1324440691093047,0.01421065646262305
3,0.20050244950999635,-0.0611836996974084
4,-0.14004582090953277,0.0035474760855381676
5,-0.17384644234296753,0.05675315444012721
6,0.05522983470096529,-0.08252904970259664
7,0.15126022643545547,-0.015933398021279202
8,-0.1549705561378773,0.014568343004171772
9,0.18408908843739058,0.04322830137774952
