,class_val_corr,class_val_org
0,0.002956365174808011,-0.013408200766421088
1,0.03539361530914886,0.041686441898434595
2,0.012920534385242278,0.013072354549881413
3,-0.030267532242387325,-0.025248827671526846
4,-0.07133601521191177,0.05987847280457434
5,0.0339971372440933,0.03745006448702021
6,0.041356177022394816,-0.04546511560523783
7,0.0365885706395806,-0.0354875858101971
8,0.04497086210128732,-0.04210787088478158
9,-0.03330973373917204,-0.03744944474881866
