,class_val_corr,class_val_org
0,-0.18440729536360112,0.04420052499120405
1,-0.11626895429901653,0.013772430043480173
2,-0.13230934501493943,0.02061815782712273
3,0.212088010752282,-0.06567477045585661
4,-0.1542666750354584,0.007167085902307441
5,-0.16779879089688193,-0.04446454188506753
6,-0.08241977120117308,-0.05417373012291635
7,-0.1503902556468597,-0.010153191448606503
8,-0.15465517191027167,0.010728302588403954
9,0.1958895897370983,-0.04164362259272935
