,class_val_corr,class_val_org
0,-0.18727030017069143,0.020826286039759376
1,0.16735700882148818,0.02214593998354366
2,0.11473256082240374,-0.045539389743758235
3,-0.16481048466640655,0.004988172257197096
4,0.18950317596780564,0.04029727358735994
5,-0.17204904016161504,0.03397666614473116
6,-0.10752839002078214,-0.03655716642569151
7,-0.187081484926566,0.022146972600849225
8,-0.15681743201392978,0.013964888768654937
9,0.23242015069148841,0.08310408865036983
