,class_val_corr,class_val_org
0,-0.2853536886295881,0.0983578424287615
1,0.18416049654114283,0.0265471961706348
2,-0.08934447930825994,0.09187625119388498
3,-0.2157639495733263,0.04860186282992089
4,-0.07966251212913117,-0.09257123275249521
5,0.18458659864633226,-0.03646005177564628
6,-0.06355904020654618,-0.10366204054519117
7,0.18677315645372433,0.02212393075055729
8,-0.165274572609989,0.021384246838875683
9,-0.2742496775519694,-0.11682743419043087
