,class_val_corr,class_val_org
0,0.004000792581140708,-0.01711315134208298
1,0.041550923527266276,0.05002465670507794
2,0.01105156190403687,0.011519621912019568
3,-0.03563753506423267,-0.029903503499553955
4,-0.08141108725868307,0.06449388739726811
5,0.032625592745990084,0.03599348977577203
6,-0.0491875878952321,-0.05403675013131222
7,0.04359637542813691,0.04190880301618712
8,0.0460324196845565,-0.04367199485158166
9,-0.042742132867945586,-0.04798260322682811
