,class_val_corr,class_val_org
0,-0.21442741456337433,-0.01136103159201917
1,0.20583715596970795,-0.0046817725032055986
2,-0.12715874519530918,0.0869254772687201
3,-0.2006384179657678,0.009264799126608908
4,-0.21733910854804642,0.013881174877144069
5,-0.259518868555872,-0.08323536348688118
6,-0.13998638668129706,0.06980171727431747
7,0.24758934208243188,-0.04441044444989768
8,-0.21169078962657426,-0.00023707193830527565
9,0.24186663097659092,-0.03790743782425549
