,class_val_corr,class_val_org
0,-0.24721091734450426,-0.012067200131647353
1,0.22476783548671475,0.011138662997357386
2,-0.23546335362154763,0.0051553764808493635
3,-0.21252707786763897,0.002760024105703942
4,0.21167672211797495,-0.018418171365074322
5,-0.2211711125082969,-0.027620258863066273
6,0.20644674130704366,-0.012733835084963901
7,0.22851121791670406,0.015387854074905173
8,-0.1955603772099733,0.02719429036462428
9,-0.25058601488640236,0.02748073732252276
