,class_val_corr,class_val_org
0,0.22610814452326777,-0.05178619071292793
1,0.2536381389345358,0.03703091286639991
2,-0.24441289946019362,-0.0007965346418707733
3,-0.25365823213505184,0.03588398853733116
4,0.24391923368837257,0.01782541663593583
5,-0.22645944305789648,-0.018125422730353745
6,0.22985733519174528,-0.004991582817027098
7,0.2490273219023608,-0.021003857155347985
8,0.1649407959697032,0.07095240779974359
9,0.25054408527371563,0.01712529155315117
