,class_val_corr,class_val_org
0,0.23498885019930976,-0.0569524651703533
1,0.2670511988119012,0.02128441639727005
2,-0.2595374208417897,-0.011396026468534652
3,0.2656152344858352,0.023416634595351437
4,0.23226298279822682,0.0006852905898918904
5,-0.24207274476242777,0.013905492416731098
6,0.2434929350903905,-0.0029989103230067867
7,0.24997949118069462,0.013299102471766164
8,-0.21644856561514947,-0.020342081043310957
9,0.242594427971088,-0.00887011729857216
