,acc_overall,training_probe time,inference time,training_probe flops,inference flops
0,0.391,137.30173301696777,30.40424418449402,0.20275200000000004,182.40228
