,acc_overall,training_probe time,inference time,training_probe flops,inference flops
0,0.3886,127.19516468048096,26.24399471282959,0.20275200000000004,183.63348
