,acc_overall,training_probe time,inference time,training_probe flops,inference flops
0,0.9639,116.33725333213806,32.37132549285889,0.13685759999999997,41.28076
