,acc_overall,training_probe time,inference time,training_probe flops,inference flops
0,0.9018,152.5715868473053,26.300976037979126,0.13685759999999997,54.52852
