,acc_overall,training_probe time,inference time,training_probe flops,inference flops
0,0.5021,62.46434831619263,5.395367622375488,0.20275199999999996,172.38852
