,acc_overall,training_probe time,inference time,training_probe flops,inference flops
0,0.51,122.0990264415741,24.860554695129395,0.20275199999999996,173.84544
