,acc_overall,training_probe time,inference time,training_probe flops,inference flops
0,0.907,110.36707615852356,23.540634155273438,0.13685759999999997,52.887
