,acc_overall,training_probe time,inference time,training_probe flops,inference flops
0,0.4602,127.18696069717407,30.19820237159729,0.20275200000000004,122.9148
