,acc_overall,training_probe time,inference time,training_probe flops,inference flops
0,0.5131,68.76925349235535,7.420077323913574,0.20275199999999996,138.32532
