,acc_overall,training_probe time,inference time,training_probe flops,inference flops
0,0.8978,144.11381101608276,34.06484341621399,0.13685759999999997,54.63256
