,acc_overall,training_probe time,inference time,training_probe flops,inference flops
0,0.5112,118.00173759460449,30.56203031539917,0.20275199999999996,173.57868
