,acc_overall,training_probe time,inference time,training_probe flops,inference flops
0,0.7522,110.03468918800354,27.570939302444458,0.13685759999999997,51.74256
