,acc_overall,training_probe time,inference time,training_probe flops,inference flops
0,0.9478,134.6318907737732,32.80438590049744,0.13685760000000002,53.02572
