,acc_overall,training_probe time,inference time,training_probe flops,inference flops
0,0.5029,109.48285341262817,20.47776699066162,0.20275199999999996,174.29688
