,acc_overall,training_probe time,inference time,training_probe flops,inference flops
0,0.9108,95.61925292015076,24.732047080993652,0.13685759999999997,51.89284
