,acc_overall,training_probe time,inference time,training_probe flops,inference flops
0,0.7529,112.03175616264343,27.204195261001587,0.13685759999999997,51.9622
