,acc_overall,training_probe time,inference time,training_probe flops,inference flops
0,0.9054,104.5967276096344,29.568796634674072,0.13685759999999997,54.37824
