,acc_overall,training_probe time,inference time,training_probe flops,inference flops
0,0.3797,191.35602807998657,36.19515872001648,0.20275200000000004,28.215
