,acc_overall,training_probe time,inference time,training_probe flops,inference flops
0,0.2769,143.7977375984192,23.25299310684204,0.10137599999999998,35.09592
