,acc_overall,training_probe time,inference time,training_probe flops,inference flops
0,0.5468,599.6360342502594,32.798858880996704,0.8110079999999998,2054.81916
