,acc_overall,training_probe time,inference time,training_probe flops,inference flops
0,0.4336,187.52861762046814,11.039670467376709,0.4055039999999999,599.707
