,acc_overall,training_probe time,inference time,training_probe flops,inference flops
0,0.6522,1930.3233292102814,32.83384156227112,1.6220159999999997,5476.8696
