,acc_overall,training_probe time,inference time,training_probe flops,inference flops
0,0.2769,85.31594634056091,12.621493577957153,0.10137599999999998,35.09592
