,acc_overall,training_probe time,inference time,training_probe flops,inference flops
0,0.945,92.9198808670044,26.128145933151245,0.13685760000000002,54.28576
