,acc_overall,training_probe time,inference time,training_probe flops,inference flops
0,0.3899,122.76537084579468,29.727811574935913,0.20275200000000004,184.68
