,acc_overall,training_probe time,inference time,training_probe flops,inference flops
0,0.4974,149.66995763778687,29.192696809768677,0.20275199999999996,170.74692
