,acc_overall,training_probe time,inference time,training_probe flops,inference flops
0,0.5041,53.474607944488525,7.101369857788086,0.20275199999999996,163.4418
