,acc_overall,training_probe time,inference time,training_probe flops,inference flops
0,0.5143,170.20233702659607,30.047038078308105,0.20275199999999996,167.9562
