,acc_overall,training_probe time,inference time,training_probe flops,inference flops
0,0.9741,133.9944887161255,23.09847593307495,0.13685759999999997,20.77332
