,acc_overall,training_probe time,inference time,training_probe flops,inference flops
0,0.5114,67.09545993804932,6.232974529266357,0.20275199999999996,169.00272
