,acc_overall,training_probe time,inference time,training_probe flops,inference flops
0,0.6747,4045.9041056632996,44.93552231788635,3.2440319999999994,9814.55856
