,acc_overall,training_probe time,inference time,training_probe flops,inference flops
0,0.6532,1388.2632477283478,40.338313579559326,1.6220159999999997,5440.97988
