,acc_overall,training_probe time,inference time,training_probe flops,inference flops
0,0.6377,5790.277766227722,39.7715048789978,3.2440319999999994,7999.97292
