,acc_overall,training_probe time,inference time,training_probe flops,inference flops
0,0.4311,106.62231469154358,13.378040075302124,0.4055039999999999,566.415
