,acc_overall,training_probe time,inference time,training_probe flops,inference flops
0,0.2697,48.263038635253906,15.831729412078857,0.10137599999999998,34.24268
