,acc_overall,training_probe time,inference time,training_probe flops,inference flops
0,0.5445,215.3503680229187,34.539480209350586,0.8110079999999998,2065.31004
