,acc_overall,training_probe time,inference time,training_probe flops,inference flops
0,0.4066,155.0600996017456,34.457924365997314,0.20275200000000004,173.0862
