,acc_overall,training_probe time,inference time,training_probe flops,inference flops
0,0.9028,132.67969512939453,34.07085466384888,0.13685759999999997,54.043
