,acc_overall,training_probe time,inference time,training_probe flops,inference flops
0,0.1608,75.83183407783508,14.889904022216797,0.10137600000000002,35.35292
