,acc_overall,training_probe time,inference time,training_probe flops,inference flops
0,0.3415,283.669766664505,10.645915508270264,0.8110080000000002,2149.64688
