,acc_overall,training_probe time,inference time,training_probe flops,inference flops
0,0.235,111.35311818122864,34.27981734275818,0.4055040000000001,606.554
