,acc_overall,training_probe time,inference time,training_probe flops,inference flops
0,0.1608,127.01143145561218,29.2789888381958,0.10137600000000002,35.35292
