,acc_overall,training_probe time,inference time,training_probe flops,inference flops
0,0.506,2530.759996652603,67.61423015594482,1.6220160000000003,5782.83356
