,acc_overall,training_probe time,inference time,training_probe flops,inference flops
0,0.9041,148.75947189331055,28.26723027229309,0.13685759999999997,54.5054
