,acc_overall,training_probe time,inference time,training_probe flops,inference flops
0,0.5029,49.06212043762207,9.553990840911865,0.20275199999999996,173.82492
