,acc_overall,training_probe time,inference time,training_probe flops,inference flops
0,0.9433,92.98785638809204,24.365163326263428,0.13685760000000002,53.67308
