,acc_overall,training_probe time,inference time,training_probe flops,inference flops
0,0.1519,56.83399939537048,11.64632248878479,0.10137600000000002,35.02396
