,acc_overall,training_probe time,inference time,training_probe flops,inference flops
0,0.3481,406.1062173843384,13.616410493850708,0.8110080000000002,2117.51856
