,acc_overall,training_probe time,inference time,training_probe flops,inference flops
0,0.5028,1940.1412045955658,164.12139558792114,1.6220160000000003,5719.412
