,acc_overall,training_probe time,inference time,training_probe flops,inference flops
0,0.2261,69.52259922027588,45.37054967880249,0.4055040000000001,602.454
