,acc_overall,training_probe time,inference time,training_probe flops,inference flops
0,0.1519,165.87302708625793,25.48294448852539,0.10137600000000002,35.02396
