,acc_overall,training_probe time,inference time,training_probe flops,inference flops
0,0.9789,115.59137296676636,29.988144636154175,0.13685760000000002,39.62768
