,acc_overall,training_probe time,inference time,training_probe flops,inference flops
0,0.2291,106.09748601913452,18.00633144378662,0.4055040000000001,552.147
