,acc_overall,training_probe time,inference time,training_probe flops,inference flops
0,0.1461,45.58297061920166,17.20523166656494,0.10137600000000002,34.21184
