,acc_overall,training_probe time,inference time,training_probe flops,inference flops
0,0.5361,6309.835456132889,36.27320575714111,3.2440320000000007,7742.385
