,acc_overall,training_probe time,inference time,training_probe flops,inference flops
0,0.5716,4918.317326545715,47.421008348464966,3.2440320000000007,9755.24124
