,acc_overall,training_probe time,inference time,training_probe flops,inference flops
0,0.3438,374.8740737438202,43.590322494506836,0.8110080000000002,2091.45528
