,acc_overall,training_probe time,inference time,training_probe flops,inference flops
0,0.517,1542.8480656147003,34.05358338356018,1.6220160000000003,5564.05376
