,acc_overall,training_probe time,inference time,training_probe flops,inference flops
0,0.9266,99.23351812362671,27.984482765197754,0.13685759999999997,50.88712
