,acc_overall,training_probe time,inference time,training_probe flops,inference flops
0,0.9458,126.86934733390808,29.645462036132812,0.13685760000000002,52.67892
