,acc_overall,training_probe time,inference time,training_probe flops,inference flops
0,0.4608,168.9888563156128,16.906678438186646,0.4055039999999999,626.808
