,acc_overall,training_probe time,inference time,training_probe flops,inference flops
0,0.2904,120.09605073928833,15.474033832550049,0.10137599999999998,36.40148
