,acc_overall,training_probe time,inference time,training_probe flops,inference flops
0,0.6624,1949.9946236610413,49.30222272872925,1.6220159999999997,5611.08732
