,acc_overall,training_probe time,inference time,training_probe flops,inference flops
0,0.2904,96.24931478500366,26.45229148864746,0.10137599999999998,36.40148
