,acc_overall,training_probe time,inference time,training_probe flops,inference flops
0,0.5563,698.8021688461304,31.61970591545105,0.8110079999999998,2132.76312
