,acc_overall,training_probe time,inference time,training_probe flops,inference flops
0,0.3918,121.9595673084259,10.774916172027588,0.20275200000000004,184.5774
