,acc_overall,training_probe time,inference time,training_probe flops,inference flops
0,0.4271,97.48344945907593,14.904324054718018,0.4055039999999999,519.593
