,acc_overall,training_probe time,inference time,training_probe flops,inference flops
0,0.6669,4105.443381309509,44.84576225280762,3.2440319999999994,9923.3616
