,acc_overall,training_probe time,inference time,training_probe flops,inference flops
0,0.6501,1544.9381408691406,30.14739966392517,1.6220159999999997,5381.32756
