,acc_overall,training_probe time,inference time,training_probe flops,inference flops
0,0.6297,6951.655997276306,40.03174018859863,3.2440319999999994,7976.7048
