,acc_overall,training_probe time,inference time,training_probe flops,inference flops
0,0.5329,279.98751854896545,41.9572319984436,0.8110079999999998,2027.03472
