,acc_overall,training_probe time,inference time,training_probe flops,inference flops
0,0.2769,46.312902212142944,17.915916204452515,0.10137599999999998,32.4334
