,acc_overall,training_probe time,inference time,training_probe flops,inference flops
0,0.3937,112.33186197280884,26.3866286277771,0.20275200000000004,184.18752
