,acc_overall,training_probe time,inference time,training_probe flops,inference flops
0,0.6458,1235.732441663742,26.320067405700684,1.6220159999999997,5479.16392
