,acc_overall,training_probe time,inference time,training_probe flops,inference flops
0,0.2751,60.42522072792053,22.180411100387573,0.10137599999999998,35.32208
