,acc_overall,training_probe time,inference time,training_probe flops,inference flops
0,0.6354,3003.3645634651184,36.03328013420105,3.2440319999999994,8004.88872
