,acc_overall,training_probe time,inference time,training_probe flops,inference flops
0,0.6669,4659.310690164566,42.97420930862427,3.2440319999999994,9703.46148
