,acc_overall,training_probe time,inference time,training_probe flops,inference flops
0,0.4497,93.59824132919312,19.966606616973877,0.4055039999999999,598.313
