,acc_overall,training_probe time,inference time,training_probe flops,inference flops
0,0.5364,316.91984152793884,42.588749408721924,0.8110079999999998,2092.35684
