,acc_overall,training_probe time,inference time,training_probe flops,inference flops
0,0.502,50.46338391304016,6.607708692550659,0.20275199999999996,172.51164
