,acc_overall,training_probe time,inference time,training_probe flops,inference flops
0,0.1532,85.71939849853516,24.861355781555176,0.10137600000000002,36.8024
