,acc_overall,training_probe time,inference time,training_probe flops,inference flops
0,0.2234,304.5309934616089,72.6432752609253,0.4055040000000001,637.017
