,acc_overall,training_probe time,inference time,training_probe flops,inference flops
0,0.3334,417.31461358070374,18.497960805892944,0.8110080000000002,2193.57744
