,acc_overall,training_probe time,inference time,training_probe flops,inference flops
0,0.1532,190.56061482429504,38.11185431480408,0.10137600000000002,36.8024
