,acc_overall,training_probe time,inference time,training_probe flops,inference flops
0,0.5123,107.7742555141449,18.551593542099,0.20275199999999996,174.05064
