,acc_overall,training_probe time,inference time,training_probe flops,inference flops
0,0.6313,7728.233955860138,47.44623017311096,3.2440319999999994,8102.22156
