,acc_overall,training_probe time,inference time,training_probe flops,inference flops
0,0.2933,54.610997676849365,30.0708270072937,0.10137599999999998,32.81376
