,acc_overall,training_probe time,inference time,training_probe flops,inference flops
0,0.6695,3976.0433914661407,45.60370588302612,3.2440319999999994,9985.30068
