,acc_overall,training_probe time,inference time,training_probe flops,inference flops
0,0.4496,105.80789422988892,36.7901394367218,0.4055039999999999,527.096
