,acc_overall,training_probe time,inference time,training_probe flops,inference flops
0,0.6513,1434.0180261135101,23.641415119171143,1.6220159999999997,5377.7222
