,acc_overall,training_probe time,inference time,training_probe flops,inference flops
0,0.5402,425.35767579078674,46.97703409194946,0.8110079999999998,2004.41376
