,acc_overall,training_probe time,inference time,training_probe flops,inference flops
0,0.9678,116.1636893749237,26.698505640029907,0.13685760000000002,46.50588
