,acc_overall,training_probe time,inference time,training_probe flops,inference flops
0,0.4911,60.74453544616699,9.799209833145142,0.20275199999999996,168.32556
