,acc_overall,training_probe time,inference time,training_probe flops,inference flops
0,0.9037,133.59174275398254,24.00718855857849,0.13685759999999997,53.08352
