,acc_overall,training_probe time,inference time,training_probe flops,inference flops
0,0.9032,89.46816730499268,23.661036014556885,0.13685759999999997,53.28004
