,acc_overall,training_probe time,inference time,training_probe flops,inference flops
0,0.4042,119.09354591369629,29.45815134048462,0.20275200000000004,178.27776
