,acc_overall,training_probe time,inference time,training_probe flops,inference flops
0,0.5008,98.77922463417053,26.7002534866333,0.20275199999999996,174.44052
