,acc_overall,training_probe time,inference time,training_probe flops,inference flops
0,0.9004,92.37814521789551,22.37452459335327,0.13685759999999997,53.12976
