,acc_overall,training_probe time,inference time,training_probe flops,inference flops
0,0.7478,115.15381383895874,27.2648503780365,0.13685759999999997,51.59228
