,acc_overall,training_probe time,inference time,training_probe flops,inference flops
0,0.7443,137.46484851837158,27.933719635009766,0.13685759999999997,51.11832
