,acc_overall,training_probe time,inference time,training_probe flops,inference flops
0,0.5356,103.17431306838989,29.09677219390869,0.20275199999999996,151.21188
