,acc_overall,training_probe time,inference time,training_probe flops,inference flops
0,0.9203,113.61857891082764,27.071077585220337,0.13685759999999997,51.41888
