,acc_overall,training_probe time,inference time,training_probe flops,inference flops
0,0.4549,80.83824324607849,20.58062720298767,0.4055039999999999,630.457
