,acc_overall,training_probe time,inference time,training_probe flops,inference flops
0,0.5502,285.48005390167236,27.836445569992065,0.8110079999999998,2155.1382
