,acc_overall,training_probe time,inference time,training_probe flops,inference flops
0,0.626,3026.316216945648,36.44011855125427,3.2440319999999994,8083.54152
