,acc_overall,training_probe time,inference time,training_probe flops,inference flops
0,0.265,69.29814505577087,24.027656078338623,0.10137599999999998,36.5454
