,acc_overall,training_probe time,inference time,training_probe flops,inference flops
0,0.6501,1303.88046169281,24.886632919311523,1.6220159999999997,5628.78636
