,acc_overall,training_probe time,inference time,training_probe flops,inference flops
0,0.6667,4926.344214677811,45.06105971336365,3.2440319999999994,9923.68932
