,acc_overall,training_probe time,inference time,training_probe flops,inference flops
0,0.9432,151.2781777381897,17.576462030410767,0.13685760000000002,52.67892
