,acc_overall,training_probe time,inference time,training_probe flops,inference flops
0,0.3893,127.15360522270203,23.677352905273438,0.20275200000000004,183.22308
