,acc_overall,training_probe time,inference time,training_probe flops,inference flops
0,0.7499,142.0024938583374,28.41509747505188,0.13685759999999997,50.06636
