,acc_overall,training_probe time,inference time,training_probe flops,inference flops
0,0.3892,175.91187644004822,19.827595472335815,0.20275200000000004,182.66904
