,acc_overall,training_probe time,inference time,training_probe flops,inference flops
0,0.9461,157.8291027545929,36.27652978897095,0.13685760000000002,52.4246
