,acc_overall,training_probe time,inference time,training_probe flops,inference flops
0,0.3921,222.27283430099487,28.611592531204224,0.20275200000000004,182.48436
