,acc_overall,training_probe time,inference time,training_probe flops,inference flops
0,0.7754,103.79007577896118,32.14915370941162,0.13685759999999997,46.27468
