,acc_overall,training_probe time,inference time,training_probe flops,inference flops
0,0.9474,136.092294216156,23.870707035064697,0.13685760000000002,52.69048
