,acc_overall,training_probe time,inference time,training_probe flops,inference flops
0,0.7513,100.71065950393677,24.838895797729492,0.13685759999999997,51.69632
