,acc_overall,training_probe time,inference time,training_probe flops,inference flops
0,0.5063,1583.4353575706482,30.570812940597534,1.6220160000000003,5383.62188
