,acc_overall,training_probe time,inference time,training_probe flops,inference flops
0,0.364,375.70343542099,16.821305513381958,0.8110080000000002,1868.85192
