,acc_overall,training_probe time,inference time,training_probe flops,inference flops
0,0.2715,118.94172692298889,17.88361692428589,0.4055040000000001,379.537
