,acc_overall,training_probe time,inference time,training_probe flops,inference flops
0,0.5631,4766.784433603287,45.68826961517334,3.2440320000000007,10135.06872
