,acc_overall,training_probe time,inference time,training_probe flops,inference flops
0,0.5398,6254.387866258621,38.90099811553955,3.2440320000000007,7667.66484
