,acc_overall,training_probe time,inference time,training_probe flops,inference flops
0,0.2067,44.17106795310974,23.07474684715271,0.10137600000000002,25.07292
