,acc_overall,training_probe time,inference time,training_probe flops,inference flops
0,0.5764,4916.351761817932,48.08274006843567,3.2440320000000007,10018.4004
