,acc_overall,training_probe time,inference time,training_probe flops,inference flops
0,0.3471,322.9529263973236,19.54084587097168,0.8110080000000002,2163.3342
