,acc_overall,training_probe time,inference time,training_probe flops,inference flops
0,0.2433,115.58101439476013,8.50215768814087,0.4055040000000001,600.117
