,acc_overall,training_probe time,inference time,training_probe flops,inference flops
0,0.1545,57.315253019332886,20.55870485305786,0.10137600000000002,35.88748
