,acc_overall,training_probe time,inference time,training_probe flops,inference flops
0,0.517,1455.2553718090057,32.35747051239014,1.6220160000000003,5681.88348
