,acc_overall,training_probe time,inference time,training_probe flops,inference flops
0,0.5351,4675.8863825798035,37.02842569351196,3.2440320000000007,7860.03648
