,acc_overall,training_probe time,inference time,training_probe flops,inference flops
0,0.3921,194.86985969543457,27.884464740753174,0.20275200000000004,182.60748
