,acc_overall,training_probe time,inference time,training_probe flops,inference flops
0,0.9038,136.78347992897034,30.28957200050354,0.13685759999999997,53.80024
