,acc_overall,training_probe time,inference time,training_probe flops,inference flops
0,0.9018,107.0981023311615,24.300962686538696,0.13685759999999997,54.6788
