,acc_overall,training_probe time,inference time,training_probe flops,inference flops
0,0.6045,4635.549161911011,54.11571216583252,3.2440319999999994,12121.37964
