,acc_overall,training_probe time,inference time,training_probe flops,inference flops
0,0.6277,3007.6107969284058,33.64879012107849,3.2440319999999994,7461.52896
