,acc_overall,training_probe time,inference time,training_probe flops,inference flops
0,0.1385,102.02446508407593,10.967819929122925,0.4055039999999999,622.339
