,acc_overall,training_probe time,inference time,training_probe flops,inference flops
0,0.2678,392.2761425971985,51.61687350273132,0.8110079999999998,2179.07052
