,acc_overall,training_probe time,inference time,training_probe flops,inference flops
0,0.1175,102.83015298843384,16.350635290145874,0.10137599999999998,37.17248
