,acc_overall,training_probe time,inference time,training_probe flops,inference flops
0,0.5157,149.9644889831543,18.782293558120728,0.20275199999999996,161.45136
