,acc_overall,training_probe time,inference time,training_probe flops,inference flops
0,0.7529,93.82853817939758,27.00668239593506,0.13685759999999997,51.86972
