,acc_overall,training_probe time,inference time,training_probe flops,inference flops
0,0.9156,105.53095698356628,27.023038864135742,0.13685759999999997,51.81192
