,acc_overall,training_probe time,inference time,training_probe flops,inference flops
0,0.3857,191.76268434524536,28.938098430633545,0.20275200000000004,182.89476
