,acc_overall,training_probe time,inference time,training_probe flops,inference flops
0,0.7918,147.50539255142212,32.7390923500061,0.13685759999999997,40.9802
