,acc_overall,training_probe time,inference time,training_probe flops,inference flops
0,0.9707,133.15835666656494,23.20712685585022,0.13685759999999997,38.77224
