,class_val_corr,class_val_org
0,-0.00403924956494248,-0.004282736503965899
1,0.008407722707266288,0.008383426527747123
2,0.04513917445716899,0.04523757875011446
3,-0.02670240767005392,-0.02687391455636529
4,-0.03722307736504589,-0.03731990124644037
5,0.017723201473149167,0.01757457309980439
6,-0.005633345074231447,-0.0056330366580382
7,0.023194759265726356,-0.023048461803202115
8,0.013918867347775069,0.013914958763732289
9,-0.009711174927939083,-0.00891793939707659
