,class_val_corr,class_val_org
0,0.2894328558817398,0.32817783892660657
1,0.4139203678837999,0.4379788265870192
2,0.18805732799057845,-0.21883452510633872
3,0.2898835449929046,0.3182859158030883
4,-0.2850051931204705,-0.3274183654281969
5,-0.26640147858863783,0.29512512680699576
6,-0.274676656845155,-0.3125394732797225
7,0.30607823880732965,0.33962049933153216
8,0.3594432554840532,-0.3992271688964638
9,-0.3126425141696605,-0.33926507630276237
