,class_val_corr,class_val_org
0,-0.2929310464809905,-0.2651549223402129
1,-0.31988430094190323,-0.2896567209167427
2,0.2737765544710502,0.23377731155817166
3,0.2850995530943379,-0.25201896832138554
4,-0.27712786030823616,-0.24115958171260615
5,0.28804054612478214,-0.2507948575411
6,0.34392016086347965,-0.3100914086031675
7,0.3372223443886427,0.31088906855997367
8,0.3051224299112,-0.2756895310189629
9,-0.3436783525606546,0.31115745114794136
