,class_val_corr,class_val_org
0,-0.2876445359091824,0.2607610890947366
1,-0.3213986778488535,-0.29027466172940614
2,-0.2915546548032592,0.253992083999294
3,0.29848529130429535,-0.26684578964462424
4,-0.2820451562818963,0.24793971776891038
5,-0.28675952449842657,-0.24960001000033755
6,-0.3134575536438714,0.27759192761398943
7,0.331937632920212,0.30474800553676473
8,-0.29287353324403076,0.2635000185486165
9,0.32895097270302226,0.2964025442443201
