,class_val_corr,class_val_org
0,0.30173988325871975,-0.2718029556977435
1,0.34875416714921925,-0.3179441393595961
2,-0.3044135436181462,-0.2649864715527672
3,0.29967346679416507,-0.2635952902603609
4,-0.3114624752261149,-0.27694729773813
5,-0.3146044759989682,-0.2754598527912714
6,-0.34182870222104067,-0.30495109316394703
7,0.3290637250803232,0.2999108118937321
8,0.33679183731287254,-0.30713358194839135
9,-0.3278949430088821,-0.2944629681969777
