,class_val_corr,class_val_org
0,-0.3273222736561405,0.3001856948104765
1,-0.37091963144207746,0.34254050028184474
2,0.29484529043250624,0.25404746219325686
3,-0.3047385495468968,-0.27163913011636
4,0.29489631129002936,0.2594525142485635
5,-0.3377949829322494,-0.30232514741591954
6,-0.32783711964483975,-0.2898583879458325
7,0.3177671087916887,0.2886664088396862
8,0.30031893408146076,0.2694394307817173
9,0.3372781663192316,0.302691405892604
