,class_val_corr,class_val_org
0,0.2933629607994266,0.32889615855126364
1,-0.4187336155044016,-0.43977086116964725
2,-0.20563623824527294,0.2321037374820877
3,-0.30240426766059664,0.3279241558992396
4,-0.3052660461561451,-0.343815708380496
5,-0.2751856832102204,0.30019802731113016
6,-0.2787184500421275,-0.3130475224779723
7,-0.3227915911944995,0.3511050236603128
8,0.36434714283295017,0.4025255881246109
9,-0.32544268681974065,-0.3492656165252389
