,class_val_corr,class_val_org
0,-0.30297091129515474,0.27292546151628083
1,0.3465006849819069,0.31542709432535265
2,0.2873477502424995,-0.24504708523749455
3,0.3155701924874292,0.2811412873630027
4,-0.29541984710092806,0.26047782040679973
5,-0.3166324880773121,-0.27820989164383014
6,-0.33125056042356316,-0.29296869095186895
7,0.34533912117043164,0.3185380862528941
8,0.3155964555278373,0.28576523207541016
9,-0.36342121814478145,-0.3319212698946752
