,class_val_corr,class_val_org
0,0.30037996388165666,-0.26895754959311313
1,-0.3564165290062188,-0.3254922019534744
2,-0.30340698542188493,-0.26228475299230014
3,0.29963075243727344,0.2633641123405931
4,-0.30489509746071464,0.2698534776088908
5,-0.2970523073423927,-0.2557814741611983
6,0.3169325074556533,-0.276456008177981
7,0.35313979006749224,0.3253848393439091
8,-0.3178710568612849,-0.2859639031345503
9,-0.34040685575149543,0.30532558910243635
