,class_val_corr,class_val_org
0,0.3143761679171575,0.2834910783692165
1,-0.3440033696600389,-0.312640311197587
2,-0.28885216778637435,-0.24718204477527383
3,0.29105656966540067,0.2540865822079768
4,0.30135207820137927,0.2659787642528839
5,-0.31512413178395937,-0.2758333899491783
6,-0.32505773898614604,-0.28707880089225857
7,0.3409384809543815,0.3127801454075327
8,-0.32177334921827605,-0.29033216604823947
9,0.32695039835759054,0.29160341483894286
