,class_val_corr,class_val_org
0,0.31375635320003636,-0.28285891277581376
1,0.3430175014237153,-0.31143063004852767
2,-0.28379465099424533,-0.24205034639767092
3,0.2883247927284841,0.25105076055978487
4,0.290324118884467,-0.2547442452862633
5,0.3023365268768363,-0.2625272973154466
6,-0.31953567916165554,0.28135946814844226
7,0.3345288624243685,0.306138395748586
8,-0.3090062281716592,-0.27797657170070944
9,0.33009503356679526,0.29595052362147917
