,class_val_corr,class_val_org
0,0.29520150086355007,0.3267416619646789
1,0.4184852686987306,-0.43659616619163677
2,-0.2204025065327696,-0.24256863856424937
3,0.305500698324217,0.3279631541886383
4,-0.31714130678060315,-0.3514821660131562
5,-0.277522707063503,0.29884991718003917
6,-0.28954629735625886,-0.31929893367196704
7,-0.3312363573741799,0.35515540135193424
8,0.36909187296282836,-0.4044528290251391
9,-0.33529402969326405,-0.35624238206455394
