,class_val_corr,class_val_org
0,0.2861622903070145,0.3092161857832231
1,-0.4115153417745808,0.42280916944444114
2,-0.24526388403707988,-0.2592338439035567
3,-0.3026809004865252,0.31943594510607487
4,-0.3280604335134829,-0.3536965695128964
5,-0.27640124357403906,0.290867981572581
6,-0.302143641280242,-0.3230950662208507
7,0.3391328367023635,-0.3548658834543488
8,0.3763212174241908,0.4046164891438927
9,-0.3463047058571714,-0.35980824211440376
