,class_val_corr,class_val_org
0,0.28332470761827444,-0.3219489602841558
1,0.3191066416066448,0.34787254613700913
2,0.05662397749483207,0.09219850094743184
3,0.13349232253327664,0.1586300708830174
4,0.12151924382518753,0.15654728249752584
5,0.1417275846335191,0.1869569499105036
6,0.24267449852393366,0.2738174255543909
7,0.12842525026460813,0.1595313530016988
8,0.3032101683957561,-0.34225224933368487
9,0.2824072702358526,0.3104274069102209
