,class_val_corr,class_val_org
0,0.2858428053195533,0.3044636169981355
1,-0.40180930161598416,-0.41019389030146547
2,-0.2537557878153071,-0.2633648549256912
3,0.29252421168760256,-0.3062214317881821
4,-0.3265801029172765,-0.3476106182128734
5,0.2695843210562524,0.28038457700663827
6,-0.3044118056552656,-0.3210997015175659
7,0.3398412719910391,-0.35155950837796895
8,0.37360564402971297,0.3984597424290339
9,0.35305102975645086,0.3631638442716381
