,class_val_corr,class_val_org
0,0.24475613142167255,0.254201238191942
1,-0.37573870472428506,-0.37525199585233276
2,-0.2799835827647072,-0.2808146163006674
3,0.26878097421241987,0.2741938260673026
4,-0.32609165835760046,-0.3370346126816721
5,0.25111069660049845,0.25256669012060207
6,0.3081232018636335,0.3147285849111931
7,0.343212111821486,0.34586531756262084
8,0.3494207307182658,0.3655071249313342
9,0.35630767392651996,0.35710334947836364
