,class_val_corr,class_val_org
0,0.20488483576822003,0.20656904073264482
1,-0.34643334854076513,-0.3381059304693789
2,0.2865132375482148,-0.2797250928539018
3,0.24046186692275795,0.2374366424343871
4,-0.32639282782434054,-0.32882065875046196
5,0.25227590407467715,0.2444388920846958
6,0.3004641796651355,-0.29792406884088285
7,0.3382466354408942,0.3336253738109186
8,0.3244202280099482,0.33222883107164497
9,0.3384736276850575,0.331326497169094
