,class_val_corr,class_val_org
0,0.19935888187681647,-0.19374386151891967
1,0.3083046702044371,-0.29366759797127806
2,-0.25688539140236605,-0.24324432528028148
3,-0.22857318239588073,-0.22033265825531592
4,-0.32490877335676294,-0.3216547163868967
5,-0.23545382296578554,-0.2215519857086814
6,0.2643866212276522,-0.2546429122373796
7,0.33350440560641337,0.32404824534380855
8,0.29579313849468225,0.2942254478083473
9,-0.331947539132277,-0.3194941070388438
