,class_val_corr,class_val_org
0,-0.2811842580021275,-0.3231878143490733
1,0.3675669324110521,0.3990153085175493
2,-0.08812976763715871,-0.127535348670015
3,0.20327266466688637,-0.23730385952704552
4,-0.16933630293063148,-0.20960393091444007
5,0.19817157332469315,0.23926730308900146
6,0.2703294428938189,-0.3094113255398176
7,0.20023241444214146,-0.24560289765415555
8,0.32079732844742703,-0.36180030738366936
9,0.2924123026695209,0.3226390886237026
