,class_val_corr,class_val_org
0,0.2065234866727343,0.19690594444584658
1,0.28664380177011545,-0.2691404623136785
2,-0.2501195348235876,-0.23118724674299407
3,0.22437189685024372,0.21096220775641536
4,-0.3371120927979501,-0.32871353420577404
5,-0.23037705621718424,-0.21094691987277653
6,-0.27118494279521116,-0.25691109961706443
7,0.3096228757246711,0.2964126176432518
8,0.2802839891324942,-0.27193436074938987
9,0.282723779554808,0.26500891801241816
