,class_val_corr,class_val_org
0,-0.16716107679479467,-0.1520694101924822
1,-0.3056413759996152,-0.2869241988159155
2,0.23755396239842172,-0.21516545219001446
3,0.2438371129955736,-0.22608822375985854
4,-0.3144995765693809,0.3007476649338414
5,0.22446027624061515,0.201151997109083
6,-0.20665037227686978,-0.18416711135551933
7,0.3127008399661141,0.2975105234783578
8,0.30518084557590963,-0.29631903095127254
9,0.30360480359365616,0.2844672296629044
