,class_val_corr,class_val_org
0,-0.23397016677359797,-0.21563962496409944
1,-0.3290712992380162,0.30891420519853247
2,-0.24337061206735494,-0.21622392932032364
3,0.22319037644041312,0.20026040355358043
4,0.29422713208502055,-0.27669742755278004
5,0.22927585529673497,0.2040354073902545
6,-0.24487821589412417,-0.2184718074716204
7,0.33253361247471785,0.31686097496034293
8,0.3012351428392112,-0.2878112578159424
9,-0.30427822261044546,-0.2836587974840631
