,class_val_corr,class_val_org
0,-0.2882143907750073,-0.27125831176554926
1,-0.38620281749651136,0.3686302554643443
2,0.2893942039675258,0.2619487165223185
3,-0.19459053221967398,-0.16929440443500068
4,0.3083537810857398,-0.28884843718179964
5,0.25759151373285294,0.23071085443480566
6,0.2942668963128792,-0.270877495897641
7,-0.23685022207816714,0.2139542983073889
8,0.30624569293176684,-0.2904207776293005
9,0.21636230418036934,-0.18780076152847597
