,class_val_corr,class_val_org
0,-0.28136649078509746,-0.3225691558339747
1,0.3855193769598782,0.4154502973093617
2,0.13639536462403115,-0.17496539961376836
3,0.24309130707355664,0.2770858240674008
4,0.21812702507929793,-0.2619766257461118
5,-0.23683846128705616,-0.27469266588222807
6,-0.2716504128104693,0.31352113009565424
7,-0.24696462845700934,-0.2902031412681307
8,-0.33101516608308473,-0.3712445330641275
9,0.2936144769010441,-0.3231317402898266
