,class_val_corr,class_val_org
0,-0.24294108969454656,-0.22400256164059962
1,0.3666871826612016,0.3468120288322446
2,-0.24494446701208505,-0.2121183031329959
3,0.265979671336373,0.24138484223645607
4,-0.21296804232591987,-0.18464611602221884
5,0.29336414196035754,0.26554665878469763
6,0.3108554242635576,-0.2859713157138464
7,0.2690530062153813,0.24626464297021228
8,-0.34572437918457216,0.3299460998303232
9,0.2484452334121781,0.21642933119003782
