,class_val_corr,class_val_org
0,-0.23752376062223945,-0.21317009248243335
1,0.38456904214728205,0.36522119144633125
2,0.2465757622421111,0.20912448082884838
3,0.2868564989045858,-0.2615297235646763
4,0.27676965770001627,-0.24962263475275034
5,-0.2873105078916046,0.2581796322034308
6,-0.31174752313672727,-0.28641764272889414
7,0.30020676972648674,0.27751707344821763
8,0.2930124911403269,0.27146266134782826
9,-0.24652308137206716,-0.2149092770991061
