,class_val_corr,class_val_org
0,-0.30324823729933426,-0.28065335581086187
1,0.3545789193049824,0.3318775723840456
2,0.2706489037392523,0.2348517262824225
3,0.2808402354085916,0.25240698662947636
4,0.2558450260771803,0.22788725481743935
5,-0.28876229111359486,0.2580661461010719
6,0.31652362799168154,0.2879091086235256
7,-0.28440759922120307,0.25878662680713976
8,0.28746832115341436,0.2639652407571028
9,0.2972705521198893,0.26582118554757245
