,class_val_corr,class_val_org
0,0.2836211074720117,0.26022777366177613
1,-0.38113581557985166,-0.3597899967622034
2,-0.2300317918918368,-0.19051470779851984
3,-0.2910382883806265,-0.26307232010738424
4,0.2775587725554627,0.24625672518716557
5,-0.2856521989769446,-0.2535998073344914
6,-0.32981406761097615,-0.30068326306308135
7,0.3449569472586505,0.3217480271103036
8,0.2814522488039483,-0.256866881902526
9,0.3100978477468364,0.2796756106722924
