,class_val_corr,class_val_org
0,-0.2856002948185565,-0.32589132234985274
1,0.40421800297712385,0.43139369515023174
2,-0.16788778942814614,0.20254944652513357
3,0.2696217769259077,-0.3008683868210247
4,0.2566865266530343,-0.30068916933987755
5,-0.25441626990657445,0.2876493926937028
6,-0.27614428431212557,0.31711062971010034
7,0.2837984218833377,-0.32227199179089416
8,-0.3473671205691185,-0.38845740559295394
9,-0.3020770320115622,0.33081747759790187
