,class_val_corr,class_val_org
0,-0.309864717025216,-0.286451970305302
1,0.36304191275607994,0.3373624839214154
2,-0.257877356290105,0.21977802823574033
3,-0.27799348214270075,-0.24739360409277084
4,-0.27567731664455264,0.24299259609973178
5,-0.30585112194153274,-0.2708831563366756
6,0.3520443857615006,-0.3233060652735151
7,0.32641678595747936,0.29974919980208
8,0.28305430068337806,0.2533885039138043
9,0.30323454189697335,0.27073277665622797
