,acc_overall,training_probe time,inference time,training_probe flops,inference flops
0,0.7694,111.65322852134705,29.700035333633423,0.13685759999999997,47.11856
