,acc_overall,training_probe time,inference time,training_probe flops,inference flops
0,0.3828,194.3003191947937,23.285528659820557,0.20275200000000004,182.36124
