,acc_overall,training_probe time,inference time,training_probe flops,inference flops
0,0.9528,107.66938352584839,27.61108684539795,0.13685760000000002,51.18768
