,acc_overall,training_probe time,inference time,training_probe flops,inference flops
0,0.1581,98.87358975410461,22.451955795288086,0.10137600000000002,36.99772
