,acc_overall,training_probe time,inference time,training_probe flops,inference flops
0,0.5067,1660.949117898941,32.519869565963745,1.6220160000000003,5824.2952
