,acc_overall,training_probe time,inference time,training_probe flops,inference flops
0,0.3257,456.5286283493042,15.235978841781616,0.8110080000000002,2195.87232
