,acc_overall,training_probe time,inference time,training_probe flops,inference flops
0,0.2123,214.64523124694824,86.50173664093018,0.4055040000000001,642.962
