,acc_overall,training_probe time,inference time,training_probe flops,inference flops
0,0.9149,92.05478358268738,20.780213117599487,0.13685759999999997,51.52292
