,acc_overall,training_probe time,inference time,training_probe flops,inference flops
0,0.7563,109.50227403640747,27.927926301956177,0.13685759999999997,51.71944
