,acc_overall,training_probe time,inference time,training_probe flops,inference flops
0,0.3927,134.8119602203369,25.987493991851807,0.20275200000000004,183.90024
