,acc_overall,training_probe time,inference time,training_probe flops,inference flops
0,0.7618,114.07660365104675,29.46176767349243,0.13685759999999997,50.59812
