,acc_overall,training_probe time,inference time,training_probe flops,inference flops
0,0.9038,91.62948346138,21.982736349105835,0.13685759999999997,53.10664
