,acc_overall,training_probe time,inference time,training_probe flops,inference flops
0,0.7454,89.9387903213501,23.739465713500977,0.13685759999999997,52.02
