,acc_overall,training_probe time,inference time,training_probe flops,inference flops
0,0.9114,103.23615884780884,26.01455783843994,0.13685759999999997,51.99688
