,acc_overall,training_probe time,inference time,training_probe flops,inference flops
0,0.5051,138.8394651412964,31.08301281929016,0.20275199999999996,172.6758
