,acc_overall,training_probe time,inference time,training_probe flops,inference flops
0,0.3899,190.6648290157318,27.29617214202881,0.20275200000000004,182.66904
