,acc_overall,training_probe time,inference time,training_probe flops,inference flops
0,0.7298,151.1120719909668,26.611720085144043,0.13685759999999997,52.73672
