,acc_overall,training_probe time,inference time,training_probe flops,inference flops
0,0.3846,93.74259233474731,23.19640874862671,0.20275200000000004,184.82364
