,acc_overall,training_probe time,inference time,training_probe flops,inference flops
0,0.9458,133.37240171432495,36.552161693573,0.13685760000000002,52.8292
