,acc_overall,training_probe time,inference time,training_probe flops,inference flops
0,0.753,111.22314620018005,25.93247103691101,0.13685759999999997,51.3842
