,acc_overall,training_probe time,inference time,training_probe flops,inference flops
0,0.9058,93.31341171264648,20.7753427028656,0.13685759999999997,52.75984
