,acc_overall,training_probe time,inference time,training_probe flops,inference flops
0,0.954,117.76673030853271,27.10788321495056,0.13685759999999997,44.52912
