,acc_overall,training_probe time,inference time,training_probe flops,inference flops
0,0.9473,93.85807251930237,24.647748708724976,0.13685760000000002,54.043
