,acc_overall,training_probe time,inference time,training_probe flops,inference flops
0,0.9348,112.54231476783752,20.451720714569092,0.13685759999999997,48.841
