,acc_overall,training_probe time,inference time,training_probe flops,inference flops
0,0.905,100.66342616081238,24.043561220169067,0.13685759999999997,52.49396
