,acc_overall,training_probe time,inference time,training_probe flops,inference flops
0,0.9474,112.23807692527771,27.218632459640503,0.13685760000000002,52.14716
