,acc_overall,training_probe time,inference time,training_probe flops,inference flops
0,0.7459,90.57642388343811,23.499956369400024,0.13685759999999997,51.83504
