,acc_overall,training_probe time,inference time,training_probe flops,inference flops
0,0.5046,128.13838911056519,17.667399406433105,0.20275199999999996,173.55816
