,acc_overall,training_probe time,inference time,training_probe flops,inference flops
0,0.9287,95.58946251869202,26.876077890396118,0.13685759999999997,50.29756
