,acc_overall,training_probe time,inference time,training_probe flops,inference flops
0,0.3835,103.86435174942017,11.207607507705688,0.20275200000000004,184.10544
