,acc_overall,training_probe time,inference time,training_probe flops,inference flops
0,0.3878,201.58527183532715,37.24201560020447,0.20275200000000004,182.85372
