,acc_overall,training_probe time,inference time,training_probe flops,inference flops
0,0.4008,129.5606050491333,31.210150957107544,0.20275200000000004,171.01368
