,acc_overall,training_probe time,inference time,training_probe flops,inference flops
0,0.5108,50.710365295410156,7.454064846038818,0.20275199999999996,155.91096
