,acc_overall,training_probe time,inference time,training_probe flops,inference flops
0,0.9106,94.59428668022156,23.727653980255127,0.13685759999999997,52.29744
