,acc_overall,training_probe time,inference time,training_probe flops,inference flops
0,0.5158,1462.6761991977692,27.39140033721924,1.6220160000000003,5474.57528
