,acc_overall,training_probe time,inference time,training_probe flops,inference flops
0,0.5754,4905.439570188522,47.540215730667114,3.2440320000000007,9739.51068
