,acc_overall,training_probe time,inference time,training_probe flops,inference flops
0,0.1577,44.48136067390442,20.9505615234375,0.10137600000000002,32.4848
