,acc_overall,training_probe time,inference time,training_probe flops,inference flops
0,0.3526,386.04260754585266,27.403784036636353,0.8110080000000002,2055.9666
