,acc_overall,training_probe time,inference time,training_probe flops,inference flops
0,0.2486,110.66032218933105,14.902120351791382,0.4055040000000001,512.377
