,acc_overall,training_probe time,inference time,training_probe flops,inference flops
0,0.5372,6102.055901050568,36.63505935668945,3.2440320000000007,7769.25804
