,acc_overall,training_probe time,inference time,training_probe flops,inference flops
0,0.4897,42.48636293411255,10.684183835983276,0.20275199999999996,172.69632
