,acc_overall,training_probe time,inference time,training_probe flops,inference flops
0,0.1128,133.8088023662567,59.058881521224976,0.4055040000000001,622.79
