,acc_overall,training_probe time,inference time,training_probe flops,inference flops
0,0.1955,349.59409737586975,16.123952865600586,0.8110080000000002,2184.39792
