,acc_overall,training_probe time,inference time,training_probe flops,inference flops
0,0.1101,132.76843571662903,21.81443691253662,0.10137600000000002,37.20332
