,acc_overall,training_probe time,inference time,training_probe flops,inference flops
0,0.3522,972.2506365776062,26.360187768936157,1.6220160000000003,6059.95464
