,acc_overall,training_probe time,inference time,training_probe flops,inference flops
0,0.1101,88.95860719680786,15.108728885650635,0.10137600000000002,37.20332
