,acc_overall,training_probe time,inference time,training_probe flops,inference flops
0,0.9026,89.81330895423889,23.39211392402649,0.13685759999999997,53.04884
