,acc_overall,training_probe time,inference time,training_probe flops,inference flops
0,0.9779,122.54709553718567,25.164268732070923,0.13685759999999997,30.55308
