,acc_overall,training_probe time,inference time,training_probe flops,inference flops
0,0.5464,320.99644231796265,18.14912247657776,0.8110079999999998,2132.1894
