,acc_overall,training_probe time,inference time,training_probe flops,inference flops
0,0.6334,4769.776344060898,38.02942895889282,3.2440319999999994,8036.34984
