,acc_overall,training_probe time,inference time,training_probe flops,inference flops
0,0.2623,58.917399644851685,31.626934051513672,0.10137599999999998,35.8772
