,acc_overall,training_probe time,inference time,training_probe flops,inference flops
0,0.6574,1501.4394772052765,29.46545720100403,1.6220159999999997,5605.35152
