,acc_overall,training_probe time,inference time,training_probe flops,inference flops
0,0.6727,3946.234270095825,45.489617109298706,3.2440319999999994,9921.06756
