,acc_overall,training_probe time,inference time,training_probe flops,inference flops
0,0.5751,4867.102504730225,48.251160860061646,3.2440320000000007,9978.09084
