,acc_overall,training_probe time,inference time,training_probe flops,inference flops
0,0.1446,136.53582739830017,31.031494617462158,0.10137600000000002,37.19304
