,acc_overall,training_probe time,inference time,training_probe flops,inference flops
0,0.228,114.9499282836914,11.742610931396484,0.4055040000000001,635.213
