,acc_overall,training_probe time,inference time,training_probe flops,inference flops
0,0.3291,342.1268982887268,31.641459703445435,0.8110080000000002,2219.39484
