,acc_overall,training_probe time,inference time,training_probe flops,inference flops
0,0.5378,6254.495333194733,39.44404625892639,3.2440320000000007,7808.91216
