,acc_overall,training_probe time,inference time,training_probe flops,inference flops
0,0.5091,1824.421088218689,31.325844287872314,1.6220160000000003,5798.23828
