,acc_overall,training_probe time,inference time,training_probe flops,inference flops
0,0.6323,4897.737637042999,37.90988254547119,3.2440319999999994,8049.13092
