,acc_overall,training_probe time,inference time,training_probe flops,inference flops
0,0.6754,4015.2224972248077,45.69596862792969,3.2440319999999994,9960.72168
