,acc_overall,training_probe time,inference time,training_probe flops,inference flops
0,0.4652,105.85381197929382,28.096102714538574,0.4055039999999999,614.221
