,acc_overall,training_probe time,inference time,training_probe flops,inference flops
0,0.5396,340.9858195781708,17.35010528564453,0.8110079999999998,2133.33684
