,acc_overall,training_probe time,inference time,training_probe flops,inference flops
0,0.2726,57.42164969444275,31.3456609249115,0.10137599999999998,36.00056
