,acc_overall,training_probe time,inference time,training_probe flops,inference flops
0,0.657,1622.0453238487244,27.68356442451477,1.6220159999999997,5606.3348
