,acc_overall,training_probe time,inference time,training_probe flops,inference flops
0,0.9014,93.67594981193542,21.84670114517212,0.13685759999999997,53.09508
