,acc_overall,training_probe time,inference time,training_probe flops,inference flops
0,0.2772,183.71453738212585,18.926077842712402,0.10137599999999998,36.76128
