,acc_overall,training_probe time,inference time,training_probe flops,inference flops
0,0.557,520.3842830657959,21.343058586120605,0.8110079999999998,2143.82772
