,acc_overall,training_probe time,inference time,training_probe flops,inference flops
0,0.4605,242.09127402305603,10.801177024841309,0.4055039999999999,634.188
