,acc_overall,training_probe time,inference time,training_probe flops,inference flops
0,0.2772,124.38309645652771,23.020061016082764,0.10137599999999998,36.76128
