,acc_overall,training_probe time,inference time,training_probe flops,inference flops
0,0.6572,1531.472214460373,27.23738193511963,1.6220159999999997,5660.4152
