,acc_overall,training_probe time,inference time,training_probe flops,inference flops
0,0.5025,49.437840938568115,10.654929876327515,0.20275199999999996,173.00412
