,acc_overall,training_probe time,inference time,training_probe flops,inference flops
0,0.3958,116.08901357650757,27.692083597183228,0.20275200000000004,182.48436
