,acc_overall,training_probe time,inference time,training_probe flops,inference flops
0,0.9058,109.3919324874878,26.686569213867188,0.13685759999999997,52.35524
