,acc_overall,training_probe time,inference time,training_probe flops,inference flops
0,0.8983,167.75764417648315,31.869154930114746,0.13685759999999997,54.5054
