,acc_overall,training_probe time,inference time,training_probe flops,inference flops
0,0.9246,109.04175758361816,25.09118413925171,0.13685759999999997,50.93336
