,acc_overall,training_probe time,inference time,training_probe flops,inference flops
0,0.904,153.5441083908081,24.209515810012817,0.13685759999999997,53.9274
