,acc_overall,training_probe time,inference time,training_probe flops,inference flops
0,0.5006,96.641526222229,17.98700714111328,0.20275199999999996,173.43504
