,acc_overall,training_probe time,inference time,training_probe flops,inference flops
0,0.9756,117.55383539199829,33.74904465675354,0.13685759999999997,28.1486
