,acc_overall,training_probe time,inference time,training_probe flops,inference flops
0,0.7244,125.02720642089844,21.79470992088318,0.13685759999999997,51.80036
