,acc_overall,training_probe time,inference time,training_probe flops,inference flops
0,0.3821,338.8269546031952,15.783037900924683,0.8110080000000002,1798.69416
