,acc_overall,training_probe time,inference time,training_probe flops,inference flops
0,0.5121,1687.6945040225983,24.506309747695923,1.6220160000000003,5386.89948
