,acc_overall,training_probe time,inference time,training_probe flops,inference flops
0,0.2226,102.01863765716553,30.457034826278687,0.10137600000000002,24.06548
