,acc_overall,training_probe time,inference time,training_probe flops,inference flops
0,0.2226,137.52200746536255,31.927372932434082,0.10137600000000002,24.06548
