,acc_overall,training_probe time,inference time,training_probe flops,inference flops
0,0.3007,350.1802325248718,26.113325834274292,0.4055040000000001,372.649
