,acc_overall,training_probe time,inference time,training_probe flops,inference flops
0,0.2625,110.85140323638916,18.61656904220581,0.4055040000000001,462.316
