,acc_overall,training_probe time,inference time,training_probe flops,inference flops
0,0.5411,6219.957149744034,39.89566230773926,3.2440320000000007,7766.30856
