,acc_overall,training_probe time,inference time,training_probe flops,inference flops
0,0.5121,1576.6517639160156,28.977458715438843,1.6220160000000003,5455.72908
