,acc_overall,training_probe time,inference time,training_probe flops,inference flops
0,0.3669,392.0583744049072,22.582910299301147,0.8110080000000002,1989.9888
