,acc_overall,training_probe time,inference time,training_probe flops,inference flops
0,0.5719,4863.149204015732,44.57759213447571,3.2440320000000007,9887.64012
