,acc_overall,training_probe time,inference time,training_probe flops,inference flops
0,0.1714,44.232502698898315,22.27313256263733,0.10137600000000002,29.95592
