,acc_overall,training_probe time,inference time,training_probe flops,inference flops
0,0.2832,65.64634823799133,13.525598526000977,0.10137599999999998,32.896
