,acc_overall,training_probe time,inference time,training_probe flops,inference flops
0,0.5323,291.3024334907532,20.994638442993164,0.8110079999999998,2014.49484
