,acc_overall,training_probe time,inference time,training_probe flops,inference flops
0,0.6645,4746.284894704819,43.66757321357727,3.2440319999999994,9807.021
