,acc_overall,training_probe time,inference time,training_probe flops,inference flops
0,0.6294,3004.485934972763,36.23659682273865,3.2440319999999994,8045.85372
