,acc_overall,training_probe time,inference time,training_probe flops,inference flops
0,0.4272,123.85340404510498,13.00913381576538,0.4055039999999999,538.617
