,acc_overall,training_probe time,inference time,training_probe flops,inference flops
0,0.6531,1460.4045333862305,26.71263551712036,1.6220159999999997,5360.02316
