,acc_overall,training_probe time,inference time,training_probe flops,inference flops
0,0.7571,124.78767156600952,30.42866325378418,0.13685759999999997,4.49684
