,acc_overall,training_probe time,inference time,training_probe flops,inference flops
0,0.5073,63.31407332420349,5.469088315963745,0.20275199999999996,167.8536
