,acc_overall,training_probe time,inference time,training_probe flops,inference flops
0,0.389,170.2328176498413,25.98784565925598,0.20275200000000004,182.77164
