,acc_overall,training_probe time,inference time,training_probe flops,inference flops
0,0.7494,107.79165410995483,24.50669264793396,0.13685759999999997,51.31484
