,acc_overall,training_probe time,inference time,training_probe flops,inference flops
0,0.5069,118.28065609931946,24.61703634262085,0.20275199999999996,175.01508
