,acc_overall,training_probe time,inference time,training_probe flops,inference flops
0,0.3895,118.29214024543762,13.100168228149414,0.20275200000000004,185.04936
