,acc_overall,training_probe time,inference time,training_probe flops,inference flops
0,0.3929,111.10735940933228,29.332897424697876,0.20275200000000004,178.66764
