,acc_overall,training_probe time,inference time,training_probe flops,inference flops
0,0.9491,139.23293924331665,29.918332815170288,0.13685760000000002,51.91596
