,acc_overall,training_probe time,inference time,training_probe flops,inference flops
0,0.9475,115.73744058609009,26.516759395599365,0.13685760000000002,52.80608
