,acc_overall,training_probe time,inference time,training_probe flops,inference flops
0,0.3983,87.51309299468994,23.761971712112427,0.20275200000000004,182.89476
