,acc_overall,training_probe time,inference time,training_probe flops,inference flops
0,0.4549,120.1956992149353,40.12619185447693,0.20275200000000004,63.24264
