,acc_overall,training_probe time,inference time,training_probe flops,inference flops
0,0.5042,67.32246780395508,7.133238315582275,0.20275199999999996,166.39668
