,acc_overall,training_probe time,inference time,training_probe flops,inference flops
0,0.9075,151.26061153411865,26.301119089126587,0.13685759999999997,53.93896
