,acc_overall,training_probe time,inference time,training_probe flops,inference flops
0,0.3886,137.26085543632507,26.61608910560608,0.20275200000000004,184.4748
