,acc_overall,training_probe time,inference time,training_probe flops,inference flops
0,0.5021,71.1189832687378,7.185870409011841,0.20275199999999996,161.86176
