,acc_overall,training_probe time,inference time,training_probe flops,inference flops
0,0.9518,106.56442165374756,28.95016098022461,0.13685760000000002,50.71372
