,acc_overall,training_probe time,inference time,training_probe flops,inference flops
0,0.963,115.89541053771973,27.051262378692627,0.13685760000000002,47.81216
