,acc_overall,training_probe time,inference time,training_probe flops,inference flops
0,0.9793,128.32454109191895,30.371777772903442,0.13685760000000002,30.73804
