,acc_overall,training_probe time,inference time,training_probe flops,inference flops
0,0.5063,1730.9767198562622,28.65686273574829,1.6220160000000003,5714.65948
