,acc_overall,training_probe time,inference time,training_probe flops,inference flops
0,0.1543,98.17642831802368,21.815937042236328,0.10137600000000002,34.952
