,acc_overall,training_probe time,inference time,training_probe flops,inference flops
0,0.1543,137.79044270515442,16.211650371551514,0.10137600000000002,34.952
