,acc_overall,training_probe time,inference time,training_probe flops,inference flops
0,0.3433,329.0432093143463,9.786279916763306,0.8110080000000002,2123.33772
