,acc_overall,training_probe time,inference time,training_probe flops,inference flops
0,0.2317,180.5636875629425,28.29292345046997,0.4055040000000001,601.101
