,acc_overall,training_probe time,inference time,training_probe flops,inference flops
0,0.9533,139.22433304786682,12.407703876495361,0.13685760000000002,51.70788
