,acc_overall,training_probe time,inference time,training_probe flops,inference flops
0,0.9078,149.33313274383545,29.029828548431396,0.13685759999999997,53.2338
