,acc_overall,training_probe time,inference time,training_probe flops,inference flops
0,0.9047,110.55299878120422,24.696626901626587,0.13685759999999997,52.81764
