,acc_overall,training_probe time,inference time,training_probe flops,inference flops
0,0.401,107.45782232284546,21.33338475227356,0.20275200000000004,180.96588
