,acc_overall,training_probe time,inference time,training_probe flops,inference flops
0,0.9438,161.68899297714233,27.386943817138672,0.13685760000000002,53.15288
