,acc_overall,training_probe time,inference time,training_probe flops,inference flops
0,0.5092,150.1398479938507,29.357011079788208,0.20275199999999996,171.42408
