,acc_overall,training_probe time,inference time,training_probe flops,inference flops
0,0.5166,129.06629014015198,23.649531841278076,0.20275199999999996,175.0356
