,acc_overall,training_probe time,inference time,training_probe flops,inference flops
0,0.9063,142.6028745174408,33.328927993774414,0.13685759999999997,54.05456
