,acc_overall,training_probe time,inference time,training_probe flops,inference flops
0,0.5047,1848.5190448760986,29.2466983795166,1.6220160000000003,5693.02732
