,acc_overall,training_probe time,inference time,training_probe flops,inference flops
0,0.227,283.33110427856445,91.78820443153381,0.4055040000000001,608.112
