,acc_overall,training_probe time,inference time,training_probe flops,inference flops
0,0.3433,331.2563316822052,19.666821479797363,0.8110080000000002,2122.84596
