,acc_overall,training_probe time,inference time,training_probe flops,inference flops
0,0.1511,94.07600951194763,23.308552503585815,0.10137600000000002,35.09592
