,acc_overall,training_probe time,inference time,training_probe flops,inference flops
0,0.1511,104.98498773574829,23.282875061035156,0.10137600000000002,35.09592
