,acc_overall,training_probe time,inference time,training_probe flops,inference flops
0,0.3906,188.79828929901123,35.45032715797424,0.20275200000000004,182.46384
