,acc_overall,training_probe time,inference time,training_probe flops,inference flops
0,0.9484,109.53985261917114,22.98535704612732,0.13685760000000002,50.75996
