,acc_overall,training_probe time,inference time,training_probe flops,inference flops
0,0.5044,106.05001997947693,24.30773639678955,0.20275199999999996,173.47608
