,acc_overall,training_probe time,inference time,training_probe flops,inference flops
0,0.9096,131.59568643569946,32.278156042099,0.13685759999999997,53.32628
