,acc_overall,training_probe time,inference time,training_probe flops,inference flops
0,0.9061,172.0658187866211,35.72669839859009,0.13685759999999997,53.71932
