,acc_overall,training_probe time,inference time,training_probe flops,inference flops
0,0.5273,137.8642110824585,28.54996156692505,0.20275199999999996,153.01764
