,acc_overall,training_probe time,inference time,training_probe flops,inference flops
0,0.9484,126.19293165206909,26.88294243812561,0.13685760000000002,52.14716
