,acc_overall,training_probe time,inference time,training_probe flops,inference flops
0,0.9445,94.03636932373047,22.544636487960815,0.13685760000000002,53.02572
