,acc_overall,training_probe time,inference time,training_probe flops,inference flops
0,0.386,150.88207817077637,18.933188676834106,0.20275200000000004,184.33116
