,acc_overall,training_probe time,inference time,training_probe flops,inference flops
0,0.394,197.69535279273987,21.447341918945312,0.20275200000000004,182.23812
