,acc_overall,training_probe time,inference time,training_probe flops,inference flops
0,0.9563,108.97306704521179,27.656596422195435,0.13685760000000002,49.96232
