,acc_overall,training_probe time,inference time,training_probe flops,inference flops
0,0.5106,147.082200050354,22.591718912124634,0.20275199999999996,169.98768
