,acc_overall,training_probe time,inference time,training_probe flops,inference flops
0,0.3812,212.1237919330597,28.392180919647217,0.20275200000000004,182.99736
