,acc_overall,training_probe time,inference time,training_probe flops,inference flops
0,0.9609,112.44078302383423,23.542151927947998,0.13685760000000002,49.44212
