,acc_overall,training_probe time,inference time,training_probe flops,inference flops
0,0.9425,90.47237372398376,25.59156823158264,0.13685760000000002,53.41876
