,acc_overall,training_probe time,inference time,training_probe flops,inference flops
0,0.9764,145.11319589614868,26.520495414733887,0.13685759999999997,33.36216
