,acc_overall,training_probe time,inference time,training_probe flops,inference flops
0,0.9741,117.11662650108337,31.794329166412354,0.13685760000000002,39.90512
