,acc_overall,training_probe time,inference time,training_probe flops,inference flops
0,0.3888,129.6563332080841,16.299821376800537,0.20275200000000004,184.84416
