,acc_overall,training_probe time,inference time,training_probe flops,inference flops
0,0.3522,1426.5716524124146,33.28515958786011,1.6220160000000003,6059.95464
