,acc_overall,training_probe time,inference time,training_probe flops,inference flops
0,0.5179,4882.517692565918,54.27219200134277,3.2440320000000007,12230.83812
