,acc_overall,training_probe time,inference time,training_probe flops,inference flops
0,0.1128,84.28343534469604,7.284973859786987,0.4055040000000001,622.79
