,acc_overall,training_probe time,inference time,training_probe flops,inference flops
0,0.1955,307.44689655303955,33.46034264564514,0.8110080000000002,2184.39792
