,acc_overall,training_probe time,inference time,training_probe flops,inference flops
0,0.5337,5128.272275686264,52.89780020713806,3.2440320000000007,7590.97836
