,acc_overall,training_probe time,inference time,training_probe flops,inference flops
0,0.1101,72.99516892433167,19.945319652557373,0.10137600000000002,37.20332
