,acc_overall,training_probe time,inference time,training_probe flops,inference flops
0,0.9675,131.02813410758972,22.95833420753479,0.13685760000000002,46.37872
