,acc_overall,training_probe time,inference time,training_probe flops,inference flops
0,0.3349,341.27726650238037,19.978515625,0.8110080000000002,2180.70972
