,acc_overall,training_probe time,inference time,training_probe flops,inference flops
0,0.503,1765.3484778404236,30.679560661315918,1.6220160000000003,5783.98072
