,acc_overall,training_probe time,inference time,training_probe flops,inference flops
0,0.2099,205.5172872543335,25.10398817062378,0.4055040000000001,631.974
