,acc_overall,training_probe time,inference time,training_probe flops,inference flops
0,0.1476,112.42933487892151,16.30894112586975,0.10137600000000002,36.40148
