,acc_overall,training_probe time,inference time,training_probe flops,inference flops
0,0.1476,101.83417320251465,50.03729009628296,0.10137600000000002,36.40148
