,acc_overall,training_probe time,inference time,training_probe flops,inference flops
0,0.7285,146.64021182060242,28.547701835632324,0.13685759999999997,52.17028
