,acc_overall,training_probe time,inference time,training_probe flops,inference flops
0,0.9048,110.64118838310242,24.459028482437134,0.13685759999999997,52.84076
