,acc_overall,training_probe time,inference time,training_probe flops,inference flops
0,0.3919,112.83259439468384,28.653831720352173,0.20275200000000004,181.04796
