,acc_overall,training_probe time,inference time,training_probe flops,inference flops
0,0.9249,94.76689314842224,22.194433450698853,0.13685759999999997,50.75996
