,acc_overall,training_probe time,inference time,training_probe flops,inference flops
0,0.7229,104.31321620941162,26.77304482460022,0.13685759999999997,53.21068
