,acc_overall,training_probe time,inference time,training_probe flops,inference flops
0,0.7338,138.22458863258362,24.319801330566406,0.13685759999999997,52.81764
