,acc_overall,training_probe time,inference time,training_probe flops,inference flops
0,0.7548,110.26562356948853,26.104775190353394,0.13685759999999997,48.97972
