,acc_overall,training_probe time,inference time,training_probe flops,inference flops
0,0.9494,112.22823214530945,26.92810893058777,0.13685760000000002,52.5402
