,acc_overall,training_probe time,inference time,training_probe flops,inference flops
0,0.4972,62.12094712257385,9.143118619918823,0.20275199999999996,171.09576
