,acc_overall,training_probe time,inference time,training_probe flops,inference flops
0,0.911,149.48274326324463,28.8081316947937,0.13685759999999997,53.15288
