,acc_overall,training_probe time,inference time,training_probe flops,inference flops
0,0.2758,76.24208784103394,17.440423011779785,0.10137599999999998,35.85664
