,acc_overall,training_probe time,inference time,training_probe flops,inference flops
0,0.5425,590.881689786911,37.06748080253601,0.8110079999999998,2096.29092
