,acc_overall,training_probe time,inference time,training_probe flops,inference flops
0,0.2758,123.41680884361267,30.411285638809204,0.10137599999999998,35.85664
