,acc_overall,training_probe time,inference time,training_probe flops,inference flops
0,0.6586,1995.341495513916,26.48881483078003,1.6220159999999997,5559.46512
