,acc_overall,training_probe time,inference time,training_probe flops,inference flops
0,0.4444,285.1024715900421,24.71445870399475,0.4055039999999999,614.016
