,acc_overall,training_probe time,inference time,training_probe flops,inference flops
0,0.813,129.3646628856659,27.418749570846558,0.13685759999999997,26.588
