,acc_overall,training_probe time,inference time,training_probe flops,inference flops
0,0.4664,135.37054562568665,30.095085382461548,0.20275200000000004,111.48516
