,acc_overall,training_probe time,inference time,training_probe flops,inference flops
0,0.4994,160.96156191825867,18.845083713531494,0.20275199999999996,162.04644
