,acc_overall,training_probe time,inference time,training_probe flops,inference flops
0,0.5481,301.55037450790405,37.8006637096405,0.8110079999999998,2120.87892
