,acc_overall,training_probe time,inference time,training_probe flops,inference flops
0,0.6697,4631.697637319565,43.906365156173706,3.2440319999999994,9838.80984
