,acc_overall,training_probe time,inference time,training_probe flops,inference flops
0,0.6329,3006.310083389282,36.3343505859375,3.2440319999999994,8085.83556
