,acc_overall,training_probe time,inference time,training_probe flops,inference flops
0,0.463,79.88674879074097,11.029182195663452,0.4055039999999999,606.554
