,acc_overall,training_probe time,inference time,training_probe flops,inference flops
0,0.2845,66.73375177383423,22.20450735092163,0.10137599999999998,35.6202
