,acc_overall,training_probe time,inference time,training_probe flops,inference flops
0,0.6536,1353.3910512924194,27.60595464706421,1.6220159999999997,5553.0738
