,acc_overall,training_probe time,inference time,training_probe flops,inference flops
0,0.896,90.56517434120178,22.980021715164185,0.13685759999999997,53.2916
