,acc_overall,training_probe time,inference time,training_probe flops,inference flops
0,0.9287,121.10058355331421,26.499680280685425,0.13685759999999997,50.02012
