,acc_overall,training_probe time,inference time,training_probe flops,inference flops
0,0.1452,64.44960451126099,41.184990882873535,0.10137600000000002,37.01828
