,acc_overall,training_probe time,inference time,training_probe flops,inference flops
0,0.5754,4880.214271306992,44.890360593795776,3.2440320000000007,9957.44448
