,acc_overall,training_probe time,inference time,training_probe flops,inference flops
0,0.3306,280.91461968421936,31.566908836364746,0.8110080000000002,2204.56008
