,acc_overall,training_probe time,inference time,training_probe flops,inference flops
0,0.5041,1775.346066236496,31.096050024032593,1.6220160000000003,5766.28168
