,acc_overall,training_probe time,inference time,training_probe flops,inference flops
0,0.2355,97.42916178703308,29.114659786224365,0.4055040000000001,627.792
