,acc_overall,training_probe time,inference time,training_probe flops,inference flops
0,0.9775,130.15118885040283,24.298444986343384,0.13685760000000002,38.56416
