,acc_overall,training_probe time,inference time,training_probe flops,inference flops
0,0.4452,142.82140278816223,30.329715490341187,0.20275200000000004,135.16524
