,acc_overall,training_probe time,inference time,training_probe flops,inference flops
0,0.6283,4888.482439994812,37.774471282958984,3.2440319999999994,8140.23708
