,acc_overall,training_probe time,inference time,training_probe flops,inference flops
0,0.2743,118.73242211341858,41.11603593826294,0.10137599999999998,35.99028
