,acc_overall,training_probe time,inference time,training_probe flops,inference flops
0,0.5494,393.1517434120178,39.31689190864563,0.8110079999999998,2126.69808
