,acc_overall,training_probe time,inference time,training_probe flops,inference flops
0,0.6711,4094.883372783661,45.844457387924194,3.2440319999999994,10022.00532
