,acc_overall,training_probe time,inference time,training_probe flops,inference flops
0,0.4677,119.92748975753784,14.662229061126709,0.4055039999999999,614.262
