,acc_overall,training_probe time,inference time,training_probe flops,inference flops
0,0.6544,1472.9525232315063,29.662394046783447,1.6220159999999997,5611.41508
