,acc_overall,training_probe time,inference time,training_probe flops,inference flops
0,0.9537,125.69199323654175,26.487825870513916,0.13685759999999997,45.67356
