,acc_overall,training_probe time,inference time,training_probe flops,inference flops
0,0.4995,135.2255425453186,26.316097021102905,0.20275199999999996,174.70728
