,acc_overall,training_probe time,inference time,training_probe flops,inference flops
0,0.4955,151.7270793914795,22.101943969726562,0.20275199999999996,173.2914
