,acc_overall,training_probe time,inference time,training_probe flops,inference flops
0,0.3897,173.09883403778076,27.836138248443604,0.20275200000000004,182.58696
