,acc_overall,training_probe time,inference time,training_probe flops,inference flops
0,0.7587,93.68034315109253,29.387032985687256,0.13685759999999997,50.19352
