,acc_overall,training_probe time,inference time,training_probe flops,inference flops
0,0.9473,136.34287810325623,19.449393272399902,0.13685760000000002,52.74828
