,acc_overall,training_probe time,inference time,training_probe flops,inference flops
0,0.9105,169.43285655975342,30.967528581619263,0.13685759999999997,52.9448
