,acc_overall,training_probe time,inference time,training_probe flops,inference flops
0,0.9044,92.30307912826538,21.636021852493286,0.13685759999999997,53.19912
