,acc_overall,training_probe time,inference time,training_probe flops,inference flops
0,0.9724,121.99764490127563,32.27816677093506,0.13685760000000002,21.40912
