,acc_overall,training_probe time,inference time,training_probe flops,inference flops
0,0.7548,112.84577059745789,25.061887979507446,0.13685759999999997,51.08364
