,acc_overall,training_probe time,inference time,training_probe flops,inference flops
0,0.9818,124.27643394470215,14.616665601730347,0.13685760000000002,32.657
