,acc_overall,training_probe time,inference time,training_probe flops,inference flops
0,0.7617,115.55393648147583,29.683648586273193,0.13685759999999997,50.77152
