,acc_overall,training_probe time,inference time,training_probe flops,inference flops
0,0.9771,140.23609900474548,30.710648775100708,0.13685759999999997,30.73804
