,acc_overall,training_probe time,inference time,training_probe flops,inference flops
0,0.4164,113.75250244140625,31.948942184448242,0.20275200000000004,173.04516
