,acc_overall,training_probe time,inference time,training_probe flops,inference flops
0,0.9021,144.35051894187927,38.94704866409302,0.13685759999999997,54.11236
