,acc_overall,training_probe time,inference time,training_probe flops,inference flops
0,0.5017,74.67042875289917,25.415071725845337,0.20275199999999996,174.42
