,acc_overall,training_probe time,inference time,training_probe flops,inference flops
0,0.9811,130.81493163108826,33.23264265060425,0.13685760000000002,29.05028
