,acc_overall,training_probe time,inference time,training_probe flops,inference flops
0,0.7209,115.79234004020691,20.774112224578857,0.13685759999999997,52.93324
