,acc_overall,training_probe time,inference time,training_probe flops,inference flops
0,0.9129,106.22667574882507,22.226231813430786,0.13685759999999997,51.85816
