,acc_overall,training_probe time,inference time,training_probe flops,inference flops
0,0.1175,74.8947434425354,24.919185638427734,0.10137599999999998,37.17248
