,acc_overall,training_probe time,inference time,training_probe flops,inference flops
0,0.1385,182.58061003684998,16.44316005706787,0.4055039999999999,622.339
