,acc_overall,training_probe time,inference time,training_probe flops,inference flops
0,0.4795,1906.3007652759552,40.59827208518982,1.6220159999999997,6028.98132
