,acc_overall,training_probe time,inference time,training_probe flops,inference flops
0,0.1175,160.1716628074646,40.22131085395813,0.10137599999999998,37.17248
