,acc_overall,training_probe time,inference time,training_probe flops,inference flops
0,0.2678,673.1653339862823,34.37416076660156,0.8110079999999998,2179.07052
