,acc_overall,training_probe time,inference time,training_probe flops,inference flops
0,0.3942,145.76846432685852,23.128687620162964,0.20275200000000004,181.10952
