,acc_overall,training_probe time,inference time,training_probe flops,inference flops
0,0.4015,140.58512163162231,22.639699459075928,0.20275200000000004,179.037
