,acc_overall,training_probe time,inference time,training_probe flops,inference flops
0,0.9473,110.51091432571411,26.60947895050049,0.13685760000000002,52.20496
