,acc_overall,training_probe time,inference time,training_probe flops,inference flops
0,0.9082,172.57146096229553,28.10587477684021,0.13685759999999997,53.8118
