,acc_overall,training_probe time,inference time,training_probe flops,inference flops
0,0.2931,162.90227913856506,13.605522394180298,0.20275200000000004,0.2052
