,acc_overall,training_probe time,inference time,training_probe flops,inference flops
0,0.9034,113.42832565307617,27.110208749771118,0.13685759999999997,52.43616
