,acc_overall,training_probe time,inference time,training_probe flops,inference flops
0,0.5062,140.5369210243225,26.867611408233643,0.20275199999999996,173.84544
