,acc_overall,training_probe time,inference time,training_probe flops,inference flops
0,0.7245,87.43035554885864,23.65120768547058,0.13685759999999997,52.95636
