,acc_overall,training_probe time,inference time,training_probe flops,inference flops
0,0.4718,207.1659414768219,30.308951377868652,0.4055039999999999,471.746
