,acc_overall,training_probe time,inference time,training_probe flops,inference flops
0,0.6476,1537.5572814941406,29.184061765670776,1.6220159999999997,5235.80212
