,acc_overall,training_probe time,inference time,training_probe flops,inference flops
0,0.345,75.48713159561157,27.090861082077026,0.10137599999999998,28.81484
