,acc_overall,training_probe time,inference time,training_probe flops,inference flops
0,0.345,128.40364146232605,32.770784854888916,0.10137599999999998,28.81484
