,acc_overall,training_probe time,inference time,training_probe flops,inference flops
0,0.5369,704.7107911109924,26.079130172729492,0.8110079999999998,1850.41092
