,acc_overall,training_probe time,inference time,training_probe flops,inference flops
0,0.9592,109.68332147598267,28.962355136871338,0.13685760000000002,49.8236
