,acc_overall,training_probe time,inference time,training_probe flops,inference flops
0,0.949,94.15515995025635,24.25127148628235,0.13685760000000002,53.41876
