,acc_overall,training_probe time,inference time,training_probe flops,inference flops
0,0.926,109.96588730812073,27.313581228256226,0.13685759999999997,49.92764
