,acc_overall,training_probe time,inference time,training_probe flops,inference flops
0,0.9495,108.38925242424011,28.867587327957153,0.13685760000000002,52.85232
