,acc_overall,training_probe time,inference time,training_probe flops,inference flops
0,0.4103,101.3870415687561,21.840376138687134,0.20275200000000004,174.64572
