,acc_overall,training_probe time,inference time,training_probe flops,inference flops
0,0.8996,110.49601221084595,26.79476046562195,0.13685759999999997,52.75984
