,acc_overall,training_probe time,inference time,training_probe flops,inference flops
0,0.9458,93.6990852355957,25.313835859298706,0.13685760000000002,53.71932
