,acc_overall,training_probe time,inference time,training_probe flops,inference flops
0,0.1903,80.22010827064514,35.417107582092285,0.10137600000000002,28.55784
