,acc_overall,training_probe time,inference time,training_probe flops,inference flops
0,0.5126,1455.1183543205261,24.00263524055481,1.6220160000000003,5461.79264
