,acc_overall,training_probe time,inference time,training_probe flops,inference flops
0,0.1903,108.09036993980408,21.901154279708862,0.10137600000000002,28.55784
