,acc_overall,training_probe time,inference time,training_probe flops,inference flops
0,0.3784,442.0600583553314,17.245058298110962,0.8110080000000002,1926.22392
