,acc_overall,training_probe time,inference time,training_probe flops,inference flops
0,0.3002,202.1936686038971,31.582765102386475,0.4055040000000001,455.879
