,acc_overall,training_probe time,inference time,training_probe flops,inference flops
0,0.4974,43.65727758407593,7.657073497772217,0.20275199999999996,172.03968
