,acc_overall,training_probe time,inference time,training_probe flops,inference flops
0,0.3957,170.83654928207397,24.48421859741211,0.20275200000000004,182.97684
