,acc_overall,training_probe time,inference time,training_probe flops,inference flops
0,0.9444,92.64798641204834,26.193227767944336,0.13685760000000002,53.99676
