,acc_overall,training_probe time,inference time,training_probe flops,inference flops
0,0.9534,119.23880457878113,30.42301082611084,0.13685760000000002,50.70216
