,acc_overall,training_probe time,inference time,training_probe flops,inference flops
0,0.7658,144.35951733589172,27.989256143569946,0.13685759999999997,4.09224
