,acc_overall,training_probe time,inference time,training_probe flops,inference flops
0,0.7491,91.44081473350525,24.7412531375885,0.13685759999999997,51.62696
