,acc_overall,training_probe time,inference time,training_probe flops,inference flops
0,0.4968,48.42677044868469,5.3429856300354,0.20275199999999996,172.75788
