,acc_overall,training_probe time,inference time,training_probe flops,inference flops
0,0.7337,144.20628595352173,19.246159076690674,0.13685759999999997,52.02
