,acc_overall,training_probe time,inference time,training_probe flops,inference flops
0,0.7836,133.04703855514526,19.313665628433228,0.13685759999999997,42.05528
