,acc_overall,training_probe time,inference time,training_probe flops,inference flops
0,0.9549,107.3822569847107,26.549829959869385,0.13685760000000002,50.07792
