,acc_overall,training_probe time,inference time,training_probe flops,inference flops
0,0.3906,109.80032444000244,29.413072109222412,0.20275200000000004,180.08352
