,acc_overall,training_probe time,inference time,training_probe flops,inference flops
0,0.9421,121.05889201164246,32.78248977661133,0.13685760000000002,53.26848
