,acc_overall,training_probe time,inference time,training_probe flops,inference flops
0,0.4979,54.39149451255798,7.256404399871826,0.20275199999999996,172.32696
