,acc_overall,training_probe time,inference time,training_probe flops,inference flops
0,0.9446,94.91648840904236,23.64302396774292,0.13685760000000002,53.93896
