,acc_overall,training_probe time,inference time,training_probe flops,inference flops
0,0.504,2106.7468054294586,31.60122060775757,1.6220160000000003,5288.07984
