,acc_overall,training_probe time,inference time,training_probe flops,inference flops
0,0.3077,241.6681592464447,25.776881456375122,0.4055040000000001,361.046
