,acc_overall,training_probe time,inference time,training_probe flops,inference flops
0,0.2208,134.98685145378113,18.013733386993408,0.10137600000000002,23.24308
