,acc_overall,training_probe time,inference time,training_probe flops,inference flops
0,0.3703,354.29920387268066,20.26105499267578,0.8110080000000002,1742.14176
