,acc_overall,training_probe time,inference time,training_probe flops,inference flops
0,0.2208,74.34778666496277,13.665520668029785,0.10137600000000002,23.24308
