,acc_overall,training_probe time,inference time,training_probe flops,inference flops
0,0.1497,102.90690970420837,32.5372097492218,0.10137600000000002,36.84352
