,acc_overall,training_probe time,inference time,training_probe flops,inference flops
0,0.328,236.46042108535767,11.901719093322754,0.8110080000000002,2196.03624
