,acc_overall,training_probe time,inference time,training_probe flops,inference flops
0,0.2106,135.34515523910522,17.920873641967773,0.4055040000000001,639.641
