,acc_overall,training_probe time,inference time,training_probe flops,inference flops
0,0.5057,2034.7817656993866,69.32613635063171,1.6220160000000003,5867.88728
