,acc_overall,training_probe time,inference time,training_probe flops,inference flops
0,0.7538,103.30690002441406,31.049965381622314,0.13685759999999997,52.03156
