,acc_overall,training_probe time,inference time,training_probe flops,inference flops
0,0.9547,112.53669047355652,25.842846632003784,0.13685760000000002,50.71372
