,acc_overall,training_probe time,inference time,training_probe flops,inference flops
0,0.7461,92.58294010162354,21.534021615982056,0.13685759999999997,51.7888
