,acc_overall,training_probe time,inference time,training_probe flops,inference flops
0,0.9676,131.79770874977112,17.538136959075928,0.13685759999999997,40.20568
