,acc_overall,training_probe time,inference time,training_probe flops,inference flops
0,0.4171,139.60798621177673,34.6030433177948,0.20275200000000004,164.50884
