,acc_overall,training_probe time,inference time,training_probe flops,inference flops
0,0.3902,175.91843271255493,23.36902642250061,0.20275200000000004,182.115
