,acc_overall,training_probe time,inference time,training_probe flops,inference flops
0,0.9577,132.23676586151123,28.40594220161438,0.13685760000000002,14.65808
