,acc_overall,training_probe time,inference time,training_probe flops,inference flops
0,0.4306,95.20976662635803,29.744205951690674,0.20275200000000004,146.69748
