,acc_overall,training_probe time,inference time,training_probe flops,inference flops
0,0.4172,134.89326930046082,24.29057288169861,0.20275200000000004,167.21748
