,acc_overall,training_probe time,inference time,training_probe flops,inference flops
0,0.397,184.59997415542603,30.48896312713623,0.20275200000000004,182.19708
