,acc_overall,training_probe time,inference time,training_probe flops,inference flops
0,0.7632,112.06289553642273,29.916697025299072,0.13685759999999997,50.52876
