,acc_overall,training_probe time,inference time,training_probe flops,inference flops
0,0.9647,97.29264330863953,24.383513927459717,0.13685759999999997,9.45608
