,acc_overall,training_probe time,inference time,training_probe flops,inference flops
0,0.1457,13.124211311340332,1.5519962310791016,0.10137600000000002,35.7744
