,acc_overall,training_probe time,inference time,training_probe flops,inference flops
0,0.3426,122.94085121154785,19.96537685394287,0.8110080000000002,2163.3342
