,acc_overall,training_probe time,inference time,training_probe flops,inference flops
0,0.5383,2758.492246866226,35.609392166137695,3.2440320000000007,7899.6906
