,acc_overall,training_probe time,inference time,training_probe flops,inference flops
0,0.5086,1328.236680984497,31.751869201660156,1.6220160000000003,5722.85348
