,acc_overall,training_probe time,inference time,training_probe flops,inference flops
0,0.2349,34.84881949424744,4.961505651473999,0.4055040000000001,596.14
