,acc_overall,training_probe time,inference time,training_probe flops,inference flops
0,0.5672,3018.241590499878,44.1611545085907,3.2440320000000007,10016.10636
