,acc_overall,training_probe time,inference time,training_probe flops,inference flops
0,0.946,119.64776730537415,27.641812801361084,0.13685760000000002,52.93324
