,acc_overall,training_probe time,inference time,training_probe flops,inference flops
0,0.9036,102.59292006492615,20.283623218536377,0.13685759999999997,52.7136
