,acc_overall,training_probe time,inference time,training_probe flops,inference flops
0,0.3879,147.75762963294983,28.13273334503174,0.20275200000000004,181.76616
