,acc_overall,training_probe time,inference time,training_probe flops,inference flops
0,0.9038,125.51281833648682,27.920238256454468,0.13685759999999997,54.77128
