,acc_overall,training_probe time,inference time,training_probe flops,inference flops
0,0.3279,65.21436834335327,12.627875328063965,0.10137599999999998,25.02152
