,acc_overall,training_probe time,inference time,training_probe flops,inference flops
0,0.617,1469.0533483028412,32.2386908531189,1.6220159999999997,5277.42764
