,acc_overall,training_probe time,inference time,training_probe flops,inference flops
0,0.4182,121.26223015785217,11.1642906665802,0.4055039999999999,383.35
