,acc_overall,training_probe time,inference time,training_probe flops,inference flops
0,0.627,3012.143902540207,35.35721445083618,3.2440319999999994,7848.56628
