,acc_overall,training_probe time,inference time,training_probe flops,inference flops
0,0.6459,4725.6577162742615,45.04461741447449,3.2440319999999994,10212.41064
