,acc_overall,training_probe time,inference time,training_probe flops,inference flops
0,0.5003,309.60257482528687,39.721126079559326,0.8110079999999998,1846.64076
