,acc_overall,training_probe time,inference time,training_probe flops,inference flops
0,0.9052,149.7123658657074,22.35808038711548,0.13685759999999997,54.5054
