,acc_overall,training_probe time,inference time,training_probe flops,inference flops
0,0.5056,122.76612329483032,25.760501623153687,0.20275199999999996,174.60468
