,acc_overall,training_probe time,inference time,training_probe flops,inference flops
0,0.9562,115.52827072143555,29.113824367523193,0.13685760000000002,49.2456
