,acc_overall,training_probe time,inference time,training_probe flops,inference flops
0,0.5768,3035.0468802452087,44.52181553840637,3.2440320000000007,10084.59984
