,acc_overall,training_probe time,inference time,training_probe flops,inference flops
0,0.2729,88.85041975975037,8.767106056213379,0.4055040000000001,439.602
