,acc_overall,training_probe time,inference time,training_probe flops,inference flops
0,0.5163,1275.1294829845428,37.35379385948181,1.6220160000000003,5453.76252
