,acc_overall,training_probe time,inference time,training_probe flops,inference flops
0,0.5388,4935.17628121376,46.694215536117554,3.2440320000000007,7945.5714
