,acc_overall,training_probe time,inference time,training_probe flops,inference flops
0,0.183,36.60690903663635,9.204980611801147,0.10137600000000002,29.33912
