,acc_overall,training_probe time,inference time,training_probe flops,inference flops
0,0.372,279.1009259223938,28.782556533813477,0.8110080000000002,1995.80796
