,acc_overall,training_probe time,inference time,training_probe flops,inference flops
0,0.5016,108.75133514404297,15.123081684112549,0.20275199999999996,174.6252
