,acc_overall,training_probe time,inference time,training_probe flops,inference flops
0,0.9095,110.95581459999084,27.63071870803833,0.13685759999999997,52.27432
