,acc_overall,training_probe time,inference time,training_probe flops,inference flops
0,0.7431,139.08399987220764,30.37717080116272,0.13685759999999997,51.2686
