,acc_overall,training_probe time,inference time,training_probe flops,inference flops
0,0.6524,1964.0811696052551,28.34969997406006,1.6220159999999997,5382.96636
