,acc_overall,training_probe time,inference time,training_probe flops,inference flops
0,0.2933,212.27805542945862,69.5665295124054,0.10137599999999998,34.30436
