,acc_overall,training_probe time,inference time,training_probe flops,inference flops
0,0.2933,118.50814414024353,13.895341396331787,0.10137599999999998,34.30436
