,acc_overall,training_probe time,inference time,training_probe flops,inference flops
0,0.5572,617.8833277225494,27.61341881752014,0.8110079999999998,2013.3474
