,acc_overall,training_probe time,inference time,training_probe flops,inference flops
0,0.4573,231.08441591262817,17.28372859954834,0.4055039999999999,585.275
