,acc_overall,training_probe time,inference time,training_probe flops,inference flops
0,0.3993,95.80985975265503,28.304906368255615,0.20275200000000004,179.73468
