,acc_overall,training_probe time,inference time,training_probe flops,inference flops
0,0.3875,137.6049313545227,26.156766414642334,0.20275200000000004,183.77712
