,acc_overall,training_probe time,inference time,training_probe flops,inference flops
0,0.5428,648.3140506744385,62.9734787940979,0.8110079999999998,1979.7438
