,acc_overall,training_probe time,inference time,training_probe flops,inference flops
0,0.3004,301.14849853515625,16.63104224205017,0.10137599999999998,32.90628
