,acc_overall,training_probe time,inference time,training_probe flops,inference flops
0,0.3004,104.34645938873291,14.642934322357178,0.10137599999999998,32.90628
