,acc_overall,training_probe time,inference time,training_probe flops,inference flops
0,0.6519,2083.3352925777435,42.78039813041687,1.6220159999999997,5345.92948
