,acc_overall,training_probe time,inference time,training_probe flops,inference flops
0,0.4439,242.10172128677368,19.84553813934326,0.4055039999999999,552.926
