,acc_overall,training_probe time,inference time,training_probe flops,inference flops
0,0.5743,3021.9976370334625,44.82004475593567,3.2440320000000007,10137.03504
