,acc_overall,training_probe time,inference time,training_probe flops,inference flops
0,0.5049,662.4130356311798,29.886544704437256,1.6220160000000003,5800.69648
