,acc_overall,training_probe time,inference time,training_probe flops,inference flops
0,0.2254,30.867039918899536,4.837000846862793,0.4055040000000001,629.842
