,acc_overall,training_probe time,inference time,training_probe flops,inference flops
0,0.3316,130.8150668144226,19.591713428497314,0.8110080000000002,2209.47768
