,acc_overall,training_probe time,inference time,training_probe flops,inference flops
0,0.1444,16.045482635498047,3.9892337322235107,0.10137600000000002,37.02856
