,acc_overall,training_probe time,inference time,training_probe flops,inference flops
0,0.5386,3027.9337677955627,35.841397285461426,3.2440320000000007,7927.5468
