,acc_overall,training_probe time,inference time,training_probe flops,inference flops
0,0.9203,100.85954093933105,21.492354154586792,0.13685759999999997,51.45356
