,acc_overall,training_probe time,inference time,training_probe flops,inference flops
0,0.9827,124.95923137664795,18.34480571746826,0.13685760000000002,36.88796
