,acc_overall,training_probe time,inference time,training_probe flops,inference flops
0,0.7184,113.13380432128906,20.663748264312744,0.13685759999999997,53.15288
