,acc_overall,training_probe time,inference time,training_probe flops,inference flops
0,0.2749,89.27660989761353,18.291892528533936,0.20275200000000004,8.04384
