,acc_overall,training_probe time,inference time,training_probe flops,inference flops
0,0.9565,108.16458201408386,27.482608795166016,0.13685760000000002,49.7658
