,acc_overall,training_probe time,inference time,training_probe flops,inference flops
0,0.4967,55.717041015625,6.924161195755005,0.20275199999999996,172.34748
