,acc_overall,training_probe time,inference time,training_probe flops,inference flops
0,0.4482,138.21749186515808,19.019704818725586,0.4055039999999999,616.886
