,acc_overall,training_probe time,inference time,training_probe flops,inference flops
0,0.2875,78.0351676940918,16.40006995201111,0.10137599999999998,35.81552
