,acc_overall,training_probe time,inference time,training_probe flops,inference flops
0,0.5437,596.9542717933655,54.594194173812866,0.8110079999999998,2078.42364
