,acc_overall,training_probe time,inference time,training_probe flops,inference flops
0,0.2875,110.2479498386383,27.898493766784668,0.10137599999999998,35.81552
