,acc_overall,training_probe time,inference time,training_probe flops,inference flops
0,0.6542,2132.3727333545685,30.971424102783203,1.6220159999999997,5520.13392
