,acc_overall,training_probe time,inference time,training_probe flops,inference flops
0,0.5224,157.44833421707153,30.267366886138916,0.20275199999999996,172.4706
