,acc_overall,training_probe time,inference time,training_probe flops,inference flops
0,0.9439,124.30845189094543,27.347222805023193,0.13685759999999997,46.85268
