,acc_overall,training_probe time,inference time,training_probe flops,inference flops
0,0.9303,116.49173951148987,26.775327920913696,0.13685759999999997,49.45368
