,acc_overall,training_probe time,inference time,training_probe flops,inference flops
0,0.7187,114.74658823013306,12.457213163375854,0.13685759999999997,53.33784
