,acc_overall,training_probe time,inference time,training_probe flops,inference flops
0,0.3959,121.9507954120636,24.978394508361816,0.20275200000000004,179.46792
