,acc_overall,training_probe time,inference time,training_probe flops,inference flops
0,0.904,161.1843614578247,21.51177477836609,0.13685759999999997,54.55164
