,acc_overall,training_probe time,inference time,training_probe flops,inference flops
0,0.9807,133.77296590805054,29.45723843574524,0.13685760000000002,35.3736
