,acc_overall,training_probe time,inference time,training_probe flops,inference flops
0,0.7313,151.8505825996399,36.74307632446289,0.13685759999999997,52.97948
