,acc_overall,training_probe time,inference time,training_probe flops,inference flops
0,0.6472,1486.7505366802216,29.74789333343506,1.6220159999999997,5536.84968
