,acc_overall,training_probe time,inference time,training_probe flops,inference flops
0,0.4615,146.3163230419159,7.173983812332153,0.4055039999999999,596.222
