,acc_overall,training_probe time,inference time,training_probe flops,inference flops
0,0.5521,372.00716400146484,45.12458324432373,0.8110079999999998,2094.8976
