,acc_overall,training_probe time,inference time,training_probe flops,inference flops
0,0.6319,5016.272444963455,37.44549226760864,3.2440319999999994,8047.1646
