,acc_overall,training_probe time,inference time,training_probe flops,inference flops
0,0.6677,4130.442904472351,45.287163734436035,3.2440319999999994,9899.11032
