,acc_overall,training_probe time,inference time,training_probe flops,inference flops
0,0.2804,56.1340606212616,36.89063048362732,0.10137599999999998,35.209
