,acc_overall,training_probe time,inference time,training_probe flops,inference flops
0,0.3943,136.50774669647217,21.73584008216858,0.20275200000000004,183.81816
