,acc_overall,training_probe time,inference time,training_probe flops,inference flops
0,0.2749,84.3388340473175,22.384147882461548,0.10137599999999998,36.40148
