,acc_overall,training_probe time,inference time,training_probe flops,inference flops
0,0.2749,89.11191391944885,10.787562131881714,0.10137599999999998,36.40148
