,acc_overall,training_probe time,inference time,training_probe flops,inference flops
0,0.6455,1440.2630569934845,25.668794870376587,1.6220159999999997,5625.83652
