,acc_overall,training_probe time,inference time,training_probe flops,inference flops
0,0.4564,163.5509512424469,13.961118459701538,0.4055039999999999,624.758
