,acc_overall,training_probe time,inference time,training_probe flops,inference flops
0,0.5445,271.2342953681946,21.22668194770813,0.8110079999999998,2139.31992
