,acc_overall,training_probe time,inference time,training_probe flops,inference flops
0,0.7546,103.95228290557861,23.60217261314392,0.13685759999999997,51.9622
