,acc_overall,training_probe time,inference time,training_probe flops,inference flops
0,0.5056,108.22582674026489,21.849346160888672,0.20275199999999996,174.3174
