,acc_overall,training_probe time,inference time,training_probe flops,inference flops
0,0.7663,103.92767190933228,26.430469274520874,0.13685759999999997,48.3786
