,acc_overall,training_probe time,inference time,training_probe flops,inference flops
0,0.5404,371.91433453559875,16.416068077087402,0.8110079999999998,2080.1448
