,acc_overall,training_probe time,inference time,training_probe flops,inference flops
0,0.4319,116.04585933685303,25.609758853912354,0.4055039999999999,582.2
