,acc_overall,training_probe time,inference time,training_probe flops,inference flops
0,0.6732,4022.2069177627563,45.22143578529358,3.2440319999999994,9822.09612
