,acc_overall,training_probe time,inference time,training_probe flops,inference flops
0,0.6521,1347.4656898975372,46.31337809562683,1.6220159999999997,5470.15052
