,acc_overall,training_probe time,inference time,training_probe flops,inference flops
0,0.6347,6331.375172615051,40.71692872047424,3.2440319999999994,8030.45088
