,acc_overall,training_probe time,inference time,training_probe flops,inference flops
0,0.2664,51.53534531593323,17.54319667816162,0.10137599999999998,34.78752
