,acc_overall,training_probe time,inference time,training_probe flops,inference flops
0,0.2239,242.36653304100037,38.42134165763855,0.4055040000000001,598.518
