,acc_overall,training_probe time,inference time,training_probe flops,inference flops
0,0.3502,327.05526876449585,15.943601131439209,0.8110080000000002,2109.89628
