,acc_overall,training_probe time,inference time,training_probe flops,inference flops
0,0.1623,88.0165364742279,21.30915355682373,0.10137600000000002,34.83892
