,acc_overall,training_probe time,inference time,training_probe flops,inference flops
0,0.1623,151.54141235351562,27.98592519760132,0.10137600000000002,34.83892
