,acc_overall,training_probe time,inference time,training_probe flops,inference flops
0,0.5101,1947.7574701309204,36.90523600578308,1.6220160000000003,5660.57908
