,acc_overall,training_probe time,inference time,training_probe flops,inference flops
0,0.3376,353.5492215156555,16.77084755897522,0.8110080000000002,2187.59436
