,acc_overall,training_probe time,inference time,training_probe flops,inference flops
0,0.1574,128.91105556488037,33.373780727386475,0.10137600000000002,36.63792
