,acc_overall,training_probe time,inference time,training_probe flops,inference flops
0,0.506,1272.1854159832,22.143970251083374,1.6220160000000003,5832.81696
