,acc_overall,training_probe time,inference time,training_probe flops,inference flops
0,0.2287,125.5465579032898,18.64427423477173,0.4055040000000001,633.122
