,acc_overall,training_probe time,inference time,training_probe flops,inference flops
0,0.1574,123.97523140907288,35.62263584136963,0.10137600000000002,36.63792
