,acc_overall,training_probe time,inference time,training_probe flops,inference flops
0,0.388,206.29589176177979,34.94791221618652,0.20275200000000004,182.56644
