,acc_overall,training_probe time,inference time,training_probe flops,inference flops
0,0.8037,134.90717816352844,22.433258295059204,0.13685759999999997,15.317
