,acc_overall,training_probe time,inference time,training_probe flops,inference flops
0,0.9448,141.40513801574707,29.303796768188477,0.13685760000000002,52.78296
