,acc_overall,training_probe time,inference time,training_probe flops,inference flops
0,0.9558,114.93316745758057,25.724453449249268,0.13685760000000002,9.43296
