,acc_overall,training_probe time,inference time,training_probe flops,inference flops
0,0.2843,60.94909453392029,11.886975526809692,0.10137599999999998,36.35008
