,acc_overall,training_probe time,inference time,training_probe flops,inference flops
0,0.6528,1431.1523818969727,26.80240821838379,1.6220159999999997,5613.38164
