,acc_overall,training_probe time,inference time,training_probe flops,inference flops
0,0.2843,67.11426091194153,11.511047124862671,0.10137599999999998,36.35008
