,acc_overall,training_probe time,inference time,training_probe flops,inference flops
0,0.4546,156.4483768939972,13.034785747528076,0.4055039999999999,625.988
