,acc_overall,training_probe time,inference time,training_probe flops,inference flops
0,0.5431,290.68495750427246,16.021332025527954,0.8110079999999998,2130.38628
