,acc_overall,training_probe time,inference time,training_probe flops,inference flops
0,0.5009,134.76512598991394,21.602094888687134,0.20275199999999996,175.22028
