,acc_overall,training_probe time,inference time,training_probe flops,inference flops
0,0.7207,120.65731978416443,32.49869751930237,0.13685759999999997,51.58072
