,acc_overall,training_probe time,inference time,training_probe flops,inference flops
0,0.9419,92.78175735473633,26.41574740409851,0.13685760000000002,53.67308
