,acc_overall,training_probe time,inference time,training_probe flops,inference flops
0,0.9447,116.46006798744202,24.99481749534607,0.13685760000000002,53.19912
