,acc_overall,training_probe time,inference time,training_probe flops,inference flops
0,0.9025,113.20972681045532,25.648717880249023,0.13685759999999997,54.51696
