,acc_overall,training_probe time,inference time,training_probe flops,inference flops
0,0.4941,130.96591758728027,24.79617929458618,0.20275199999999996,173.0862
