,acc_overall,training_probe time,inference time,training_probe flops,inference flops
0,0.5129,133.03502464294434,23.927961111068726,0.20275199999999996,166.0068
