,acc_overall,training_probe time,inference time,training_probe flops,inference flops
0,0.9001,143.4632019996643,32.85652804374695,0.13685759999999997,54.51696
