,acc_overall,training_probe time,inference time,training_probe flops,inference flops
0,0.9445,105.4494571685791,24.07409977912903,0.13685760000000002,53.41876
