,acc_overall,training_probe time,inference time,training_probe flops,inference flops
0,0.7253,147.85498237609863,35.3807315826416,0.13685759999999997,52.55176
