,acc_overall,training_probe time,inference time,training_probe flops,inference flops
0,0.9112,95.99552178382874,26.88633942604065,0.13685759999999997,51.95064
