,acc_overall,training_probe time,inference time,training_probe flops,inference flops
0,0.3341,302.34836411476135,15.95542573928833,0.8110080000000002,2180.87364
