,acc_overall,training_probe time,inference time,training_probe flops,inference flops
0,0.152,86.77439570426941,15.731790542602539,0.10137600000000002,36.29868
