,acc_overall,training_probe time,inference time,training_probe flops,inference flops
0,0.152,72.46364855766296,19.336581230163574,0.10137600000000002,36.29868
