,acc_overall,training_probe time,inference time,training_probe flops,inference flops
0,0.5045,1843.0417609214783,35.82335877418518,1.6220160000000003,5779.71984
