,acc_overall,training_probe time,inference time,training_probe flops,inference flops
0,0.2242,293.8767399787903,31.261829614639282,0.4055040000000001,627.136
