,acc_overall,training_probe time,inference time,training_probe flops,inference flops
0,0.9479,118.68593311309814,23.473640203475952,0.13685760000000002,52.91012
