,acc_overall,training_probe time,inference time,training_probe flops,inference flops
0,0.9459,109.32666444778442,35.738036155700684,0.13685760000000002,52.43616
