,acc_overall,training_probe time,inference time,training_probe flops,inference flops
0,0.5112,125.6575984954834,25.784529447555542,0.20275199999999996,175.01508
