,acc_overall,training_probe time,inference time,training_probe flops,inference flops
0,0.5047,160.12897181510925,15.440627336502075,0.20275199999999996,170.33652
