,acc_overall,training_probe time,inference time,training_probe flops,inference flops
0,0.755,112.51575326919556,26.35167622566223,0.13685759999999997,51.6154
