,acc_overall,training_probe time,inference time,training_probe flops,inference flops
0,0.7428,172.22390508651733,32.43390369415283,0.13685759999999997,50.864
