,acc_overall,training_probe time,inference time,training_probe flops,inference flops
0,0.9055,111.49561476707458,27.32799220085144,0.13685759999999997,52.64424
