,acc_overall,training_probe time,inference time,training_probe flops,inference flops
0,0.7319,150.87319087982178,32.115182399749756,0.13685759999999997,52.81764
