,acc_overall,training_probe time,inference time,training_probe flops,inference flops
0,0.2882,173.87546968460083,63.6099956035614,0.4055040000000001,300.776
