,acc_overall,training_probe time,inference time,training_probe flops,inference flops
0,0.2341,101.90909457206726,22.30205988883972,0.10137600000000002,19.59368
