,acc_overall,training_probe time,inference time,training_probe flops,inference flops
0,0.3699,276.8236074447632,11.240711212158203,0.8110080000000002,1734.51948
