,acc_overall,training_probe time,inference time,training_probe flops,inference flops
0,0.2341,152.7644853591919,37.058185338974,0.10137600000000002,19.59368
