,acc_overall,training_probe time,inference time,training_probe flops,inference flops
0,0.4987,1886.7402741909027,32.20363521575928,1.6220160000000003,5375.75564
