,acc_overall,training_probe time,inference time,training_probe flops,inference flops
0,0.4975,54.56213116645813,10.4604172706604,0.20275199999999996,172.71684
