,acc_overall,training_probe time,inference time,training_probe flops,inference flops
0,0.3814,206.98653411865234,26.43918228149414,0.20275200000000004,181.93032
