,acc_overall,training_probe time,inference time,training_probe flops,inference flops
0,0.7484,93.09695148468018,22.732825994491577,0.13685759999999997,51.91596
