,acc_overall,training_probe time,inference time,training_probe flops,inference flops
0,0.3857,156.3470904827118,33.2721483707428,0.20275200000000004,183.12048
