,acc_overall,training_probe time,inference time,training_probe flops,inference flops
0,0.7638,119.97098469734192,28.87454843521118,0.13685759999999997,50.72528
