,acc_overall,training_probe time,inference time,training_probe flops,inference flops
0,0.5077,93.49943518638611,25.539597511291504,0.20275199999999996,174.13272
