,class_val_corr,class_val_org
0,0.0029948209776409843,0.0011252373581487878
1,-0.032741381576405465,-0.033073202472442054
2,-0.0001894539614623273,-0.00035114151859325484
3,0.02918798226832417,-0.02978601632357983
4,-0.022114024652723798,0.023172920514574737
5,0.01395302500082004,0.013191489077245232
6,0.010166083655140828,-0.009971777147245557
7,0.04132890484950204,0.04024367834650132
8,0.011741137279098368,-0.009582422317909477
9,-0.000844698521890265,-0.0023076950302569014
