,class_val_corr,class_val_org
0,0.19449008002466356,-0.21630731569724676
1,0.09080711432270644,0.09681826843773958
2,-0.13489897228416992,-0.11358413552554862
3,-0.10782378643716353,-0.06202879221159732
4,-0.13451119703732003,0.06910354499234528
5,0.09116128561131143,-0.013594639171091698
6,0.12391162872580792,0.02423562596964768
7,-0.053506014404220016,0.042430405390198614
8,0.24289193621005248,-0.26437957288684943
9,0.2116061450589468,-0.23097673655298193
