,class_val_corr,class_val_org
0,-0.17886754057073537,0.27643832771324683
1,0.23905453508046232,0.3403400055301835
2,0.021798953478725805,0.0630311019924861
3,-0.06177845121168872,-0.14345589973286282
4,-0.004188733707143818,-0.10747035675903428
5,-0.07361878536841682,0.17816487071604775
6,-0.11018836258823711,0.23125145214191792
7,-0.10267189067233369,-0.2204032833374542
8,0.1903291581559628,-0.3241285510373562
9,0.20141642663449852,-0.3006224632434951
