,class_val_corr,class_val_org
0,0.3064676841941657,-0.19203622362760145
1,0.30486963016339363,-0.1906656966050186
2,0.27736579972793274,-0.14777141834745477
3,0.22836148826335925,-0.10060252261151229
4,0.2612665314742355,-0.1432564886988567
5,0.2744009648492842,0.1474628721434284
6,0.28927710191066686,-0.15608106341838066
7,0.24326804123697113,0.10364790339737445
8,0.2724289168048942,0.15140544336506156
9,0.3154087997030601,0.1862225272548536
