,class_val_corr,class_val_org
0,0.29486496708875265,-0.1735196885288285
1,-0.33100603100434517,-0.21181813288452592
2,0.2607441760779681,-0.12360186169681
3,-0.25353641840620034,0.12917367433948562
4,-0.27991208154800384,-0.15584139272105715
5,-0.2741986292664109,0.1399404605794073
6,-0.29250011465019143,0.15335726662310006
7,0.2817646161783457,0.14693969769463072
8,0.257628186778146,-0.1268084561843726
9,0.28669529810080807,0.15291687745649565
