,class_val_corr,class_val_org
0,0.2708981370489458,0.1347066756987483
1,-0.32878491376406094,-0.2077934065669595
2,-0.30053863877515863,-0.1591156703648976
3,0.2507686321822299,-0.11021281893075419
4,0.26406149533612533,0.1274518735848925
5,-0.2878137599602628,0.14372713557212086
6,0.2892315553795639,0.1512584835466538
7,0.2992087735949018,0.1552317759892451
8,-0.3149684301228598,0.19050788822278752
9,-0.3512587089815896,0.22201509388471216
