,class_val_corr,class_val_org
0,-0.18341102230256773,-0.2716364964545985
1,0.24661307627359752,-0.34260229945892023
2,0.007123470693281414,-0.07148337828809573
3,-0.06956742672929361,-0.145594126213068
4,-0.014603862446404008,-0.109366757811653
5,-0.08057101035886474,-0.1750769448070806
6,-0.10898463983695213,0.22236857342436767
7,-0.11653334341342378,-0.22308832003870901
8,0.18334781863204702,-0.31117499327114834
9,-0.19889250942910722,-0.2935500667895178
