,class_val_corr,class_val_org
0,0.30721438628477904,-0.1804240740726362
1,0.34341390123002385,0.21685373673302527
2,0.30001180616201095,0.1560130502274957
3,0.24056056005447907,-0.10496831133016576
4,0.28030261839311127,0.14982651298330543
5,-0.28573042753547273,-0.13635633085852167
6,-0.29196079371264994,-0.1538291967077634
7,0.29551030628864977,0.15465101696235317
8,-0.2887468442577682,-0.16680674619188746
9,0.3097316136796455,0.16945419460406808
