,class_val_corr,class_val_org
0,0.30406608600593804,0.17086044012841411
1,-0.3251759079958398,-0.19468615497934785
2,0.2730746161792954,-0.12019876608326974
3,0.2839176953450645,0.15053704912204754
4,0.26706807835058555,-0.12600680272253512
5,0.301206796572265,-0.15746162213925996
6,-0.28599384580575143,-0.1342789639712171
7,0.29605693835658003,0.15144021261886886
8,0.2973437950853438,0.1685006484324159
9,0.33521672686712384,0.19846672777751995
