,class_val_corr,class_val_org
0,0.30834870174587437,-0.1712933977448256
1,0.3175394848420473,-0.18406952626880085
2,0.3128738104311707,-0.16720702599159457
3,-0.30630188295777094,0.1723434894896342
4,-0.27699467677076445,0.1329016337124322
5,0.2862721711573349,-0.13563623811522
6,-0.29477545864648075,-0.1443277665834396
7,0.32498557949801493,0.1851840394354377
8,0.3033448822128024,0.17317293718649435
9,0.32545383116186777,0.18127912791708894
