,class_val_corr,class_val_org
0,-0.3074618596168727,-0.16762843893682136
1,0.3340013405299443,-0.2054322739654962
2,-0.28729301202406055,-0.12892766020423657
3,0.2743530080361324,0.13860352256484532
4,-0.2897773959998019,-0.1519410332972153
5,0.2999155099677184,0.147301475508263
6,-0.3085875548062158,-0.16343893860467512
7,0.2860345738456147,0.1408260468570919
8,0.32856717063677465,-0.20867775031188912
9,0.3515737747668647,-0.21426545131912259
