,class_val_corr,class_val_org
0,-0.18980179483863335,-0.2710048869936821
1,0.245677605011771,-0.3333363828804658
2,-0.007297558004053224,-0.07994118826980823
3,-0.07826963804925256,0.14646640766852845
4,-0.0297474959727108,-0.11586249516275196
5,-0.08975070635538736,-0.17337713490054854
6,-0.10854586517177281,-0.21205627045657524
7,-0.13481158439264426,0.22812497348302907
8,-0.17816221140437227,-0.2955270275921091
9,-0.19520669563314377,0.2821047245439582
