,class_val_corr,class_val_org
0,-0.31600286732156774,0.18206609091221154
1,-0.30570514220066886,-0.16164180986973647
2,-0.295158020408631,-0.13640537986801596
3,-0.3086771876742196,-0.16770838276891803
4,-0.2984533778419834,-0.1542743808678044
5,-0.30560766324036154,-0.15424053618848288
6,-0.30036418394180336,0.14552047718613584
7,0.31963617687755697,0.1705925282022666
8,0.332440806143122,-0.1961960075544526
9,-0.3498479261707833,0.21221903406248943
