,class_val_corr,class_val_org
0,0.3000441235367513,0.15885541641554835
1,-0.31603020711047825,0.1758589519999582
2,0.2895867441354083,-0.1299172926876933
3,0.28820632979847094,-0.14296991101042789
4,0.30250872826825564,0.15566353270618022
5,-0.29685908528735283,0.1428247041061821
6,0.30212657837070095,-0.14745147353635069
7,0.3529460549237178,0.21590687532641784
8,-0.32132990209843654,0.18198154378895406
9,-0.3206292613498122,0.16364403108513742
