,class_val_corr,class_val_org
0,-0.3040059120995356,-0.16126761961949038
1,-0.3391649790082191,-0.2036967043498894
2,-0.30616093403349864,-0.14781199318065263
3,-0.28732948433694705,-0.1374021708187959
4,-0.29246521955356775,-0.14332204993258493
5,-0.325072832498831,-0.17042434098067943
6,0.31324054853736133,0.15449681961207168
7,0.3482371175681799,0.20110333331987162
8,0.34864755670892666,0.22123827465858664
9,0.34152604061650427,0.19540622191449464
