,class_val_corr,class_val_org
0,-0.19748623704105384,-0.26984729243712785
1,-0.24473092940340063,-0.3201336078065113
2,-0.019501058788375616,-0.08542759996524131
3,-0.08574781301924579,0.14452071792492527
4,-0.046213556391903304,-0.1226567266787876
5,-0.1007199519682623,-0.17370747733475134
6,-0.11021397298696078,-0.20426236754254526
7,0.1556244429923074,0.23398400984173476
8,-0.18041840329118347,-0.28585598637913645
9,-0.18947850920587767,0.26762301739931516
