,class_val_corr,class_val_org
0,0.3090684972446388,-0.16423562743252493
1,-0.3333416200356441,-0.19817341281717432
2,-0.29666758045137626,0.14089999839613723
3,-0.28778110370811694,-0.14027433637959427
4,0.2839241230524923,-0.1349006199247379
5,0.31974168105800543,0.1731216636243806
6,-0.298253159480417,-0.1377265964916565
7,0.3270168333161518,0.17889807795910603
8,-0.3147838459037815,0.16841666227840862
9,0.33439908118103956,0.18559908268087386
