,class_val_corr,class_val_org
0,0.3231403299542476,0.19133136175816287
1,0.3569962683864904,-0.2308863079369791
2,-0.28169304739501955,-0.11649583538102273
3,0.28794384256495253,-0.14072304315417394
4,0.2642035612225984,-0.10206498211522495
5,-0.32297721917302197,0.16983801128688772
6,-0.3129427947679391,0.15223036142192542
7,0.31944645713599673,0.167768649293517
8,-0.3336958414685974,-0.20029608863469367
9,0.37210414865252767,0.2300315424693404
