,class_val_corr,class_val_org
0,0.3236463589056399,0.176309368701821
1,0.3581560252635294,0.21966317394856671
2,-0.32262760911763766,0.1554735330732304
3,0.30013198361295784,0.14875092764136816
4,0.31187499049941864,-0.15433770294783794
5,-0.33650069363575286,0.17679267416894628
6,0.34127396397120063,0.18609309765917062
7,-0.34051464458498715,-0.18242339470750824
8,-0.3367023135982004,-0.19722633357401612
9,0.35995860454263556,0.20231748105638966
