,class_val_corr,class_val_org
0,0.3238572638402696,-0.17551451755228598
1,0.3498751611823484,0.20912244179850598
2,-0.2975747889648212,-0.1279707118458483
3,0.3080303750873127,0.1566276119578851
4,0.2958531212170995,-0.13619840105208517
5,-0.3372237088599521,0.17965783307602684
6,0.3256740964979269,0.1589711585096023
7,0.3405917621311947,0.18783388386992197
8,-0.33328623629789894,0.1927188339902752
9,0.3595459149135029,0.20574930005262637
