,class_val_corr,class_val_org
0,-0.20789664830134322,-0.2744404067520723
1,0.2418994839541519,0.3019563955528477
2,-0.027597582713545753,-0.08622067654122863
3,-0.08897279025264618,0.1384788148515814
4,-0.06393146801279427,-0.1288826502792791
5,-0.1068003329027575,-0.171524195841751
6,-0.1094615595521879,-0.19144825391706324
7,-0.1760581001509948,-0.23901935613021902
8,0.18269447638471253,-0.2750794600870042
9,-0.18814099972408732,0.2556608268402277
