,class_val_corr,class_val_org
0,0.3213833813803929,-0.17880400343116432
1,-0.3517961666251701,-0.21061336584724155
2,-0.3141668815636241,0.15393966804774128
3,-0.30351444801565686,0.1540366886707813
4,0.2891541906935647,-0.13043507370189764
5,0.32598128289581446,0.16846633008702383
6,0.32267067030260244,-0.15858421299688236
7,0.3307255706301986,0.1756482915598772
8,-0.3147691197932925,0.16569269783880516
9,0.36149393060929375,0.21363797598914663
