,class_val_corr,class_val_org
0,0.31671750386956216,-0.18047757672114267
1,-0.34541166570661247,-0.2044739274052199
2,0.30806995829019845,-0.14602241054916956
3,0.2953012863082719,0.14701792022194074
4,0.3021671016891928,-0.15423125387002837
5,-0.31781455830284555,-0.16157649299070126
6,0.33135588999046617,-0.1719490420981623
7,0.3323692904937253,0.17761841564242586
8,-0.3212812709158938,-0.18014551087296782
9,0.3403254791885396,0.1849215395570739
