,class_val_corr,class_val_org
0,0.30959992012274445,-0.1686826907865045
1,0.33790954172955023,0.19462636370277303
2,0.32212470138884236,0.16680666450302722
3,0.2907659043634823,0.13861017607491988
4,0.30020854661588764,-0.15054140762915197
5,0.32189059607699017,-0.1658727806435695
6,0.3098100549963942,-0.14502610663181234
7,0.33807882012620566,0.18946577475762827
8,-0.3167378568708915,-0.17206517555702514
9,0.34075602507435865,0.1905777475885252
