,class_val_corr,class_val_org
0,0.3099596971859518,0.16959994728067285
1,0.3404123586690359,0.19847740524332505
2,0.30529300028651185,0.14263271917737488
3,0.303908296214583,0.1573016452813856
4,0.2968098567812839,0.14482980460322306
5,-0.32300200197686146,-0.16652936773439703
6,0.3117766964499825,0.14833481989051145
7,0.3321567741818375,0.18125059832868873
8,-0.3204508446141594,-0.18037227794381516
9,-0.32946500374123905,-0.172519344720098
