,class_val_corr,class_val_org
0,-0.20270412432128937,-0.27892595509623597
1,-0.1348891193339815,0.16785007886362055
2,0.10836986398628233,-0.047107238216139366
3,0.0687655750533942,-0.007946437766389109
4,-0.08804867703375625,-0.05268329390814319
5,-0.06080900524646712,0.054629426214193866
6,0.029757372080843888,-0.16619558324483252
7,-0.029272599597676828,-0.02201421424616791
8,-0.25523857816543727,0.3133752634357311
9,0.23463354516023843,0.2905368927362917
