,class_val_corr,class_val_org
0,-0.21736809132873308,-0.2756662120305101
1,0.24348965535503098,0.2864236225289673
2,-0.03387667236955161,-0.08273523895800713
3,-0.09270074873174913,0.13172690126593806
4,-0.07460096106135856,-0.12815103634590377
5,-0.11268314405597281,-0.16761573865992174
6,-0.11567058020724962,-0.18618246362675456
7,-0.18984810142157021,0.23657074386793608
8,0.18797442997676583,-0.2678839454521677
9,-0.1876207470356428,-0.24360051543004577
