,class_val_corr,class_val_org
0,0.2995052681540067,0.15979745509720633
1,0.33759338693829133,-0.1970417864320247
2,0.301628781582423,-0.14201054238338084
3,0.2940596991079687,0.14712593351299272
4,0.29802231041974037,-0.14967378882104795
5,0.3159377092928467,-0.16003485081021224
6,0.31264645882736797,0.15389800807030157
7,0.32609283993390964,0.17589920976444123
8,-0.3199146186802232,0.17839631027103134
9,0.3208459733324067,0.16615880877713968
