,class_val_corr,class_val_org
0,0.2987200477403127,0.16102116568960542
1,0.3330288932121568,-0.1932614868020423
2,0.29884534343056246,-0.13989946716305118
3,0.2996964240849469,0.15566451211899363
4,0.2942179355453397,-0.14703865981826883
5,0.3117812458929148,-0.15712144578010326
6,0.31287558725761155,0.15687613733785888
7,0.32282754876834163,0.17370476623134562
8,-0.3134222389738267,0.17227051929774154
9,-0.32375932009766145,0.17033428548049617
