,class_val_corr,class_val_org
0,0.22843639277515307,-0.26312260623518
1,-0.24092741655350064,-0.24210959510126367
2,-0.06604054323335357,-0.0902759489087
3,0.10945602467342827,0.12543507126219872
4,-0.11096311640226385,-0.13708680405392895
5,0.12907678511251874,0.1580861308593573
6,0.13062264633537318,-0.16748871832393813
7,-0.2080284701332321,0.21769903259014256
8,-0.20155088892157427,0.2502829995289822
9,-0.18911551234357338,-0.2117359960089974
