,class_val_corr,class_val_org
0,0.22360415167601105,0.23839988549485425
1,0.24659347979063434,0.2120251942006586
2,0.0979216198261652,0.09607113333760868
3,0.12301719302837816,0.11439058961866261
4,-0.14497629299726936,-0.1485545333245518
5,-0.15499517732619028,0.1552001250283288
6,-0.13932888479912992,-0.14182834760927013
7,0.21436625644889687,-0.19050282923791562
8,0.20817516522117246,0.22692944583527044
9,-0.17664038084115322,-0.1620707808339487
