,class_val_corr,class_val_org
0,-0.22150931716757732,-0.21561243958808615
1,0.25113189092634813,-0.18835287576551207
2,-0.11819246897707689,0.09511490769125913
3,-0.1276892831379671,-0.102027043107259
4,0.1482554623274488,-0.12570212453804108
5,0.16737377275114088,-0.14435267428560922
6,-0.14384297715922592,0.12191075404254373
7,-0.22552179063552708,-0.1785558892529968
8,-0.206764486898184,0.2004305177227614
9,0.18246501898270184,-0.13419885753907906
