,class_val_corr,class_val_org
0,0.1757809661903087,-0.2805212406901112
1,-0.17434735462075102,0.26692152832467575
2,0.05309394431233899,0.03544414080907317
3,-0.002605392703189776,0.06819360572812766
4,0.0249942762023987,-0.08973421861477458
5,-0.025478340264329175,-0.1541973833725758
6,-0.07636955345774393,0.20299522878589948
7,-0.03373442494626822,0.132538954342452
8,-0.19958032423895924,-0.31238768747521695
9,0.20893062566073167,-0.29969406949674304
