,class_val_corr,class_val_org
0,-0.21629884728704737,-0.19289849723615032
1,-0.24913239034065252,-0.17179389367065162
2,0.13658268924940328,0.09676604719552227
3,0.13386231983514182,-0.09602245487655076
4,0.14665759515268847,-0.10614245056862634
5,-0.1750368328742957,-0.1348302472581671
6,-0.1508654316019366,-0.10863157908945052
7,-0.22957071388323283,-0.16619950047636572
8,0.21103291958364834,-0.18659639838311273
9,0.1905694765832281,-0.1231031541728716
