,class_val_corr,class_val_org
0,-0.187317964938647,-0.14455929570716136
1,0.2666758209974761,-0.1808170892915437
2,-0.1224320013539075,0.06697388054766706
3,0.14997034833052333,-0.10164955312875443
4,0.11494386254333461,0.058736797877534976
5,-0.16670960441703375,-0.1151639942213826
6,0.163935469594289,-0.10816435545311098
7,-0.19709449769769016,0.11978393053736429
8,0.20451361224202916,0.16645173144944406
9,-0.22383010218173321,-0.15034824400663943
