,class_val_corr,class_val_org
0,-0.18964730751260517,-0.133476441791794
1,-0.20596297313281764,-0.11800702067062394
2,-0.1423487187978644,0.08183657765211783
3,-0.16360109266038267,-0.1071435451985399
4,-0.15608459405967653,0.0975120639863553
5,-0.1894172437014938,-0.13132785453346593
6,-0.15396561820182866,-0.0771561802032828
7,-0.2428443780792708,0.16933055211762482
8,-0.18765225390513363,0.1353407547022195
9,0.225060883067723,-0.1453342922790595
