,class_val_corr,class_val_org
0,0.2400570390306446,-0.17243674678844523
1,-0.2546078700067592,0.17356857347157184
2,0.2077055224567918,0.1414840656929089
3,-0.152049731791954,-0.0823010421508461
4,0.16910023963071,0.09875208866850768
5,-0.1478734788637196,-0.08093179490848501
6,-0.16448819712250715,-0.07386908569892846
7,-0.26054989311651117,-0.1836866208163868
8,-0.18059258573778902,-0.11785113769213935
9,-0.20168149608145566,-0.10595890887304754
