,class_val_corr,class_val_org
0,0.23311316665001164,-0.12982007282753188
1,0.2895562939179776,0.1933570018941625
2,-0.1807763849622745,-0.07272756955957363
3,-0.16564466419936602,-0.07053084147743391
4,-0.23040739956324727,0.14012098529147046
5,0.266022368013832,-0.1724800223224282
6,-0.23139695830188867,0.11890192418008433
7,0.2357803327426433,-0.13077530880914162
8,0.24143746742351038,-0.15234934890133953
9,-0.26881864327467797,0.16353761461880223
