,class_val_corr,class_val_org
0,-0.24911566315342304,-0.13982572915755248
1,-0.34236372422865824,-0.252361786055156
2,0.19876559893782414,-0.08044760180730487
3,-0.15359305986610874,-0.05036662375785929
4,0.22705971654391438,0.12945422275612006
5,0.2678818310781476,-0.16339341115344552
6,0.24849025459795876,-0.14371972868271984
7,0.21566936239466014,-0.1023145641829204
8,-0.26438210420011043,-0.1678893276195256
9,-0.2451218217027015,-0.12652159330150922
