,class_val_corr,class_val_org
0,0.17819778670220232,-0.2810113519515418
1,-0.22039164834422087,0.32515760208320166
2,0.03417708524985216,-0.05459251735212664
3,-0.051701696202063364,-0.13691907530754008
4,0.0010177629983224344,-0.10818042985375799
5,-0.06763485228001037,-0.18244263121574772
6,-0.10607229444010606,0.23245045402915132
7,0.09046170579389637,-0.21488020611045622
8,0.19963901210930377,-0.33453412953760286
9,0.20167565790628159,0.30139887410913346
