,class_val_corr,class_val_org
0,0.22717515356914303,-0.11597463333668764
1,-0.35061973214857367,-0.25938505305843024
2,-0.21651310807201973,-0.09343672402693684
3,-0.22719041710146723,0.12024603732100941
4,0.19362853810571087,-0.08306737588144969
5,0.24447988097882611,-0.13110806015209311
6,-0.2727905824724692,0.1636694486832295
7,0.2869078509691183,-0.1802184257843445
8,0.1967692936018659,-0.08473466932991752
9,0.28926217863586645,-0.17168351437025403
