,class_val_corr,class_val_org
0,0.27526285636098013,-0.1654033086998418
1,-0.2794693996249449,-0.16245410603288737
2,-0.21300429646232077,-0.08940586564680436
3,-0.23235803370117666,-0.11767951373472554
4,0.23818113238362762,0.12507589450619402
5,0.2612186183102373,0.1479888530951311
6,0.2656153907959703,-0.14559251596396344
7,0.28444441870390114,-0.16816636192637632
8,0.27198935629763243,0.16286072695357345
9,-0.29039753059111584,0.17025000674989602
