,class_val_corr,class_val_org
0,0.2956538080295903,0.18347108828879988
1,-0.27169353888114445,-0.15382354881917518
2,0.23087197994332603,-0.10585120694384709
3,0.22542657868496702,-0.10758639490216293
4,0.2542807628986451,-0.1356739612580275
5,0.23075484910978444,0.10258143100968371
6,0.26627783273185485,-0.1387568729036016
7,0.26107610477650345,-0.13862931009178642
8,0.2926610790078109,0.19437521334671623
9,0.27952178137018047,0.15228027936098454
