,class_val_corr,class_val_org
0,0.3158389780976324,-0.20176107611027438
1,-0.28774200085110896,-0.17028369977695784
2,-0.23046479682189636,-0.09833232482392398
3,0.22487807377824498,-0.10040990683152831
4,0.2500125502080332,0.1322606983274609
5,-0.2667747576797898,0.1378611139453854
6,0.26964330584203233,0.14423135918152657
7,0.2772689937613919,0.1468435551779085
8,0.289468204759964,0.1870630432041104
9,0.276467126941954,0.1445646499304059
