,acc_overall,training_probe time,inference time,training_probe flops,inference flops
0,0.7519,110.48104906082153,27.97743558883667,0.13685759999999997,51.58072
