,acc_overall,training_probe time,inference time,training_probe flops,inference flops
0,0.1546,173.51548790931702,20.274412870407104,0.10137600000000002,35.70244
