,acc_overall,training_probe time,inference time,training_probe flops,inference flops
0,0.2383,177.89448142051697,44.04565167427063,0.4055040000000001,615.738
