,acc_overall,training_probe time,inference time,training_probe flops,inference flops
0,0.5077,1792.4759633541107,29.268502950668335,1.6220160000000003,5796.10784
