,acc_overall,training_probe time,inference time,training_probe flops,inference flops
0,0.3404,277.74792289733887,16.663806915283203,0.8110080000000002,2154.56448
