,acc_overall,training_probe time,inference time,training_probe flops,inference flops
0,0.1546,198.01139855384827,22.986074447631836,0.10137600000000002,35.70244
