,acc_overall,training_probe time,inference time,training_probe flops,inference flops
0,0.7612,126.57710218429565,18.32451033592224,0.13685759999999997,50.04324
