,acc_overall,training_probe time,inference time,training_probe flops,inference flops
0,0.8999,158.09992146492004,33.91098356246948,0.13685759999999997,54.12392
