,acc_overall,training_probe time,inference time,training_probe flops,inference flops
0,0.7617,114.67964267730713,29.528223037719727,0.13685759999999997,50.70216
