,acc_overall,training_probe time,inference time,training_probe flops,inference flops
0,0.9449,91.18481922149658,26.365571975708008,0.13685760000000002,54.06612
