,acc_overall,training_probe time,inference time,training_probe flops,inference flops
0,0.7521,110.76126194000244,27.525182247161865,0.13685759999999997,51.06052
