,acc_overall,training_probe time,inference time,training_probe flops,inference flops
0,0.9013,92.65884947776794,21.540404558181763,0.13685759999999997,53.24536
