,acc_overall,training_probe time,inference time,training_probe flops,inference flops
0,0.9565,100.61239051818848,23.708011627197266,0.13685760000000002,49.54616
