,acc_overall,training_probe time,inference time,training_probe flops,inference flops
0,0.5048,1801.239921092987,39.44561696052551,1.6220160000000003,5622.7228
