,acc_overall,training_probe time,inference time,training_probe flops,inference flops
0,0.1619,119.35789918899536,24.323681592941284,0.10137600000000002,34.76696
