,acc_overall,training_probe time,inference time,training_probe flops,inference flops
0,0.1619,97.39465022087097,16.97574782371521,0.10137600000000002,34.76696
