,acc_overall,training_probe time,inference time,training_probe flops,inference flops
0,0.2385,282.3791880607605,41.43661332130432,0.4055040000000001,599.912
