,acc_overall,training_probe time,inference time,training_probe flops,inference flops
0,0.3509,401.041543006897,16.893392086029053,0.8110080000000002,2101.61832
