,acc_overall,training_probe time,inference time,training_probe flops,inference flops
0,0.9058,152.67838668823242,11.9606614112854,0.13685759999999997,53.55748
