,acc_overall,training_probe time,inference time,training_probe flops,inference flops
0,0.506,123.9704818725586,24.882322788238525,0.20275199999999996,172.40904
