,acc_overall,training_probe time,inference time,training_probe flops,inference flops
0,0.3897,168.85863637924194,28.637168645858765,0.20275200000000004,182.75112
