,acc_overall,training_probe time,inference time,training_probe flops,inference flops
0,0.5768,4897.2574634552,48.13593888282776,3.2440320000000007,9976.12452
