,acc_overall,training_probe time,inference time,training_probe flops,inference flops
0,0.5018,1718.2047913074493,33.003373861312866,1.6220160000000003,5806.59616
