,acc_overall,training_probe time,inference time,training_probe flops,inference flops
0,0.3281,352.5561146736145,43.55588483810425,0.8110080000000002,2223.65676
