,acc_overall,training_probe time,inference time,training_probe flops,inference flops
0,0.2193,126.28990483283997,18.28115963935852,0.4055040000000001,639.846
