,acc_overall,training_probe time,inference time,training_probe flops,inference flops
0,0.1369,121.98323702812195,16.977927446365356,0.10137600000000002,37.40892
