,acc_overall,training_probe time,inference time,training_probe flops,inference flops
0,0.5404,4557.059231758118,37.09473729133606,3.2440320000000007,7808.91216
