,acc_overall,training_probe time,inference time,training_probe flops,inference flops
0,0.5118,64.12943077087402,5.188472509384155,0.20275199999999996,155.17224
