,acc_overall,training_probe time,inference time,training_probe flops,inference flops
0,0.3884,107.5948531627655,10.673356294631958,0.20275200000000004,184.35168
