,acc_overall,training_probe time,inference time,training_probe flops,inference flops
0,0.9464,90.53193426132202,24.200931549072266,0.13685760000000002,52.99104
