,acc_overall,training_probe time,inference time,training_probe flops,inference flops
0,0.4795,1821.143290758133,30.866390705108643,1.6220159999999997,6028.98132
