,acc_overall,training_probe time,inference time,training_probe flops,inference flops
0,0.2678,684.6882238388062,27.9960880279541,0.8110079999999998,2179.07052
