,acc_overall,training_probe time,inference time,training_probe flops,inference flops
0,0.1175,140.45667839050293,11.320900678634644,0.10137599999999998,37.17248
