,acc_overall,training_probe time,inference time,training_probe flops,inference flops
0,0.1175,219.85572004318237,21.052690744400024,0.10137599999999998,37.17248
