,acc_overall,training_probe time,inference time,training_probe flops,inference flops
0,0.1385,204.56146502494812,27.229138612747192,0.4055039999999999,622.339
