,acc_overall,training_probe time,inference time,training_probe flops,inference flops
0,0.9049,155.12848377227783,34.57169723510742,0.13685759999999997,54.51696
