,acc_overall,training_probe time,inference time,training_probe flops,inference flops
0,0.3859,118.37688994407654,31.56355118751526,0.20275200000000004,183.73608
