,acc_overall,training_probe time,inference time,training_probe flops,inference flops
0,0.7505,107.38676333427429,26.037476539611816,0.13685759999999997,51.81192
