,acc_overall,training_probe time,inference time,training_probe flops,inference flops
0,0.4905,115.16731476783752,18.45668387413025,0.20275199999999996,173.37348
