,acc_overall,training_probe time,inference time,training_probe flops,inference flops
0,0.35,451.0970757007599,14.92809510231018,0.8110080000000002,2138.58228
