,acc_overall,training_probe time,inference time,training_probe flops,inference flops
0,0.5083,2053.9402372837067,103.20510792732239,1.6220160000000003,5749.23816
