,acc_overall,training_probe time,inference time,training_probe flops,inference flops
0,0.1575,73.61597776412964,14.35852336883545,0.10137600000000002,35.3118
