,acc_overall,training_probe time,inference time,training_probe flops,inference flops
0,0.1575,164.29539275169373,12.918489933013916,0.10137600000000002,35.3118
