,acc_overall,training_probe time,inference time,training_probe flops,inference flops
0,0.2353,90.71545124053955,36.06804537773132,0.4055040000000001,608.85
