,acc_overall,training_probe time,inference time,training_probe flops,inference flops
0,0.7555,106.6676824092865,28.566346406936646,0.13685759999999997,51.69632
