,acc_overall,training_probe time,inference time,training_probe flops,inference flops
0,0.3877,177.9882628917694,36.1977915763855,0.20275200000000004,182.87424
