,acc_overall,training_probe time,inference time,training_probe flops,inference flops
0,0.9069,157.66087555885315,28.8139865398407,0.13685759999999997,53.2338
