,acc_overall,training_probe time,inference time,training_probe flops,inference flops
0,0.9133,108.98785758018494,25.477914094924927,0.13685759999999997,51.74256
