,acc_overall,training_probe time,inference time,training_probe flops,inference flops
0,0.2907,94.26065397262573,16.555572748184204,0.10137599999999998,35.76412
