,acc_overall,training_probe time,inference time,training_probe flops,inference flops
0,0.6602,2019.1490061283112,32.16607427597046,1.6220159999999997,5546.19084
