,acc_overall,training_probe time,inference time,training_probe flops,inference flops
0,0.2907,76.6794822216034,32.650903940200806,0.10137599999999998,35.76412
