,acc_overall,training_probe time,inference time,training_probe flops,inference flops
0,0.4608,155.5195336341858,21.211259841918945,0.4055039999999999,612.827
