,acc_overall,training_probe time,inference time,training_probe flops,inference flops
0,0.5507,595.4790124893188,24.13783049583435,0.8110079999999998,2101.53636
