,acc_overall,training_probe time,inference time,training_probe flops,inference flops
0,0.7469,161.01272249221802,33.52436351776123,0.13685759999999997,50.81776
