,acc_overall,training_probe time,inference time,training_probe flops,inference flops
0,0.9319,114.20613241195679,26.584867477416992,0.13685759999999997,49.67332
