,acc_overall,training_probe time,inference time,training_probe flops,inference flops
0,0.3962,170.02831959724426,20.519237518310547,0.20275200000000004,182.68956
