,acc_overall,training_probe time,inference time,training_probe flops,inference flops
0,0.9731,112.54840469360352,26.822840452194214,0.13685760000000002,42.93384
