,acc_overall,training_probe time,inference time,training_probe flops,inference flops
0,0.5019,51.74119520187378,9.97873306274414,0.20275199999999996,168.4692
