,acc_overall,training_probe time,inference time,training_probe flops,inference flops
0,0.9492,154.202650308609,27.071139335632324,0.13685760000000002,51.71944
