,acc_overall,training_probe time,inference time,training_probe flops,inference flops
0,0.9744,125.96182680130005,28.43610191345215,0.13685759999999997,33.09628
