,acc_overall,training_probe time,inference time,training_probe flops,inference flops
0,0.9469,145.42576694488525,37.81108999252319,0.13685760000000002,52.1356
