,acc_overall,training_probe time,inference time,training_probe flops,inference flops
0,0.3913,206.05064702033997,40.26080918312073,0.20275200000000004,183.01788
