,acc_overall,training_probe time,inference time,training_probe flops,inference flops
0,0.511,1945.0309870243073,149.5428445339203,1.6220160000000003,5742.19132
