,acc_overall,training_probe time,inference time,training_probe flops,inference flops
0,0.1602,65.00701785087585,14.561790227890015,0.10137600000000002,35.1576
