,acc_overall,training_probe time,inference time,training_probe flops,inference flops
0,0.2302,91.57678723335266,27.87497091293335,0.4055040000000001,603.725
