,acc_overall,training_probe time,inference time,training_probe flops,inference flops
0,0.1602,81.39855694770813,20.537529230117798,0.10137600000000002,35.1576
