,acc_overall,training_probe time,inference time,training_probe flops,inference flops
0,0.3397,269.2732000350952,19.58686876296997,0.8110080000000002,2137.18896
