,acc_overall,training_probe time,inference time,training_probe flops,inference flops
0,0.96,106.07941889762878,27.61856245994568,0.13685760000000002,47.38444
