,acc_overall,training_probe time,inference time,training_probe flops,inference flops
0,0.5018,58.345354318618774,4.72015380859375,0.20275199999999996,170.80848
