,acc_overall,training_probe time,inference time,training_probe flops,inference flops
0,0.5741,4879.694262981415,49.18234181404114,3.2440320000000007,9895.5054
