,acc_overall,training_probe time,inference time,training_probe flops,inference flops
0,0.5035,1657.305494070053,35.686047315597534,1.6220160000000003,5703.67952
