,acc_overall,training_probe time,inference time,training_probe flops,inference flops
0,0.5407,6635.113761663437,35.451454162597656,3.2440320000000007,7731.89796
