,acc_overall,training_probe time,inference time,training_probe flops,inference flops
0,0.1464,58.2051887512207,32.404688596725464,0.10137600000000002,35.95944
