,acc_overall,training_probe time,inference time,training_probe flops,inference flops
0,0.2289,102.46225094795227,28.109404802322388,0.4055040000000001,598.846
