,acc_overall,training_probe time,inference time,training_probe flops,inference flops
0,0.3332,288.3993604183197,31.789711952209473,0.8110080000000002,2166.94044
