,acc_overall,training_probe time,inference time,training_probe flops,inference flops
0,0.9608,99.73139882087708,27.456841945648193,0.13685760000000002,47.95088
