,acc_overall,training_probe time,inference time,training_probe flops,inference flops
0,0.5367,376.0705304145813,12.980162620544434,0.8110079999999998,2094.078
