,acc_overall,training_probe time,inference time,training_probe flops,inference flops
0,0.6343,6176.686874866486,41.35517358779907,3.2440319999999994,7977.68796
