,acc_overall,training_probe time,inference time,training_probe flops,inference flops
0,0.656,1342.5783522129059,27.60086464881897,1.6220159999999997,5518.49512
