,acc_overall,training_probe time,inference time,training_probe flops,inference flops
0,0.2666,51.11340141296387,22.036023139953613,0.10137599999999998,35.18844
