,acc_overall,training_probe time,inference time,training_probe flops,inference flops
0,0.671,4013.36403465271,45.13676857948303,3.2440319999999994,9842.74248
