,acc_overall,training_probe time,inference time,training_probe flops,inference flops
0,0.9548,105.10230994224548,19.357139348983765,0.13685760000000002,50.75996
