,acc_overall,training_probe time,inference time,training_probe flops,inference flops
0,0.3924,114.07768249511719,20.200517416000366,0.20275200000000004,183.05892
