,acc_overall,training_probe time,inference time,training_probe flops,inference flops
0,0.9642,137.73039150238037,24.457871913909912,0.13685759999999997,42.93384
