,acc_overall,training_probe time,inference time,training_probe flops,inference flops
0,0.3943,136.02129340171814,21.2469162940979,0.20275200000000004,181.8072
