,acc_overall,training_probe time,inference time,training_probe flops,inference flops
0,0.7434,89.93358421325684,23.241849899291992,0.13685759999999997,52.12404
