,acc_overall,training_probe time,inference time,training_probe flops,inference flops
0,0.9478,99.41880989074707,25.987016677856445,0.13685760000000002,53.54592
