,acc_overall,training_probe time,inference time,training_probe flops,inference flops
0,0.7576,125.29292941093445,24.66838550567627,0.13685759999999997,49.49992
