,acc_overall,training_probe time,inference time,training_probe flops,inference flops
0,0.9526,110.32733845710754,28.36345648765564,0.13685760000000002,49.5346
