,acc_overall,training_probe time,inference time,training_probe flops,inference flops
0,0.3522,1668.5105619430542,30.557640314102173,1.6220160000000003,6059.95464
