,acc_overall,training_probe time,inference time,training_probe flops,inference flops
0,0.1101,49.347474575042725,25.251869916915894,0.10137600000000002,37.20332
