,acc_overall,training_probe time,inference time,training_probe flops,inference flops
0,0.5337,6418.315809249878,39.18847036361694,3.2440320000000007,7590.97836
