,acc_overall,training_probe time,inference time,training_probe flops,inference flops
0,0.1955,343.2198791503906,16.260775566101074,0.8110080000000002,2184.39792
