,acc_overall,training_probe time,inference time,training_probe flops,inference flops
0,0.1128,130.61865329742432,19.977137088775635,0.4055040000000001,622.79
