,acc_overall,training_probe time,inference time,training_probe flops,inference flops
0,0.5179,4875.428783655167,54.317373514175415,3.2440320000000007,12230.83812
