,acc_overall,training_probe time,inference time,training_probe flops,inference flops
0,0.3995,110.95126247406006,28.419238328933716,0.20275200000000004,181.00692
