,acc_overall,training_probe time,inference time,training_probe flops,inference flops
0,0.9081,144.74694228172302,31.46843957901001,0.13685759999999997,53.93896
