,acc_overall,training_probe time,inference time,training_probe flops,inference flops
0,0.5009,110.22237062454224,27.350730657577515,0.20275199999999996,174.89196
