,acc_overall,training_probe time,inference time,training_probe flops,inference flops
0,0.8123,140.6491882801056,14.003481388092041,0.13685759999999997,0.1156
