,acc_overall,training_probe time,inference time,training_probe flops,inference flops
0,0.6541,2027.7581868171692,29.57763171195984,1.6220159999999997,5477.36124
