,acc_overall,training_probe time,inference time,training_probe flops,inference flops
0,0.285,100.77728939056396,37.841513872146606,0.10137599999999998,35.37348
