,acc_overall,training_probe time,inference time,training_probe flops,inference flops
0,0.45,177.6475419998169,24.634889125823975,0.4055039999999999,605.324
