,acc_overall,training_probe time,inference time,training_probe flops,inference flops
0,0.285,108.87614607810974,31.903905630111694,0.10137599999999998,35.37348
