,acc_overall,training_probe time,inference time,training_probe flops,inference flops
0,0.5411,668.7307255268097,77.3080358505249,0.8110079999999998,2056.95012
