,acc_overall,training_probe time,inference time,training_probe flops,inference flops
0,0.5782,4879.617887973785,48.884695529937744,3.2440320000000007,10084.92756
