,acc_overall,training_probe time,inference time,training_probe flops,inference flops
0,0.3264,366.41317892074585,39.569313287734985,0.8110080000000002,2230.62336
