,acc_overall,training_probe time,inference time,training_probe flops,inference flops
0,0.2146,153.20768308639526,19.596086978912354,0.4055040000000001,649.809
