,acc_overall,training_probe time,inference time,training_probe flops,inference flops
0,0.5024,1478.9454500675201,31.55610728263855,1.6220160000000003,5817.41224
