,acc_overall,training_probe time,inference time,training_probe flops,inference flops
0,0.5342,5714.135536432266,58.31228971481323,3.2440320000000007,7843.32276
