,acc_overall,training_probe time,inference time,training_probe flops,inference flops
0,0.1395,85.22335290908813,10.975706338882446,0.10137600000000002,37.80984
