,acc_overall,training_probe time,inference time,training_probe flops,inference flops
0,0.4939,114.27064108848572,28.689759254455566,0.20275199999999996,173.45556
