,acc_overall,training_probe time,inference time,training_probe flops,inference flops
0,0.9144,159.17932629585266,26.700633764266968,0.13685759999999997,53.19912
