,acc_overall,training_probe time,inference time,training_probe flops,inference flops
0,0.9491,109.85436391830444,27.50053644180298,0.13685760000000002,51.19924
