,acc_overall,training_probe time,inference time,training_probe flops,inference flops
0,0.7479,172.85280108451843,25.552159547805786,0.13685759999999997,50.67904
