,acc_overall,training_probe time,inference time,training_probe flops,inference flops
0,0.2079,144.82293605804443,13.769806146621704,0.4055040000000001,633.901
