,acc_overall,training_probe time,inference time,training_probe flops,inference flops
0,0.1437,161.25942969322205,39.14526653289795,0.10137600000000002,36.52484
