,acc_overall,training_probe time,inference time,training_probe flops,inference flops
0,0.5055,2192.58238697052,88.3556764125824,1.6220160000000003,5848.22168
