,acc_overall,training_probe time,inference time,training_probe flops,inference flops
0,0.3324,459.3299038410187,13.851715564727783,0.8110080000000002,2186.52888
