,acc_overall,training_probe time,inference time,training_probe flops,inference flops
0,0.1437,127.98604583740234,39.91997170448303,0.10137600000000002,36.52484
