,acc_overall,training_probe time,inference time,training_probe flops,inference flops
0,0.3983,132.96840119361877,23.665658950805664,0.20275200000000004,179.69364
