,acc_overall,training_probe time,inference time,training_probe flops,inference flops
0,0.7468,89.54279804229736,22.110117435455322,0.13685759999999997,52.00844
