,acc_overall,training_probe time,inference time,training_probe flops,inference flops
0,0.5013,50.55068564414978,9.352622509002686,0.20275199999999996,172.14228
