,acc_overall,training_probe time,inference time,training_probe flops,inference flops
0,0.3929,128.8744466304779,22.76716661453247,0.20275200000000004,183.36672
