,acc_overall,training_probe time,inference time,training_probe flops,inference flops
0,0.3935,97.76974558830261,15.377098560333252,0.20275200000000004,181.06848
