,acc_overall,training_probe time,inference time,training_probe flops,inference flops
0,0.3907,144.18547797203064,33.68373966217041,0.20275200000000004,182.44332
