,acc_overall,training_probe time,inference time,training_probe flops,inference flops
0,0.4987,99.69450831413269,22.019288301467896,0.20275199999999996,174.87144
