,acc_overall,training_probe time,inference time,training_probe flops,inference flops
0,0.9557,97.91770792007446,28.669667720794678,0.13685760000000002,49.67332
