,acc_overall,training_probe time,inference time,training_probe flops,inference flops
0,0.723,130.5922393798828,16.774739742279053,0.13685759999999997,52.73672
