,acc_overall,training_probe time,inference time,training_probe flops,inference flops
0,0.4335,96.98895716667175,26.931430339813232,0.20275200000000004,151.58124
