,acc_overall,training_probe time,inference time,training_probe flops,inference flops
0,0.3856,115.597736120224,26.292577743530273,0.20275200000000004,184.29012
