,acc_overall,training_probe time,inference time,training_probe flops,inference flops
0,0.9487,131.79086542129517,17.05339217185974,0.13685760000000002,52.79452
