,acc_overall,training_probe time,inference time,training_probe flops,inference flops
0,0.5399,4736.401038885117,37.05408191680908,3.2440320000000007,7882.64916
