,acc_overall,training_probe time,inference time,training_probe flops,inference flops
0,0.5057,1392.9963145256042,32.39488434791565,1.6220160000000003,5773.00076
