,acc_overall,training_probe time,inference time,training_probe flops,inference flops
0,0.3376,325.05255007743835,19.77343773841858,0.8110080000000002,2208.57612
