,acc_overall,training_probe time,inference time,training_probe flops,inference flops
0,0.579,4869.520552873611,48.509095668792725,3.2440320000000007,10004.63616
