,acc_overall,training_probe time,inference time,training_probe flops,inference flops
0,0.2264,83.94875764846802,8.367663145065308,0.4055040000000001,632.261
