,acc_overall,training_probe time,inference time,training_probe flops,inference flops
0,0.1425,74.67693591117859,20.486032962799072,0.10137600000000002,37.1108
