,acc_overall,training_probe time,inference time,training_probe flops,inference flops
0,0.379,167.66073608398438,38.40044379234314,0.20275200000000004,182.38176
