,acc_overall,training_probe time,inference time,training_probe flops,inference flops
0,0.5156,145.22157549858093,28.88095259666443,0.20275199999999996,172.881
