,acc_overall,training_probe time,inference time,training_probe flops,inference flops
0,0.3896,152.04715251922607,26.072810411453247,0.20275200000000004,183.61296
