,acc_overall,training_probe time,inference time,training_probe flops,inference flops
0,0.8123,127.89588165283203,29.60863733291626,0.13685759999999997,0.1156
