,acc_overall,training_probe time,inference time,training_probe flops,inference flops
0,0.9609,112.02645659446716,25.768626928329468,0.13685760000000002,50.39004
