,acc_overall,training_probe time,inference time,training_probe flops,inference flops
0,0.5058,55.69242310523987,7.5778117179870605,0.20275199999999996,170.39808
