,acc_overall,training_probe time,inference time,training_probe flops,inference flops
0,0.4999,1865.570895433426,79.52719187736511,1.6220160000000003,5878.86724
