,acc_overall,training_probe time,inference time,training_probe flops,inference flops
0,0.2114,134.59314155578613,14.948875904083252,0.4055040000000001,645.135
