,acc_overall,training_probe time,inference time,training_probe flops,inference flops
0,0.3241,431.87354707717896,16.65753722190857,0.8110080000000002,2199.72444
