,acc_overall,training_probe time,inference time,training_probe flops,inference flops
0,0.1439,142.2070279121399,26.585022449493408,0.10137600000000002,37.13136
