,acc_overall,training_probe time,inference time,training_probe flops,inference flops
0,0.1439,87.08238315582275,42.27809238433838,0.10137600000000002,37.13136
