,acc_overall,training_probe time,inference time,training_probe flops,inference flops
0,0.9032,110.38557076454163,25.056020975112915,0.13685759999999997,52.887
