,acc_overall,training_probe time,inference time,training_probe flops,inference flops
0,0.9542,97.29970288276672,15.99116563796997,0.13685760000000002,51.10676
