,acc_overall,training_probe time,inference time,training_probe flops,inference flops
0,0.7225,132.8902244567871,26.554388523101807,0.13685759999999997,51.97376
