,acc_overall,training_probe time,inference time,training_probe flops,inference flops
0,0.7316,127.77617526054382,25.634928703308105,0.13685759999999997,52.43616
