,acc_overall,training_probe time,inference time,training_probe flops,inference flops
0,0.405,142.69456720352173,23.23902726173401,0.20275200000000004,177.94944
