,acc_overall,training_probe time,inference time,training_probe flops,inference flops
0,0.959,95.3751699924469,24.86497688293457,0.13685760000000002,8.71624
