,acc_overall,training_probe time,inference time,training_probe flops,inference flops
0,0.3283,41.67873525619507,20.205795288085938,0.10137599999999998,24.76452
