,acc_overall,training_probe time,inference time,training_probe flops,inference flops
0,0.4262,143.58898329734802,13.405662536621094,0.4055039999999999,393.149
