,acc_overall,training_probe time,inference time,training_probe flops,inference flops
0,0.5088,666.5854363441467,47.71356725692749,0.8110079999999998,1772.46696
