,acc_overall,training_probe time,inference time,training_probe flops,inference flops
0,0.3283,142.22313523292542,35.75414752960205,0.10137599999999998,24.76452
