,acc_overall,training_probe time,inference time,training_probe flops,inference flops
0,0.6356,1647.7106070518494,28.164658546447754,1.6220159999999997,5248.58476
