,acc_overall,training_probe time,inference time,training_probe flops,inference flops
0,0.1663,92.9219024181366,22.18282437324524,0.10137600000000002,34.47912
