,acc_overall,training_probe time,inference time,training_probe flops,inference flops
0,0.3447,332.43975949287415,17.456398725509644,0.8110080000000002,2092.029
