,acc_overall,training_probe time,inference time,training_probe flops,inference flops
0,0.2282,145.86507654190063,49.67019701004028,0.4055040000000001,594.91
