,acc_overall,training_probe time,inference time,training_probe flops,inference flops
0,0.1663,103.27117443084717,11.616981506347656,0.10137600000000002,34.47912
