,acc_overall,training_probe time,inference time,training_probe flops,inference flops
0,0.5052,2093.6812324523926,122.46005344390869,1.6220160000000003,5673.5256
