,acc_overall,training_probe time,inference time,training_probe flops,inference flops
0,0.8186,109.49035096168518,28.630767107009888,0.13685759999999997,24.36848
