,acc_overall,training_probe time,inference time,training_probe flops,inference flops
0,0.9344,134.01469039916992,28.26132607460022,0.13685759999999997,47.90464
