,acc_overall,training_probe time,inference time,training_probe flops,inference flops
0,0.4034,151.6221947669983,25.477369785308838,0.20275200000000004,175.89744
