,acc_overall,training_probe time,inference time,training_probe flops,inference flops
0,0.499,141.92478275299072,14.700963258743286,0.20275199999999996,167.27904
