,acc_overall,training_probe time,inference time,training_probe flops,inference flops
0,0.4536,100.42489433288574,19.318522691726685,0.20275200000000004,104.38524
