,acc_overall,training_probe time,inference time,training_probe flops,inference flops
0,0.5066,52.124043226242065,4.89013934135437,0.20275199999999996,170.5212
