,acc_overall,training_probe time,inference time,training_probe flops,inference flops
0,0.4979,63.76979303359985,6.2482616901397705,0.20275199999999996,172.45008
