,acc_overall,training_probe time,inference time,training_probe flops,inference flops
0,0.5008,122.68445038795471,29.63343358039856,0.20275199999999996,175.19976
