,acc_overall,training_probe time,inference time,training_probe flops,inference flops
0,0.9476,160.2004153728485,18.196516752243042,0.13685760000000002,52.10092
