,acc_overall,training_probe time,inference time,training_probe flops,inference flops
0,0.9526,93.39977526664734,27.5615291595459,0.13685760000000002,50.78308
