,acc_overall,training_probe time,inference time,training_probe flops,inference flops
0,0.7504,106.01559376716614,26.8501980304718,0.13685759999999997,51.71944
