,acc_overall,training_probe time,inference time,training_probe flops,inference flops
0,0.5344,99.31451654434204,28.574554443359375,0.20275199999999996,146.22552
