,acc_overall,training_probe time,inference time,training_probe flops,inference flops
0,0.9527,132.13945960998535,28.193610668182373,0.13685760000000002,51.75412
