,acc_overall,training_probe time,inference time,training_probe flops,inference flops
0,0.3842,114.93017530441284,25.963634967803955,0.20275200000000004,184.31064
