,acc_overall,training_probe time,inference time,training_probe flops,inference flops
0,0.5572,79.27527856826782,26.01081895828247,0.20275199999999996,113.63976
