,acc_overall,training_probe time,inference time,training_probe flops,inference flops
0,0.3585,390.7258400917053,23.064985513687134,0.8110080000000002,2092.60272
