,acc_overall,training_probe time,inference time,training_probe flops,inference flops
0,0.5148,1369.7484982013702,31.129500150680542,1.6220160000000003,5521.1172
