,acc_overall,training_probe time,inference time,training_probe flops,inference flops
0,0.5356,4613.832294464111,37.08656144142151,3.2440320000000007,7862.33052
