,acc_overall,training_probe time,inference time,training_probe flops,inference flops
0,0.5773,4898.699537992477,47.56759810447693,3.2440320000000007,9782.11428
