,acc_overall,training_probe time,inference time,training_probe flops,inference flops
0,0.2519,101.60807132720947,17.23238515853882,0.4055040000000001,552.967
