,acc_overall,training_probe time,inference time,training_probe flops,inference flops
0,0.1592,77.11923408508301,18.817975997924805,0.10137600000000002,33.85204
