,acc_overall,training_probe time,inference time,training_probe flops,inference flops
0,0.5071,133.27042961120605,26.97837233543396,0.20275199999999996,174.39948
