,acc_overall,training_probe time,inference time,training_probe flops,inference flops
0,0.9344,123.94758296012878,27.904764652252197,0.13685759999999997,48.94504
