,acc_overall,training_probe time,inference time,training_probe flops,inference flops
0,0.9437,133.29358863830566,32.1529974937439,0.13685760000000002,53.01416
