,acc_overall,training_probe time,inference time,training_probe flops,inference flops
0,0.9094,142.56442546844482,32.243359088897705,0.13685759999999997,52.62112
