,acc_overall,training_probe time,inference time,training_probe flops,inference flops
0,0.3839,132.99530839920044,26.721550703048706,0.20275200000000004,182.60748
