,acc_overall,training_probe time,inference time,training_probe flops,inference flops
0,0.7842,142.08205246925354,20.32528018951416,0.13685759999999997,43.41936
