,acc_overall,training_probe time,inference time,training_probe flops,inference flops
0,0.9352,121.28455877304077,28.79195785522461,0.13685759999999997,49.48836
