,acc_overall,training_probe time,inference time,training_probe flops,inference flops
0,0.4212,114.35942697525024,39.84992218017578,0.20275200000000004,159.1326
