,acc_overall,training_probe time,inference time,training_probe flops,inference flops
0,0.5033,120.0475594997406,24.64732599258423,0.20275199999999996,174.48156
