,acc_overall,training_probe time,inference time,training_probe flops,inference flops
0,0.9444,108.48242139816284,27.902140378952026,0.13685760000000002,53.33784
