,acc_overall,training_probe time,inference time,training_probe flops,inference flops
0,0.7798,129.12173748016357,36.449339866638184,0.13685759999999997,45.92788
