,acc_overall,training_probe time,inference time,training_probe flops,inference flops
0,0.4924,53.9739556312561,8.391052722930908,0.20275199999999996,172.55268
