,acc_overall,training_probe time,inference time,training_probe flops,inference flops
0,0.3858,205.61089515686035,30.76197576522827,0.20275200000000004,182.8332
