,acc_overall,training_probe time,inference time,training_probe flops,inference flops
0,0.387,108.12542152404785,13.777046918869019,0.20275200000000004,184.7826
