,acc_overall,training_probe time,inference time,training_probe flops,inference flops
0,0.5025,113.7506890296936,11.598673820495605,0.20275199999999996,174.80988
