,acc_overall,training_probe time,inference time,training_probe flops,inference flops
0,0.3935,182.66172671318054,31.37011694908142,0.20275200000000004,182.60748
