,acc_overall,training_probe time,inference time,training_probe flops,inference flops
0,0.9547,109.72662901878357,22.699692726135254,0.13685760000000002,50.77152
