,acc_overall,training_probe time,inference time,training_probe flops,inference flops
0,0.9029,110.57500314712524,24.21957302093506,0.13685759999999997,52.66736
