,acc_overall,training_probe time,inference time,training_probe flops,inference flops
0,0.5356,329.149023771286,41.4030225276947,0.8110079999999998,1915.97892
