,acc_overall,training_probe time,inference time,training_probe flops,inference flops
0,0.3178,45.218266248703,19.893078804016113,0.10137599999999998,28.34196
