,acc_overall,training_probe time,inference time,training_probe flops,inference flops
0,0.6412,1334.217017173767,28.968759298324585,1.6220159999999997,5281.36076
