,acc_overall,training_probe time,inference time,training_probe flops,inference flops
0,0.6623,4269.803119182587,46.689751386642456,3.2440319999999994,10223.2254
