,acc_overall,training_probe time,inference time,training_probe flops,inference flops
0,0.6319,7030.074974536896,41.07872295379639,3.2440319999999994,7922.30328
