,acc_overall,training_probe time,inference time,training_probe flops,inference flops
0,0.5084,117.85566687583923,25.34802532196045,0.20275199999999996,172.92204
