,acc_overall,training_probe time,inference time,training_probe flops,inference flops
0,0.9778,116.91799998283386,26.002386569976807,0.13685760000000002,29.05028
