,acc_overall,training_probe time,inference time,training_probe flops,inference flops
0,0.3529,391.3004117012024,20.876760959625244,0.8110080000000002,2151.94176
