,acc_overall,training_probe time,inference time,training_probe flops,inference flops
0,0.513,1420.5479662418365,30.72594952583313,1.6220160000000003,5653.36836
