,acc_overall,training_probe time,inference time,training_probe flops,inference flops
0,0.2533,94.23934936523438,26.30460524559021,0.4055040000000001,586.833
