,acc_overall,training_probe time,inference time,training_probe flops,inference flops
0,0.5792,4891.403643131256,49.47137498855591,3.2440320000000007,10031.5092
