,acc_overall,training_probe time,inference time,training_probe flops,inference flops
0,0.1541,56.78679299354553,20.555671453475952,0.10137600000000002,35.44544
