,acc_overall,training_probe time,inference time,training_probe flops,inference flops
0,0.5328,4616.303347587585,37.300999879837036,3.2440320000000007,7834.1466
