,acc_overall,training_probe time,inference time,training_probe flops,inference flops
0,0.5064,127.59662175178528,25.598926544189453,0.20275199999999996,175.30236
