,acc_overall,training_probe time,inference time,training_probe flops,inference flops
0,0.3896,147.16570448875427,41.89923024177551,0.20275200000000004,182.85372
