,acc_overall,training_probe time,inference time,training_probe flops,inference flops
0,0.5077,138.83480191230774,26.0233416557312,0.20275199999999996,175.5486
