,acc_overall,training_probe time,inference time,training_probe flops,inference flops
0,0.9461,113.98351216316223,14.219902753829956,0.13685760000000002,52.40148
