,acc_overall,training_probe time,inference time,training_probe flops,inference flops
0,0.9037,143.2521116733551,23.472280502319336,0.13685759999999997,54.51696
