,acc_overall,training_probe time,inference time,training_probe flops,inference flops
0,0.7644,115.75759601593018,23.61593198776245,0.13685759999999997,48.1474
