,acc_overall,training_probe time,inference time,training_probe flops,inference flops
0,0.9665,129.26376461982727,27.739202737808228,0.13685760000000002,44.9684
