,acc_overall,training_probe time,inference time,training_probe flops,inference flops
0,0.398,159.55994486808777,30.814621448516846,0.20275200000000004,182.68956
