,acc_overall,training_probe time,inference time,training_probe flops,inference flops
0,0.9484,103.48420262336731,27.941993713378906,0.13685760000000002,51.95064
