,acc_overall,training_probe time,inference time,training_probe flops,inference flops
0,0.5583,70.31112027168274,7.237778902053833,0.20275199999999996,121.92984
