,acc_overall,training_probe time,inference time,training_probe flops,inference flops
0,0.7929,153.76114130020142,32.23870587348938,0.13685759999999997,43.32688
