,acc_overall,training_probe time,inference time,training_probe flops,inference flops
0,0.4101,76.27558660507202,21.28605365753174,0.20275199999999996,16.27236
