,acc_overall,training_probe time,inference time,training_probe flops,inference flops
0,0.9117,103.01150679588318,25.700662851333618,0.13685759999999997,51.6732
