,acc_overall,training_probe time,inference time,training_probe flops,inference flops
0,0.7318,167.0208683013916,22.849188804626465,0.13685759999999997,51.442
