,acc_overall,training_probe time,inference time,training_probe flops,inference flops
0,0.8176,124.6012442111969,33.78861713409424,0.13685759999999997,17.6868
