,acc_overall,training_probe time,inference time,training_probe flops,inference flops
0,0.951,150.92964577674866,29.76372504234314,0.13685760000000002,52.08936
