,acc_overall,training_probe time,inference time,training_probe flops,inference flops
0,0.1128,315.2985188961029,35.47107267379761,0.4055040000000001,622.79
