,acc_overall,training_probe time,inference time,training_probe flops,inference flops
0,0.3522,1828.6217844486237,32.68158936500549,1.6220160000000003,6059.95464
