,acc_overall,training_probe time,inference time,training_probe flops,inference flops
0,0.1101,180.4938201904297,15.054531335830688,0.10137600000000002,37.20332
