,acc_overall,training_probe time,inference time,training_probe flops,inference flops
0,0.1955,383.3331139087677,14.969386339187622,0.8110080000000002,2184.39792
