,acc_overall,training_probe time,inference time,training_probe flops,inference flops
0,0.9023,92.39967226982117,21.839199781417847,0.13685759999999997,53.07196
