,acc_overall,training_probe time,inference time,training_probe flops,inference flops
0,0.7455,150.80403852462769,27.86430859565735,0.13685759999999997,51.01428
