,acc_overall,training_probe time,inference time,training_probe flops,inference flops
0,0.3874,125.6069483757019,14.525700807571411,0.20275200000000004,184.63896
