,acc_overall,training_probe time,inference time,training_probe flops,inference flops
0,0.3922,120.16770386695862,23.93464970588684,0.20275200000000004,184.86468
