,acc_overall,training_probe time,inference time,training_probe flops,inference flops
0,0.9472,109.65428519248962,27.040194034576416,0.13685760000000002,52.21652
