,acc_overall,training_probe time,inference time,training_probe flops,inference flops
0,0.7495,110.27802968025208,26.262808799743652,0.13685759999999997,51.56916
