,acc_overall,training_probe time,inference time,training_probe flops,inference flops
0,0.9558,120.1160717010498,26.673727989196777,0.13685760000000002,50.54032
