,acc_overall,training_probe time,inference time,training_probe flops,inference flops
0,0.8986,93.1943953037262,21.934424877166748,0.13685759999999997,53.4072
