,acc_overall,training_probe time,inference time,training_probe flops,inference flops
0,0.7277,118.14519500732422,29.950112104415894,0.13685759999999997,51.86972
