,acc_overall,training_probe time,inference time,training_probe flops,inference flops
0,0.5363,65.43059301376343,9.245535135269165,0.20275199999999996,135.49356
