,acc_overall,training_probe time,inference time,training_probe flops,inference flops
0,0.8102,135.22699785232544,23.91158366203308,0.13685759999999997,25.58228
