,acc_overall,training_probe time,inference time,training_probe flops,inference flops
0,0.3955,175.70872616767883,20.367143869400024,0.20275200000000004,182.5254
