,acc_overall,training_probe time,inference time,training_probe flops,inference flops
0,0.459,137.61786031723022,12.514659881591797,0.20275200000000004,84.29616
