,acc_overall,training_probe time,inference time,training_probe flops,inference flops
0,0.7763,134.16858983039856,36.11670422554016,0.13685759999999997,45.88164
