,acc_overall,training_probe time,inference time,training_probe flops,inference flops
0,0.2847,147.56284832954407,52.110392570495605,0.10137599999999998,36.494
