,acc_overall,training_probe time,inference time,training_probe flops,inference flops
0,0.5568,695.3411059379578,53.94297170639038,0.8110079999999998,2133.58272
