,acc_overall,training_probe time,inference time,training_probe flops,inference flops
0,0.2847,109.10686373710632,35.24966526031494,0.10137599999999998,36.494
