,acc_overall,training_probe time,inference time,training_probe flops,inference flops
0,0.6622,1872.072254896164,30.85340166091919,1.6220159999999997,5631.90008
