,acc_overall,training_probe time,inference time,training_probe flops,inference flops
0,0.4539,282.2208547592163,13.520282506942749,0.4055039999999999,630.211
