,acc_overall,training_probe time,inference time,training_probe flops,inference flops
0,0.9008,89.32822155952454,21.930166006088257,0.13685759999999997,53.28004
