,acc_overall,training_probe time,inference time,training_probe flops,inference flops
0,0.576,4911.493035554886,47.07040810585022,3.2440320000000007,9844.38108
