,acc_overall,training_probe time,inference time,training_probe flops,inference flops
0,0.2299,114.12239599227905,14.993375301361084,0.4055040000000001,590.072
