,acc_overall,training_probe time,inference time,training_probe flops,inference flops
0,0.3372,278.2647044658661,25.04587984085083,0.8110080000000002,2151.0402
