,acc_overall,training_probe time,inference time,training_probe flops,inference flops
0,0.5415,6074.272020339966,43.164655685424805,3.2440320000000007,7747.95624
