,acc_overall,training_probe time,inference time,training_probe flops,inference flops
0,0.1471,56.45192003250122,30.113337516784668,0.10137600000000002,35.54824
