,acc_overall,training_probe time,inference time,training_probe flops,inference flops
0,0.5056,1782.8273742198944,51.43194055557251,1.6220160000000003,5684.34168
