,acc_overall,training_probe time,inference time,training_probe flops,inference flops
0,0.5046,62.66338062286377,6.743354558944702,0.20275199999999996,146.22552
