,acc_overall,training_probe time,inference time,training_probe flops,inference flops
0,0.7229,109.58921670913696,28.954911708831787,0.13685759999999997,52.91012
