,acc_overall,training_probe time,inference time,training_probe flops,inference flops
0,0.943,131.45608282089233,26.155088424682617,0.13685759999999997,46.54056
