,acc_overall,training_probe time,inference time,training_probe flops,inference flops
0,0.7508,108.53591728210449,27.115720987319946,0.13685759999999997,51.63852
