,acc_overall,training_probe time,inference time,training_probe flops,inference flops
0,0.5285,102.16816353797913,25.386892080307007,0.20275199999999996,142.16256
