,acc_overall,training_probe time,inference time,training_probe flops,inference flops
0,0.3841,188.83119821548462,35.327932834625244,0.20275200000000004,183.141
