,acc_overall,training_probe time,inference time,training_probe flops,inference flops
0,0.5042,103.67315173149109,19.675524473190308,0.20275199999999996,173.92752
