,acc_overall,training_probe time,inference time,training_probe flops,inference flops
0,0.9462,141.74611401557922,31.01542329788208,0.13685760000000002,52.32056
