,acc_overall,training_probe time,inference time,training_probe flops,inference flops
0,0.4463,117.65727949142456,24.123117208480835,0.20275199999999996,44.0154
