,acc_overall,training_probe time,inference time,training_probe flops,inference flops
0,0.948,116.00186562538147,30.101843118667603,0.13685760000000002,52.309
