,acc_overall,training_probe time,inference time,training_probe flops,inference flops
0,0.5111,56.87769365310669,10.16866397857666,0.20275199999999996,159.70716
