,acc_overall,training_probe time,inference time,training_probe flops,inference flops
0,0.1175,188.3523952960968,36.34196877479553,0.10137599999999998,37.17248
