,acc_overall,training_probe time,inference time,training_probe flops,inference flops
0,0.2678,534.2228019237518,16.92973279953003,0.8110079999999998,2179.07052
