,acc_overall,training_probe time,inference time,training_probe flops,inference flops
0,0.1175,79.90365171432495,32.82365679740906,0.10137599999999998,37.17248
