,acc_overall,training_probe time,inference time,training_probe flops,inference flops
0,0.1385,198.1558129787445,19.25216007232666,0.4055039999999999,622.339
