,acc_overall,training_probe time,inference time,training_probe flops,inference flops
0,0.9172,119.94716429710388,22.275044918060303,0.13685759999999997,52.34368
