,acc_overall,training_probe time,inference time,training_probe flops,inference flops
0,0.7436,121.91045427322388,25.65784478187561,0.13685759999999997,50.18196
