,acc_overall,training_probe time,inference time,training_probe flops,inference flops
0,0.7307,117.17580246925354,31.511207103729248,0.13685759999999997,52.69048
