,acc_overall,training_probe time,inference time,training_probe flops,inference flops
0,0.4982,50.378713846206665,6.350657224655151,0.20275199999999996,172.2654
