,acc_overall,training_probe time,inference time,training_probe flops,inference flops
0,0.9058,154.56913042068481,17.33102536201477,0.13685759999999997,54.34356
