,acc_overall,training_probe time,inference time,training_probe flops,inference flops
0,0.9477,108.49479842185974,28.071321487426758,0.13685760000000002,52.91012
