,acc_overall,training_probe time,inference time,training_probe flops,inference flops
0,0.5126,58.51683568954468,8.5130136013031,0.20275199999999996,150.49368
