,class_val_corr,class_val_org
0,0.2247360307869075,0.2766422809088381
1,-0.12720013588404067,0.14751651416467995
2,0.017048310777728524,-0.012208263107303347
3,-0.07517624666240533,0.12404558520049261
4,0.09098525504045563,0.15391329601610965
5,-0.0670982368222959,0.12718531463838406
6,-0.18216022585385538,0.24472378816815207
7,0.005629107551802293,-0.03141231981102693
8,0.29726085276212205,-0.337386409418874
9,-0.2631554010009709,-0.3060737015928926
