,class_val_corr,class_val_org
0,-0.2308639036184564,0.31584444006626033
1,-0.3417116121929113,-0.40216682383394076
2,0.06217877369719977,-0.12632572646134588
3,-0.21583393737048007,-0.27147830852941685
4,-0.1128295001481731,-0.1979239267822967
5,-0.2525602120990452,-0.31801744566225604
6,0.21520531656581027,0.2989919547461331
7,-0.22208591596046656,-0.3026913188999657
8,-0.23079483176761628,-0.31674998337024585
9,-0.2738540784900445,-0.332791639867469
