,class_val_corr,class_val_org
0,0.28632201732652585,0.2194369742091335
1,-0.3207367840341009,-0.2523930711934167
2,-0.27117447604359224,-0.187594690634435
3,0.25865172212187804,0.1810963992167532
4,0.23564524795102193,-0.15860558584207102
5,-0.304369958105038,0.2244291371429633
6,-0.3025264415358198,-0.22709018613299445
7,0.3038930756179086,0.2360186621626458
8,-0.2690758062694109,-0.19207457015134236
9,0.3050467858241942,0.23647857768313688
