,class_val_corr,class_val_org
0,0.23172983475297806,0.15397082150487823
1,0.3259621599933375,-0.2577264993739761
2,-0.2567907166021679,0.1725089577908664
3,-0.25597986016536667,0.18165398170952968
4,0.2794231237161987,-0.2075883113148566
5,-0.3031156576782615,0.2211318045247788
6,-0.30917467667078036,-0.23394168667971427
7,0.3114208672414085,0.24157545043018513
8,-0.2591414250319158,0.17854685417679889
9,0.3067418343545908,-0.24045460956329517
