,class_val_corr,class_val_org
0,-0.26357778081233096,-0.18876001456061425
1,-0.3291445039370678,-0.2599010258805966
2,-0.2253770578498299,-0.1337254989797419
3,-0.28792135124290824,0.21439190888385645
4,-0.28304693614206866,0.20929229626585832
5,-0.26533934134363973,0.17638080667960065
6,-0.308119896197084,0.22582572853092164
7,0.2957584464847481,0.22447895141399163
8,-0.28352194725546825,0.2035788809437497
9,-0.30698256999226936,-0.23555593411554862
