,class_val_corr,class_val_org
0,-0.2949383287632187,0.22585993963415651
1,-0.31504062186105175,-0.2391763799379732
2,-0.27024906135381593,-0.18133072210066087
3,-0.2866849603411753,-0.20554798161882437
4,-0.27631636012583133,-0.19837572127252728
5,-0.30143011035749795,0.2174212297278983
6,-0.27180589805024097,-0.18369711456886886
7,0.3104978533645202,0.23834308069857132
8,-0.2872203183670885,0.2114785629322658
9,0.307515139400019,0.2355411794410815
