,class_val_corr,class_val_org
0,-0.28278776970513253,-0.21035818020409913
1,-0.3250672598246078,-0.25473670589323194
2,0.2816627790960827,-0.1919565957130251
3,0.2745931634059048,0.19399982727093545
4,-0.31273255028067515,-0.23911728382906308
5,-0.2927153945968324,0.20726899636833118
6,-0.2836620719946278,-0.197110710663913
7,0.3152852702353912,-0.24237973702865923
8,0.2815492726600568,-0.19752898199330857
9,-0.31814133268712874,-0.2457659577946502
