,class_val_corr,class_val_org
0,0.2807800188075492,-0.20592861369135373
1,-0.3270179011077633,-0.25370466454819035
2,0.26152278412207386,-0.16866893316200965
3,0.2905214563942381,0.2104178776086267
4,-0.2953595669312151,-0.21804281785866764
5,0.28966548869573006,0.20387350921263145
6,-0.3063374550480836,-0.22250258118802857
7,0.3104406470243932,0.2384194948880866
8,-0.2973859841165377,-0.2187838570425649
9,-0.3192690840964264,0.24713314707691156
