,class_val_corr,class_val_org
0,0.2928025926717269,-0.21659385412455787
1,-0.31265796925001466,-0.2331013308684795
2,-0.2879021328227766,-0.19749948777819448
3,0.28240947192515575,-0.19893683604131224
4,-0.28791856775024893,0.20583531589333073
5,-0.29477204202161683,0.20638224699301239
6,-0.31953999456547383,-0.23227086671299163
7,0.3103446956020294,0.2340232159956444
8,-0.30775120990202876,-0.22610628906633604
9,0.32119732421765523,0.24573711280003901
