,class_val_corr,class_val_org
0,-0.28509009862421675,-0.20533380620278777
1,0.3465908865897354,-0.2757831071060924
2,-0.27657472490688556,0.18694377774691145
3,0.30281649570507874,0.22455602099650368
4,-0.30040770409791123,0.2238633560179985
5,-0.2995374460736937,0.21076161255622491
6,-0.27492433604208644,-0.1790209771305415
7,0.31290116715539035,-0.2385590111242178
8,-0.29266643407924064,-0.20780727697879975
9,0.31417150716861725,0.24136547367793193
