,class_val_corr,class_val_org
0,0.24715554216849217,0.3209176015717289
1,0.34685794113520435,0.3951029972198279
2,0.10841896926017572,0.1619387737810618
3,-0.23345992060126006,-0.280763556046722
4,-0.1672819502907004,-0.24316097955479823
5,0.2736569216905502,0.32504149711635183
6,0.2257155568348247,-0.29738942715071526
7,-0.2533360461617713,-0.3150816174268507
8,-0.22980183171533042,-0.3034738834824315
9,-0.27389417735831173,-0.32417230965944954
