,class_val_corr,class_val_org
0,-0.3023331068373707,-0.2237315669284239
1,-0.3236488952534457,-0.2472726923561301
2,-0.29746536198252665,-0.20693172810406119
3,-0.2886038595192278,-0.20563808540478018
4,-0.2834118318579982,0.19815427016425616
5,0.30744533659983253,0.2189139780625304
6,-0.31584035753899425,-0.2302051372301307
7,0.30971512095223747,0.2339616267552101
8,-0.2971405086601038,-0.21710490205397928
9,0.33064233807635973,-0.2558991772654964
