,class_val_corr,class_val_org
0,-0.2988694035801067,-0.22099975736126776
1,-0.3214194463737886,0.24314354462487545
2,0.29385503506352934,-0.2036179695944896
3,0.29430747702832916,-0.21243040039692573
4,-0.2960501226463196,0.21703221541569706
5,-0.2714768466846345,0.179760769004978
6,-0.31284810017741477,-0.2268746071481367
7,0.3304029264557755,0.2540286985559973
8,-0.30521876046354735,-0.2201298920057204
9,0.3150258680079058,0.24087554939006633
