,class_val_corr,class_val_org
0,-0.2885989200347302,0.21025097033915188
1,0.325645637937298,-0.2504552451678252
2,0.29620936869668274,-0.2081342027871586
3,0.2722577462479643,-0.1860487556817007
4,-0.2878464272502208,-0.20799776245677887
5,-0.29650796624083653,0.20978824445521782
6,-0.31498142369829996,-0.2275704259301925
7,0.3203870572875533,0.2473640240825396
8,-0.29383440171049563,-0.21082985753688455
9,-0.3151637682859162,-0.24041469042088448
