,class_val_corr,class_val_org
0,-0.2981745593479206,-0.22186592297052846
1,-0.3207512302141369,-0.24533770071545621
2,-0.2821608006296851,-0.19274185215511053
3,0.2925583724912634,-0.21126420502752707
4,-0.2886517534846005,-0.20940603824017992
5,-0.2931751208972916,0.20595918730415722
6,-0.29592235902647934,-0.20664652938504718
7,0.3055928800159357,0.22781566902661196
8,-0.3045717871342606,-0.22448003443682873
9,0.31402671844192964,0.23808247753155637
