,class_val_corr,class_val_org
0,-0.2539073803346001,0.3229594669690386
1,-0.34514705414754676,0.3857543048576971
2,0.12990866479499108,0.17744914072154933
3,-0.24153882494099124,-0.2837066232788305
4,-0.18721332502239724,0.2564561807789556
5,-0.2816171074127727,0.32572322921468105
6,-0.22857725294345096,0.2903612663917847
7,0.25643703951414387,-0.30769355027592715
8,-0.22487975481204797,-0.2903688098081687
9,-0.2758207358681777,-0.3196020779616682
