,class_val_corr,class_val_org
0,-0.2911123597697869,0.21317208928748213
1,-0.3155993590616736,-0.23829397991749818
2,-0.28887291997950126,-0.19878500242011718
3,0.2882046359403444,-0.2075659480279906
4,-0.2897704359994601,0.21083965456204715
5,0.2887745869541708,0.20241572831432675
6,-0.2916970557714931,-0.20166218313709464
7,-0.31421052813485356,0.23883417271885443
8,-0.27143991087809444,0.1871713098810287
9,-0.3225827971092257,0.24797347870524733
