,class_val_corr,class_val_org
0,-0.2994789219372372,0.22174363368659464
1,-0.3145781667776075,-0.23766922482595368
2,-0.2767958738363545,-0.1875796135278308
3,0.2762341827540322,-0.19315507520689676
4,-0.28193797475168003,-0.20188232133442127
5,-0.2932062972384817,0.20673089782577078
6,0.2925472937178132,-0.20304340307308524
7,-0.31598525640692215,0.24066140857753593
8,-0.2974921079289396,0.21765287599777478
9,-0.31256737202899576,-0.23630061070164454
