,class_val_corr,class_val_org
0,-0.2941637623667389,0.21672013892008246
1,-0.31795912974186336,-0.24150164267987137
2,-0.2728969073139523,-0.1848896507818905
3,0.275114961570848,-0.192984287513339
4,-0.28144999847446184,-0.20206813202062346
5,-0.2893101572314485,0.20332173400087886
6,-0.2961848667921098,-0.20910803570773276
7,0.3049687335272104,0.229404734284533
8,-0.2947493917319179,0.2153446289099419
9,-0.30527817273363556,-0.2287410194260313
