,class_val_corr,class_val_org
0,-0.29052548555332747,0.2142245215681064
1,-0.31646110417539386,-0.24051327469222009
2,-0.2719666208409296,0.18517496266176028
3,0.27565770393860023,-0.1945487174524153
4,-0.27810631667286645,-0.1991554885268883
5,-0.2871702263065912,0.20185326661955583
6,-0.29166908508557254,-0.20480013342228057
7,0.30383659528433327,0.2290366668003299
8,-0.2916079039148482,0.2126263126464714
9,-0.30004200450600316,-0.22357502670495863
