,class_val_corr,class_val_org
0,-0.2578785820929071,0.3205445917481719
1,-0.346784711549854,-0.3789002614432476
2,0.15009210454981012,0.19043534960684005
3,-0.24110740792791902,-0.2775164474720401
4,-0.2069242031161012,0.2683135318386947
5,-0.27873580251570973,0.31685133581390906
6,-0.2301683979084696,0.2820036243383475
7,-0.2596024795681269,-0.3006956713777148
8,-0.22441454363023164,0.28091657806433135
9,-0.2780352556849047,-0.3139182058049772
