,class_val_corr,class_val_org
0,0.21944355644734925,-0.3028886968324929
1,-0.24747860397282168,-0.3046726597766118
2,0.004782914731921862,0.05359085630251208
3,-0.08055822527327561,0.11824531688875045
4,0.0632545178127768,0.12908552187205483
5,0.098747411986783,0.17220266131829703
6,0.18252702782531263,0.24271108114270215
7,0.05115858237072071,-0.10248894781936438
8,-0.2536133769424879,-0.33340283201983983
9,-0.2646903493943908,0.33001049932475035
