,class_val_corr,class_val_org
0,-0.2607281447902208,-0.3161344148762841
1,-0.34654271038583245,-0.37021288245254097
2,-0.16487089841408775,-0.19725000877548468
3,-0.23602109299638502,-0.26668244907950495
4,0.22629907024101564,0.27837086198856653
5,-0.2736476784310171,0.3054386573847269
6,-0.23614145219456428,0.2779686571808644
7,-0.2617739362689228,-0.29358678886548784
8,-0.2277426220096459,-0.27552440226319785
9,-0.27399930692468766,0.3021409538536424
