,class_val_corr,class_val_org
0,-0.24499825952576024,-0.2653141421707371
1,0.3289792578856198,-0.3127297437608849
2,-0.19532656419545485,-0.1954319847967845
3,-0.22352275792231455,0.22440330310371542
4,0.2548274279784367,0.26963740153734117
5,-0.22572520048823208,-0.22191859926173313
6,-0.2344549318826002,0.23313671528537105
7,0.26729400446112866,0.2537174657190333
8,-0.21527438161037357,-0.2189345334552596
9,0.24789820973243146,0.2358675284197941
