,class_val_corr,class_val_org
0,-0.2277326403022188,-0.23221090009554832
1,-0.3055024652010616,0.27543028068212877
2,-0.19143842547481577,-0.17829528341152323
3,-0.22031300787041452,0.2072096444851687
4,-0.24421671363187605,-0.2407704287058629
5,-0.20041520783604772,-0.1807349484264092
6,-0.2312995363359136,0.21241033136531168
7,-0.28673348230401097,0.2585131562507107
8,0.19600583022600968,-0.1812807852058308
9,0.22738656071020835,0.19887664260435617
