,class_val_corr,class_val_org
0,0.20622948678027733,0.30088113568948804
1,0.28751023510549867,0.35465445864691914
2,-0.007249829245206154,0.057956827849051415
3,-0.14257641200007967,-0.19269638428239236
4,-0.054039233868132974,-0.12998512741222717
5,-0.16294356531192353,0.23738509970819258
6,-0.18555794099879888,-0.25726021744347655
7,0.12690624773901404,0.21241089936016272
8,0.2333870703221591,-0.3300831918751702
9,0.253163564790013,-0.3204474359866503
