,class_val_corr,class_val_org
0,-0.21685858563163785,-0.20660020391115938
1,-0.3172971895457341,0.2817391899405693
2,-0.18187221521662192,-0.1563536264509535
3,-0.21719823674760735,-0.19391886972380704
4,-0.22865027253341755,-0.21250899150558705
5,0.17972670760904125,-0.14962120052305466
6,-0.21918208246984444,-0.18984928975963125
7,-0.25385323023554124,-0.21436630525901762
8,-0.17214311006395133,0.14490169297645275
9,-0.2439256968406156,-0.20769666421693744
