,class_val_corr,class_val_org
0,0.2153883847637484,-0.19399508470533833
1,-0.31244473722339017,0.2741539115849866
2,-0.2054538202571014,-0.17229408045207179
3,-0.18761772063266638,-0.15502502858914013
4,0.2409908894212214,-0.2197477776090831
5,0.1644048864029746,-0.12083568519861204
6,-0.213981114092255,-0.1741239937322177
7,-0.2526082679180403,0.2056344092534087
8,0.1741154729984503,0.13633329411521175
9,-0.22763937576599552,-0.1879473133483356
