,class_val_corr,class_val_org
0,0.22141807298059696,-0.19047724405188726
1,-0.2935060142160004,0.25101242603372675
2,0.1824903126763366,-0.14081669453666415
3,0.2036868423894175,-0.16556960360368556
4,0.24585686642845364,-0.21669726011643883
5,0.13428087541176334,-0.08358946125308472
6,-0.2515186119800035,0.21175981786766998
7,0.2525074345209645,-0.20469437737597188
8,-0.22276245985063156,-0.18179966840995956
9,0.21727297547916843,0.17919364536369387
