,class_val_corr,class_val_org
0,-0.18429090478309645,0.14058763286820947
1,-0.23790252072987167,-0.18887449955709454
2,0.24276600581731633,0.1966645123859915
3,0.2258044171696738,-0.18195898116646414
4,-0.2524444312623313,-0.21423753738678977
5,-0.25566841869108897,-0.20366296355946717
6,-0.246818544100534,0.19394891142364673
7,0.2060456859650565,0.1472106859307582
8,-0.23251800790377686,-0.19050802025665398
9,0.25387015605379315,0.21139143997323206
