,class_val_corr,class_val_org
0,0.2230155108178499,0.31690417482126454
1,-0.3225730699432608,-0.38952870396172284
2,-0.008728483574310008,-0.07727814738935926
3,-0.17193297350883016,-0.22865684991855767
4,-0.06934717536652493,-0.15206536423623712
5,-0.19693796348168363,0.2710010556157092
6,-0.19538378586097035,-0.2762462897389203
7,0.17106297987264685,0.2612256022984888
8,-0.2271431084306053,-0.3235113633743451
9,-0.26876744514445017,-0.33502009931213567
