,class_val_corr,class_val_org
0,0.2174606566790576,-0.17332534537506117
1,0.28222591688072585,0.2324461242562192
2,0.2194655381328886,-0.1598985330698927
3,0.21151977571421515,0.15759564607025706
4,0.24956913321570784,0.20236648854696376
5,-0.200210471392585,0.1405525547780913
6,-0.25230889485706526,-0.1902827439625923
7,0.21957243682338173,-0.15918917112676528
8,-0.25710451298286263,-0.2058537453734642
9,0.30563519745180406,0.26170452331671834
