,class_val_corr,class_val_org
0,-0.23607046310820934,0.18392313721469722
1,-0.3082972007082766,-0.25724390032296496
2,0.1870620062454179,0.11901559298812389
3,-0.22757602822615983,-0.1731899366369177
4,0.2404416916713668,0.1849235715134811
5,-0.25224126080338727,-0.18909220728728518
6,-0.2748858015792645,0.20770361224821376
7,0.2613429600641032,0.19837598185196395
8,-0.22275784308364716,-0.1607674188402664
9,-0.2604114013446648,-0.20841029660391558
