,class_val_corr,class_val_org
0,0.24074863515791584,0.18252995231327615
1,0.3147790177361903,-0.2577636584572427
2,-0.22548595618548278,0.15018447251285855
3,-0.23454844690881674,-0.1709949622709814
4,-0.2409896116706739,0.1766842522836286
5,-0.2553573583378586,0.1868748047093553
6,-0.25512457584662407,0.1828298644958236
7,0.28120294407596713,0.2196811528271761
8,0.2649595198504999,-0.20488037937341774
9,0.28117332684965457,-0.22113659202680772
