,class_val_corr,class_val_org
0,0.22928534769475564,-0.31834298610927986
1,-0.3426917346400059,-0.4067580146959701
2,0.034843142677271156,-0.1042462608382454
3,-0.19755324259967688,-0.2559561582135359
4,-0.08467696120186816,-0.17100508952681812
5,-0.22763296242231368,-0.29903481453000974
6,0.2045997880045579,-0.2905712692448148
7,0.1969751575821076,-0.2847612150737714
8,-0.23004132352985304,-0.32125450856357246
9,-0.2766143788380798,-0.3389401357147659
