,class_val_corr,class_val_org
0,0.2760207205012004,-0.2168033026395428
1,-0.3018238162610759,-0.2391713084618179
2,-0.22387448136955873,-0.1395229844026219
3,-0.2738574890025053,-0.2090379571790284
4,0.2166845129210408,-0.14337210842943313
5,-0.26974448793498684,-0.1931293258961678
6,-0.3021242109472175,0.23038434594102697
7,0.29671325131253923,-0.2321145516279365
8,-0.2519669173402254,-0.17965576429720914
9,-0.30200909235662443,0.24150344276941593
