,class_val_corr,class_val_org
0,0.2773766584531062,-0.21677041360986513
1,-0.31373940763959807,-0.24772012082444345
2,-0.24814686057611351,-0.1651820380327108
3,-0.26549482277039316,-0.19327842106802343
4,-0.24839709720076253,0.1774268903170415
5,-0.2873468219422002,0.21258707626074852
6,-0.3041036185949252,-0.23164781495774345
7,0.30893080306800846,-0.2454900799554861
8,-0.2538536092907577,0.18307871566632264
9,0.2776214443191226,0.21089089407213885
