,class_val_corr,class_val_org
0,0.2771753296459179,0.2078389850024258
1,-0.3363288851603583,-0.2722460927690573
2,0.23929680892327831,-0.15519490386790602
3,-0.2492274894566734,-0.1725547454504396
4,0.2443520904336593,-0.1710005803371627
5,-0.320527088855807,0.2464278205785682
6,-0.2790638869006883,-0.1963926917841632
7,-0.2953776564667695,-0.22797894015209327
8,-0.25964777949892887,-0.18418036381911457
9,0.2902147641259396,0.22487946847896123
