,acc_overall,training_probe time,inference time,training_probe flops,inference flops
0,0.9806,120.93392086029053,33.60366201400757,0.13685760000000002,27.24692
