,acc_overall,training_probe time,inference time,training_probe flops,inference flops
0,0.7492,90.96801567077637,22.700926542282104,0.13685759999999997,51.58072
