,acc_overall,training_probe time,inference time,training_probe flops,inference flops
0,0.3482,141.12937831878662,18.52012538909912,0.20275200000000004,21.66912
