,acc_overall,training_probe time,inference time,training_probe flops,inference flops
0,0.9643,133.8490400314331,17.19961380958557,0.13685759999999997,15.22452
