,acc_overall,training_probe time,inference time,training_probe flops,inference flops
0,0.7839,115.80784368515015,25.3906831741333,0.13685759999999997,11.99928
