,acc_overall,training_probe time,inference time,training_probe flops,inference flops
0,0.503,127.23190355300903,15.896464586257935,0.20275199999999996,174.42
