,class_val_corr,class_val_org
0,-0.02564074645888062,-0.025614276740277837
1,-0.028829760173718084,-0.02851540261419587
2,0.016523499928166097,-0.016465833345894118
3,0.04972524563094174,0.04939328313896518
4,-0.001389269749715259,0.0010682849910481108
5,-0.013313142629868751,-0.012698000263609626
6,-0.00036448208173630366,-3.6678600473681253e-06
7,-0.011989279217842904,0.012251303015353668
8,0.0445446944755923,0.04294449243098254
9,0.0072837335576916695,0.006035108611080258
