,class_val_corr,class_val_org
0,0.22307858216641263,0.2617436167756897
1,0.15545990765769263,0.16963173111667418
2,-0.061314427471739964,-0.01948005350064285
3,0.011290744672864332,-0.07281317066582249
4,0.016405582569305178,0.10760271252250601
5,-0.04228822393133143,-0.06282269226535236
6,-0.11739420570525458,-0.244057746713838
7,0.03757688053121184,0.008998336750092279
8,0.32062164513779945,0.34460605356999896
9,0.30149080440930054,0.32616297444068143
