,class_val_corr,class_val_org
0,-0.22642548526315706,0.3146980712657064
1,-0.3534053483361756,-0.4102550219186055
2,0.05773938959252403,-0.12474873850215701
3,0.2152000115823478,-0.2727626376228476
4,0.10505540890869583,0.19166228415553596
5,-0.228889838472438,0.2961810864467159
6,-0.22874077735128845,-0.31665548773538815
7,-0.20959104901782422,0.29446152771729883
8,-0.23920978123161982,-0.3206967880174549
9,-0.2722875935036167,-0.3304637894608894
