,class_val_corr,class_val_org
0,-0.27943081473234493,-0.21481026662599387
1,0.34331213653113535,-0.28341575898205473
2,0.24257826481847442,0.15706716913562094
3,0.2674058069696819,0.19750305737775367
4,-0.2405735085983023,-0.1636646008493707
5,0.28538330889240127,0.21255445840009038
6,0.28242991754530794,0.2080549698053213
7,0.300610740884077,-0.23110757720579783
8,0.2618122395751039,0.18148416327738898
9,0.3110470362108136,0.2427404727922149
