,class_val_corr,class_val_org
0,0.26914516863277504,-0.1938870670821728
1,-0.33590475346194515,-0.2740692055512751
2,0.2388084924829798,-0.14564425528735886
3,0.27831768720404315,-0.20976379584659666
4,0.2381190333800125,0.16002321482513504
5,0.2930837541151038,0.21606778442774804
6,0.302732771352786,0.22143808004432525
7,-0.29237178816251996,0.221520307249395
8,0.2870466141545251,0.2148286908776544
9,0.3350851934040901,0.2707951738752288
