,class_val_corr,class_val_org
0,-0.2584572177159387,-0.18536847380686183
1,-0.34752774830888206,-0.2858492085072703
2,-0.2802408612280855,-0.19868429669582438
3,0.3052852048778467,0.23736956411935511
4,0.2618965754542777,-0.18565516900445514
5,-0.2761181221448704,-0.19616588542109625
6,0.283921132355725,0.2027908397762038
7,-0.30864456855292555,-0.2344680239643261
8,0.28460837681514983,0.20909835100102267
9,0.2937469258622603,-0.2201286974304635
