,class_val_corr,class_val_org
0,-0.2913929888244279,-0.21680279321171236
1,0.31926876241409513,-0.2505155696853153
2,-0.2774180766249278,-0.19465563573420447
3,0.26824758712912866,0.19450482110392178
4,0.27538897980176574,-0.19851686798861873
5,-0.28569445985049163,-0.20505193267119365
6,0.2934225545413075,-0.20391461987261578
7,0.31021526956899126,-0.23436186592884878
8,0.2640623718203345,0.18793092036939574
9,0.3170501934529886,0.24644211417639117
