,class_val_corr,class_val_org
0,-0.22972269587826366,0.3158940013680607
1,-0.36446007970915595,-0.4164544812770079
2,0.07067636514943969,0.132007647569137
3,0.22900338652284902,-0.28138617734608573
4,0.12546242023761148,-0.2058200418869745
5,-0.24097445506141074,-0.3002600304452364
6,-0.23394027200904516,-0.3144215678702772
7,0.22874879799369024,-0.3036563986091579
8,0.23866043599518483,-0.31745606958006595
9,-0.26800365533263226,-0.322889141824133
