,class_val_corr,class_val_org
0,-0.30337641199986526,-0.23100941772114125
1,0.3245923875728897,-0.25114656473152625
2,0.30104707240605233,0.2137714108146304
3,-0.2946262428586057,-0.22127854934287172
4,0.25469205803698214,0.170047115951342
5,0.28289964408440166,0.19980419373486463
6,0.29734219873066053,0.20745528559023507
7,-0.310831145603232,-0.2366351410529727
8,0.2785675784829942,0.1971380461856181
9,0.32087449360792786,0.2455100250628044
