,class_val_corr,class_val_org
0,0.2929456286019675,-0.2176065857407794
1,-0.325651511670578,0.2522979570920941
2,0.27880131316749734,0.19006776301739012
3,-0.25961072186659495,-0.1802552749763651
4,0.2847624994957211,0.2019294969828572
5,-0.32384094247950684,-0.24452591254384914
6,-0.2880356485212455,0.19272319939418361
7,0.3111886457379437,0.2356158604540658
8,-0.31018605749569883,0.22968135703580558
9,0.33687217604619,0.2647802655173964
