,class_val_corr,class_val_org
0,0.2939813362831792,0.21599836884240028
1,0.3374721653082845,-0.26545794450505517
2,0.275235854704046,0.181495484069792
3,0.2873785937193532,0.20890058190539962
4,0.2995959018203074,0.22171052637420338
5,0.2877481767650719,-0.206613910833033
6,-0.3231617777054837,-0.23445713752676822
7,-0.31160452498346947,-0.23399408079380954
8,0.26667535114392515,0.17874572931863547
9,0.3399687150551952,0.26708960560397943
