,class_val_corr,class_val_org
0,0.2903557344623496,0.21415517920957547
1,0.31277868853435853,-0.23690088445114058
2,-0.2963328760362054,-0.20987265473528915
3,-0.25687956969399106,-0.17766647924682438
4,0.290833253730269,-0.2153128561174067
5,0.2823761320239,-0.20172370230621667
6,0.30153537342247166,-0.21225240452181357
7,-0.30734755719066,-0.2323425822778127
8,0.2923286558977958,0.20927993484414215
9,0.3345847927291951,0.26122974682063227
