,class_val_corr,class_val_org
0,0.297360709401759,-0.21675942618394384
1,0.32718783823923436,-0.2551109867329331
2,0.2701750973973602,0.17976380522474253
3,0.2808105246080099,0.20107271486866124
4,0.265863292735617,0.18172896955978585
5,-0.3017695428880988,-0.2212355580381022
6,0.29434821062173766,-0.19521273710100698
7,-0.29872304357964863,0.22041382399155082
8,-0.33358216415652975,-0.25609227327487755
9,0.3228600314470981,-0.24868110693534823
