,class_val_corr,class_val_org
0,0.3056429903536382,-0.22662043040225271
1,0.33155010896056764,-0.2556761681255826
2,-0.30465897938028513,-0.21627178215842477
3,-0.2808095073913993,-0.20158877192308408
4,0.29867303976398313,0.21791646682601434
5,-0.33430677756539273,-0.2538651402973017
6,-0.32299203248326047,0.23298743482654694
7,-0.3325517486237563,0.2548504996208993
8,-0.3071944932259776,0.22353037194113307
9,0.3292831758019004,0.25195340388575854
