,class_val_corr,class_val_org
0,-0.24272615324964783,-0.3177171260932148
1,-0.36753949038909206,-0.40826897540369544
2,0.10622048864450846,0.15515032295685488
3,0.24217170113641984,-0.2839593140881909
4,0.16749451960367678,0.23308541808104416
5,0.25589801104014354,0.2995215679945648
6,0.23359097943773757,0.2953948180474479
7,-0.25585495566193384,0.3100334910398086
8,0.23682471649522074,0.30224029186138585
9,0.2687148629595413,-0.31326964020849896
