,class_val_corr,class_val_org
0,0.30712634644808257,0.22409639998814848
1,0.337961153518324,0.26034400520423195
2,-0.285998508431504,-0.1923514092517017
3,-0.2913896698129405,-0.21138761805823145
4,0.29709069468173815,-0.213023938164351
5,0.3094537443812764,-0.2244658414091361
6,0.31151724581411067,0.2175194507470692
7,-0.32067931614980694,-0.23946927465156034
8,-0.3157221945491032,0.22810961583116662
9,0.3261900163047629,0.2450552017930418
