,class_val_corr,class_val_org
0,0.303803087494799,-0.22227358798038474
1,0.33561764362295016,0.25775515962752943
2,0.2807594298442396,-0.18888372431639097
3,-0.28739223881229237,-0.2084552902498844
4,0.28348492395583236,-0.19999110825501856
5,0.29882035129532347,0.21327695263695573
6,0.3115561076227369,0.22235531095252237
7,0.32140861768313644,-0.24210420392418366
8,0.3093790378949618,0.22456843873005458
9,0.32010570572545927,0.2403328492017249
