,class_val_corr,class_val_org
0,0.29840102876879626,-0.2176469072169386
1,0.3313783066244769,-0.254469756746377
2,0.2805088538101263,-0.1901941794234252
3,-0.283106358685166,-0.20478366504080994
4,0.2820896636231932,-0.1995587439356167
5,0.2920060855970623,0.2070545031305377
6,0.3082112492236022,0.21981808528302074
7,0.3149823895927847,-0.23609013802270107
8,0.30257375833917055,0.21911731121555822
9,0.3163616661001265,0.23726714916975117
