,class_val_corr,class_val_org
0,0.29419341850901937,-0.21412522159087483
1,0.3272073752449278,-0.2508481197935726
2,-0.2785168268779985,-0.18949395943412434
3,-0.27965944550685345,-0.20198668355223648
4,0.2779136782580807,-0.1960528065308419
5,-0.2895689722291057,0.20576360536670044
6,0.3039629288975428,0.21590748552139807
7,0.3119236170816597,0.2337488287085636
8,0.30050386433965287,0.21848155195610328
9,0.31359121895130737,0.2351097282317686
