,class_val_corr,class_val_org
0,-0.248933551286667,-0.31655399988664934
1,-0.3631011634575729,-0.3966453325653486
2,0.12125341035607293,0.16346971652248976
3,0.23718365684644283,-0.2730564619196694
4,0.1826954036774893,0.23956737988346194
5,0.2552499786021771,0.2930459030754594
6,0.2303439408096022,0.2808540385243046
7,-0.26305960352906665,0.3063657080044153
8,0.23465181710426947,0.292396157081479
9,-0.2718306998368652,-0.30935056924365756
