,class_val_corr,class_val_org
0,-0.23367928792289455,0.30498410567097967
1,-0.2680260653296752,-0.31421521746042946
2,-0.0032303117759580045,0.0608310667906309
3,0.06357391746114546,0.11306407069714955
4,-0.048657442795614084,-0.1395016583775938
5,0.06790108793354703,0.153628661620889
6,0.18723837288114206,-0.2644136456994505
7,0.027249510513122827,0.0845266200800791
8,0.2821437766581446,0.34315801449737005
9,0.29184528671884086,0.34352066103601475
