,class_val_corr,class_val_org
0,-0.2599665957249914,-0.31981214147599457
1,-0.3564782072046733,-0.3828006261611787
2,0.1345138930603395,0.16924235885188754
3,0.23214493215072296,-0.2622507808240894
4,0.19860549273943212,0.24862534550871662
5,0.25595025915686975,0.2870686982542281
6,-0.22424219462789982,0.2640890155320865
7,-0.2698136591924815,-0.30153755496523693
8,0.23562927057819677,0.28451266918564455
9,-0.272026523552044,-0.30123773783983215
