,class_val_corr,class_val_org
0,-0.25050611161204245,-0.2925736510151
1,0.33793677902947644,0.34188365836916323
2,0.15733413649369432,-0.17507044634917684
3,0.22041498835871445,-0.23511427461730425
4,-0.20786846438772125,-0.23579240846529656
5,0.2493836832322494,0.26310807149859117
6,-0.21141121473444005,0.22450966547611345
7,0.2798823994456389,0.2877376006488639
8,0.23928011768786928,0.2693824330670392
9,-0.2612952034320786,-0.26849307757110125
