,class_val_corr,class_val_org
0,-0.23613105757995811,0.2581983861599455
1,0.3101889515538584,0.29412574984527007
2,0.1734650794475887,-0.1730871857492492
3,0.21455267833590247,0.21400953034858888
4,-0.20528612817337663,-0.20995469154563876
5,0.2424292238188053,0.2407730278965053
6,-0.188582542407979,0.17804921500484297
7,-0.2852400244867135,-0.27396808443696385
8,0.2342858343068804,0.24438772555618088
9,0.2532490633407747,0.24139139161317424
