,class_val_corr,class_val_org
0,-0.2245462153360408,0.22572143485501742
1,0.29488646782638556,0.2629721565919706
2,0.1831368128560074,0.16833173196105494
3,0.2130628295176255,-0.20013242313794505
4,-0.2025721000388772,0.18660778854019006
5,0.2147557101396106,-0.19876620200529238
6,-0.17458701428341838,-0.14349683215025757
7,0.27104889004821364,-0.24666208559138625
8,0.22927785125646394,-0.21959125061887336
9,0.25005081613416197,0.22545181015765275
