,class_val_corr,class_val_org
0,-0.21144158774175803,0.2970811343722619
1,0.29202293095156084,-0.34958761785392695
2,0.0006878845775653147,0.07123398582455583
3,-0.13610850193287577,-0.1926508463028638
4,-0.04281416073647834,-0.13262360515257274
5,-0.14961862219340916,0.23483527035008447
6,0.20274496306634504,-0.2815558562492995
7,0.10857910169498934,-0.20231988538432202
8,0.2519690658611067,0.33476101760378163
9,-0.263306088840382,-0.31886489430843457
