,class_val_corr,class_val_org
0,-0.2303279004908083,0.20920631152489338
1,0.26955298389432114,0.22718365177307354
2,0.16213029704594656,0.12446203188781901
3,0.20221226155382793,0.1736646531256455
4,0.16951542217666743,0.13175745946061693
5,0.16666090168056044,-0.13093750289979386
6,0.20591633351186994,0.15864997225056304
7,0.28872658221719577,0.25427270327963836
8,0.19501817142989322,0.1648931425402343
9,0.21308417677991692,0.17582561637848618
