,class_val_corr,class_val_org
0,0.2820402349495834,-0.25111823674225686
1,-0.3212571859067819,-0.2813214817780342
2,0.14916508088883948,-0.10149060401938337
3,0.2105681477166096,0.17528584418957815
4,0.13960878332499443,0.09574851219640422
5,0.1706250865861049,-0.1293763080094269
6,0.1560134528378646,0.10651490709605797
7,0.31378053642064846,0.27974125914888825
8,-0.24982101436699422,0.21677287241685939
9,-0.23071589032239,-0.19429024305375708
