,class_val_corr,class_val_org
0,-0.24870732943384624,0.2094008745260799
1,-0.2795655084076185,-0.23303236231204696
2,-0.17964170709182725,-0.1235673842745668
3,0.19612892846516192,0.15613981160954346
4,-0.15939011982038212,-0.11308926164082173
5,-0.22786279875769028,0.18022052492391727
6,-0.22751938349245443,0.17104837509408932
7,0.26740717777007217,0.22119645063418159
8,-0.24537481307867343,0.2094905084757465
9,-0.2536548685680369,-0.2165045026472631
