,class_val_corr,class_val_org
0,-0.22278995847262217,-0.3117121335658783
1,-0.32192072354741275,-0.3804330629803585
2,-0.012425937263597265,-0.08646616711778335
3,0.1661974401420558,0.22787935575505833
4,0.06213252134308132,0.15502157629340166
5,-0.18137165899164076,0.2632446463635808
6,-0.20860078969337512,0.2984682922344166
7,0.16512786501853166,-0.26242783201355135
8,0.24353110383170382,-0.3268393374885453
9,-0.27180253884198213,-0.3297208317389986
