,class_val_corr,class_val_org
0,-0.24086289089137583,-0.1925807360944432
1,-0.26848018192688994,-0.21323631916134012
2,-0.23824249108933024,-0.17618094767933118
3,-0.19815324818155186,0.14491563977503785
4,-0.17877958989642206,-0.11813656393634533
5,-0.2837802786018839,0.2261842739826288
6,0.2735661018363423,0.2072522630585098
7,0.2603083954559331,-0.20655435646310732
8,-0.23135921555388686,-0.1695278127031865
9,-0.2600795392566699,-0.20793974984030178
