,class_val_corr,class_val_org
0,-0.2418081790356575,-0.18735349817540442
1,-0.3309275891126293,-0.28360577170339385
2,-0.21389714407458382,-0.14418183458987202
3,-0.2534616167436944,-0.1960982313331989
4,0.1818148723005822,-0.11742259350126716
5,-0.2754656960525358,-0.21703776665234153
6,0.29625601183583666,0.23369898530260336
7,-0.25900005877968757,-0.20332993021457632
8,-0.2047568930864681,-0.14208400839747803
9,-0.3020847017786383,-0.25233051281136
