,class_val_corr,class_val_org
0,0.23552865314066287,-0.17343093477844573
1,-0.29319974825047634,-0.23046354447795547
2,-0.21712358743785676,-0.14371668663544915
3,-0.2609267809842123,-0.20184795760118188
4,0.25165877063747594,-0.1916565686174669
5,0.2590341150411893,0.19365641414376128
6,-0.27295030330050635,-0.2032213869143159
7,0.28027828855928855,0.21884721347699074
8,0.26390448075328976,0.20428587120130326
9,0.25962094887080633,-0.19356382828128166
