,class_val_corr,class_val_org
0,-0.23102501207544418,-0.3211059146272525
1,-0.344099631391671,-0.40278069665604255
2,-0.03412468155250948,-0.1067385024595832
3,0.19371914739028717,-0.25507375658076387
4,-0.0790543492776701,0.1714875826878546
5,-0.21057485348214278,0.2860488512498235
6,-0.21959793460680482,-0.31206992166438297
7,-0.1904728658449994,-0.28335049270374546
8,-0.24181346171470813,-0.32494794598568555
9,-0.27357880788302397,-0.3321736211286452
