,class_val_corr,class_val_org
0,0.22505515438397633,-0.1607932341522724
1,-0.31239290700519223,-0.2538660992940127
2,0.22181914165176855,-0.145999143631682
3,-0.26548783239547646,-0.20503151870602795
4,-0.22209676645017465,-0.15200964341093548
5,0.26319853192484416,0.1948254171131714
6,-0.27496013519541807,0.20223958781684226
7,-0.3056217260391591,0.2469715213907664
8,0.27293709288144685,0.2124380848871292
9,0.28659153591527187,-0.22373739978844118
