,class_val_corr,class_val_org
0,-0.2364727871691985,-0.1736311454280413
1,-0.3484637879011555,-0.2951214581449948
2,0.2110393816953774,0.1299700349859118
3,0.2575201588876283,-0.19383458440990603
4,0.2163493125971438,-0.14241054595637254
5,0.29280916244486377,0.22652934284683296
6,-0.2850212384396692,0.21225716268246453
7,0.29647616356080797,0.23343018726825493
8,0.25860432610535267,0.19435259048680212
9,0.2812234520690963,0.21544251986883248
