,class_val_corr,class_val_org
0,-0.253189032364099,-0.18244390598645577
1,0.3476490073009633,-0.28873496749797767
2,-0.2799596706093962,-0.20359303060134631
3,0.2663327925609008,-0.19969481438394177
4,0.24267246502017514,-0.16780072191078388
5,0.295932495473173,0.22389738205139548
6,-0.2964474462116563,0.22402945209020095
7,0.2871341054541491,0.21919484451153115
8,0.26198524354601327,0.1927324403750202
9,0.284368715645954,0.21645335472746982
