,acc_overall,training_probe time,inference time,training_probe flops,inference flops
0,0.9029,152.44388556480408,27.15999746322632,0.13685759999999997,54.22796
