,acc_overall,training_probe time,inference time,training_probe flops,inference flops
0,0.2713,81.1075611114502,17.1443772315979,0.10137599999999998,36.62764
