,acc_overall,training_probe time,inference time,training_probe flops,inference flops
0,0.6528,1813.6536135673523,27.728859424591064,1.6220159999999997,5642.22452
