,acc_overall,training_probe time,inference time,training_probe flops,inference flops
0,0.4532,185.1742959022522,15.579071760177612,0.4055039999999999,631.277
