,acc_overall,training_probe time,inference time,training_probe flops,inference flops
0,0.5473,486.95404386520386,22.67675280570984,0.8110079999999998,2135.30388
