,acc_overall,training_probe time,inference time,training_probe flops,inference flops
0,0.2713,122.22845125198364,33.72111392021179,0.10137599999999998,36.62764
