,acc_overall,training_probe time,inference time,training_probe flops,inference flops
0,0.9036,147.14380884170532,38.177971839904785,0.13685759999999997,54.1586
