,acc_overall,training_probe time,inference time,training_probe flops,inference flops
0,0.7467,109.61310958862305,26.114285945892334,0.13685759999999997,51.66164
