,acc_overall,training_probe time,inference time,training_probe flops,inference flops
0,0.3911,156.8328914642334,30.91232657432556,0.20275200000000004,182.58696
