,acc_overall,training_probe time,inference time,training_probe flops,inference flops
0,0.496,55.20147347450256,10.256835699081421,0.20275199999999996,171.97812
