,acc_overall,training_probe time,inference time,training_probe flops,inference flops
0,0.7709,121.61388659477234,26.039639472961426,0.13685759999999997,48.4364
