,acc_overall,training_probe time,inference time,training_probe flops,inference flops
0,0.9299,91.72984600067139,22.631627798080444,0.13685759999999997,50.00856
