,acc_overall,training_probe time,inference time,training_probe flops,inference flops
0,0.7853,158.47928953170776,23.05269718170166,0.13685759999999997,42.98008
