,acc_overall,training_probe time,inference time,training_probe flops,inference flops
0,0.7228,134.2405915260315,24.244839429855347,0.13685759999999997,52.22808
