,acc_overall,training_probe time,inference time,training_probe flops,inference flops
0,0.9461,157.64355397224426,19.64139175415039,0.13685760000000002,52.38992
