,acc_overall,training_probe time,inference time,training_probe flops,inference flops
0,0.391,154.2125563621521,31.10075807571411,0.20275200000000004,182.56644
