,acc_overall,training_probe time,inference time,training_probe flops,inference flops
0,0.9092,108.07663655281067,26.18648409843445,0.13685759999999997,52.47084
