,acc_overall,training_probe time,inference time,training_probe flops,inference flops
0,0.1552,131.49081540107727,20.403416872024536,0.10137600000000002,36.83324
