,acc_overall,training_probe time,inference time,training_probe flops,inference flops
0,0.2199,121.09795808792114,47.07973265647888,0.4055040000000001,636.607
