,acc_overall,training_probe time,inference time,training_probe flops,inference flops
0,0.1552,76.04685091972351,17.93961215019226,0.10137600000000002,36.83324
