,acc_overall,training_probe time,inference time,training_probe flops,inference flops
0,0.3342,448.9107418060303,18.29523515701294,0.8110080000000002,2192.8398
