,acc_overall,training_probe time,inference time,training_probe flops,inference flops
0,0.5076,1316.0051174163818,22.146690130233765,1.6220160000000003,5837.24172
