,acc_overall,training_probe time,inference time,training_probe flops,inference flops
0,0.9051,93.20342016220093,21.127168655395508,0.13685759999999997,53.04884
