,acc_overall,training_probe time,inference time,training_probe flops,inference flops
0,0.5669,4873.047200918198,46.614640951156616,3.2440320000000007,10338.25512
