,acc_overall,training_probe time,inference time,training_probe flops,inference flops
0,0.5046,1463.163634300232,30.264487504959106,1.6220160000000003,5356.90944
