,acc_overall,training_probe time,inference time,training_probe flops,inference flops
0,0.3743,295.54929184913635,42.70156979560852,0.8110080000000002,1772.7948
