,acc_overall,training_probe time,inference time,training_probe flops,inference flops
0,0.2338,76.28629803657532,19.765721321105957,0.10137600000000002,18.61708
