,acc_overall,training_probe time,inference time,training_probe flops,inference flops
0,0.5343,4752.794815778732,45.76226234436035,3.2440320000000007,7662.0936
