,acc_overall,training_probe time,inference time,training_probe flops,inference flops
0,0.958,105.85852289199829,25.78627586364746,0.13685760000000002,49.71956
