,acc_overall,training_probe time,inference time,training_probe flops,inference flops
0,0.5018,1254.7794959545135,22.5264949798584,1.6220160000000003,5857.56284
