,acc_overall,training_probe time,inference time,training_probe flops,inference flops
0,0.1455,87.86393427848816,19.00629949569702,0.10137600000000002,37.27528
