,acc_overall,training_probe time,inference time,training_probe flops,inference flops
0,0.2157,112.08837151527405,52.916820764541626,0.4055040000000001,644.52
