,acc_overall,training_probe time,inference time,training_probe flops,inference flops
0,0.1455,105.99020671844482,33.61180877685547,0.10137600000000002,37.27528
