,acc_overall,training_probe time,inference time,training_probe flops,inference flops
0,0.3361,438.9433379173279,16.96407675743103,0.8110080000000002,2203.65852
