,acc_overall,training_probe time,inference time,training_probe flops,inference flops
0,0.3931,111.18737196922302,27.335044384002686,0.20275200000000004,181.23264
