,acc_overall,training_probe time,inference time,training_probe flops,inference flops
0,0.9545,184.45854258537292,25.620556592941284,0.13685760000000002,51.17612
