,acc_overall,training_probe time,inference time,training_probe flops,inference flops
0,0.3858,192.26923370361328,27.228008270263672,0.20275200000000004,182.97684
