,acc_overall,training_probe time,inference time,training_probe flops,inference flops
0,0.9789,125.09539985656738,29.940744638442993,0.13685760000000002,26.55332
