,acc_overall,training_probe time,inference time,training_probe flops,inference flops
0,0.2712,86.64668560028076,14.826462507247925,0.10137599999999998,34.438
