,acc_overall,training_probe time,inference time,training_probe flops,inference flops
0,0.2712,67.44437217712402,11.155418872833252,0.10137599999999998,34.438
