,acc_overall,training_probe time,inference time,training_probe flops,inference flops
0,0.4282,191.48683047294617,15.832302331924438,0.4055039999999999,585.767
