,acc_overall,training_probe time,inference time,training_probe flops,inference flops
0,0.6463,1787.4429936408997,25.047231912612915,1.6220159999999997,5412.30088
