,acc_overall,training_probe time,inference time,training_probe flops,inference flops
0,0.5488,396.8855040073395,26.183587551116943,0.8110079999999998,2036.95188
