,acc_overall,training_probe time,inference time,training_probe flops,inference flops
0,0.3613,257.6632168292999,11.663422107696533,0.8110080000000002,1980.72732
