,acc_overall,training_probe time,inference time,training_probe flops,inference flops
0,0.2589,177.16994380950928,40.39939284324646,0.4055040000000001,489.909
