,acc_overall,training_probe time,inference time,training_probe flops,inference flops
0,0.5136,1785.1521246433258,83.15454387664795,1.6220160000000003,5515.3814
