,acc_overall,training_probe time,inference time,training_probe flops,inference flops
0,0.1754,80.22651863098145,22.430036544799805,0.10137600000000002,30.86056
