,acc_overall,training_probe time,inference time,training_probe flops,inference flops
0,0.1754,81.04087972640991,16.901270866394043,0.10137600000000002,30.86056
