,acc_overall,training_probe time,inference time,training_probe flops,inference flops
0,0.9493,168.78392601013184,33.65522623062134,0.13685760000000002,51.70788
