,acc_overall,training_probe time,inference time,training_probe flops,inference flops
0,0.7778,105.14840197563171,33.029908418655396,0.13685759999999997,46.57524
