,acc_overall,training_probe time,inference time,training_probe flops,inference flops
0,0.9469,68.05801439285278,13.972236156463623,0.13685760000000002,54.17016
