,acc_overall,training_probe time,inference time,training_probe flops,inference flops
0,0.5066,142.25009489059448,27.758543968200684,0.20275199999999996,171.09576
