,acc_overall,training_probe time,inference time,training_probe flops,inference flops
0,0.749,117.5795841217041,39.24307084083557,0.13685759999999997,49.86984
