,acc_overall,training_probe time,inference time,training_probe flops,inference flops
0,0.2726,68.60000085830688,34.66544437408447,0.10137599999999998,36.52484
