,acc_overall,training_probe time,inference time,training_probe flops,inference flops
0,0.4533,192.79050254821777,25.980468034744263,0.4055039999999999,628.981
