,acc_overall,training_probe time,inference time,training_probe flops,inference flops
0,0.2726,114.23619556427002,18.304680347442627,0.10137599999999998,36.52484
