,acc_overall,training_probe time,inference time,training_probe flops,inference flops
0,0.6512,1450.403562784195,24.955228328704834,1.6220159999999997,5655.00716
