,acc_overall,training_probe time,inference time,training_probe flops,inference flops
0,0.5499,288.25379252433777,16.04150152206421,0.8110079999999998,2141.205
