,acc_overall,training_probe time,inference time,training_probe flops,inference flops
0,0.3896,139.95784902572632,25.01984190940857,0.20275200000000004,184.31064
