,acc_overall,training_probe time,inference time,training_probe flops,inference flops
0,0.55,86.43358516693115,24.108463525772095,0.20275199999999996,89.63136
