,acc_overall,training_probe time,inference time,training_probe flops,inference flops
0,0.5096,70.28115487098694,8.86890172958374,0.20275199999999996,158.27076
