,acc_overall,training_probe time,inference time,training_probe flops,inference flops
0,0.9433,85.90870594978333,27.912553071975708,0.13685759999999997,45.8932
