,acc_overall,training_probe time,inference time,training_probe flops,inference flops
0,0.1475,130.20191311836243,33.34951663017273,0.10137600000000002,37.38836
