,acc_overall,training_probe time,inference time,training_probe flops,inference flops
0,0.5026,1026.9781534671783,23.18593406677246,1.6220160000000003,5853.46584
