,acc_overall,training_probe time,inference time,training_probe flops,inference flops
0,0.2145,173.1560332775116,19.37299394607544,0.4055040000000001,647.349
