,acc_overall,training_probe time,inference time,training_probe flops,inference flops
0,0.3338,248.21861028671265,10.839836597442627,0.8110080000000002,2204.39616
