,acc_overall,training_probe time,inference time,training_probe flops,inference flops
0,0.1475,65.09531807899475,13.496595621109009,0.10137600000000002,37.38836
