,acc_overall,training_probe time,inference time,training_probe flops,inference flops
0,0.9017,108.85361886024475,28.16217041015625,0.13685759999999997,54.6788
