,acc_overall,training_probe time,inference time,training_probe flops,inference flops
0,0.3878,139.0606291294098,13.993340015411377,0.20275200000000004,184.84416
