,acc_overall,training_probe time,inference time,training_probe flops,inference flops
0,0.9462,146.74124455451965,28.34719491004944,0.13685760000000002,52.60956
