,acc_overall,training_probe time,inference time,training_probe flops,inference flops
0,0.5074,138.63024997711182,24.767611026763916,0.20275199999999996,173.82492
