,acc_overall,training_probe time,inference time,training_probe flops,inference flops
0,0.9775,129.57058548927307,26.43541431427002,0.13685759999999997,25.3164
