,acc_overall,training_probe time,inference time,training_probe flops,inference flops
0,0.9015,118.8417329788208,24.881568670272827,0.13685759999999997,54.91
