,acc_overall,training_probe time,inference time,training_probe flops,inference flops
0,0.7457,92.899329662323,21.127044677734375,0.13685759999999997,51.98532
