,acc_overall,training_probe time,inference time,training_probe flops,inference flops
0,0.1955,358.2217617034912,17.907859563827515,0.8110080000000002,2184.39792
