,acc_overall,training_probe time,inference time,training_probe flops,inference flops
0,0.1101,105.51702404022217,39.805580615997314,0.10137600000000002,37.20332
