,acc_overall,training_probe time,inference time,training_probe flops,inference flops
0,0.1101,75.23150110244751,15.103963851928711,0.10137600000000002,37.20332
