,acc_overall,training_probe time,inference time,training_probe flops,inference flops
0,0.1128,408.29720997810364,48.060709953308105,0.4055040000000001,622.79
