,acc_overall,training_probe time,inference time,training_probe flops,inference flops
0,0.3522,2022.7136108875275,35.320544958114624,1.6220160000000003,6059.95464
