,acc_overall,training_probe time,inference time,training_probe flops,inference flops
0,0.3988,123.04693078994751,24.752426147460938,0.20275200000000004,178.07256
