,acc_overall,training_probe time,inference time,training_probe flops,inference flops
0,0.9003,92.28384327888489,21.421539545059204,0.13685759999999997,53.25692
