,acc_overall,training_probe time,inference time,training_probe flops,inference flops
0,0.8984,85.25919771194458,20.11648464202881,0.13685759999999997,53.51124
