,acc_overall,training_probe time,inference time,training_probe flops,inference flops
0,0.5022,52.585689067840576,3.613051176071167,0.20275199999999996,170.7264
