,acc_overall,training_probe time,inference time,training_probe flops,inference flops
0,0.9425,133.1917760372162,21.35836672782898,0.13685759999999997,48.56356
