,acc_overall,training_probe time,inference time,training_probe flops,inference flops
0,0.9461,112.96252965927124,21.23851728439331,0.13685759999999997,45.96256
