,class_val_corr,class_val_org
0,0.2723822182765132,-0.30690863778528465
1,-0.4289299481940302,-0.4512959593563503
2,-0.18340997025677638,-0.21584095037969436
3,-0.2871779612889389,0.3175165820525299
4,0.2642331262783575,0.30772704676439355
5,0.27655076371311715,0.3072989004431117
6,-0.2732400538417774,-0.31652656051433903
7,-0.31644602945918704,-0.3487887690172047
8,-0.35327568054615444,-0.38886716106009556
9,-0.33481430082350505,0.35907668977351354
