,class_val_corr,class_val_org
0,0.2868992103448168,-0.2570938925206161
1,-0.34352054966238854,-0.31627218734172097
2,-0.2610539491421616,0.2211006320397978
3,-0.271267097914351,-0.23895155257706824
4,0.28673623038628815,0.2534008148857351
5,-0.28834751753735,-0.2512914901098974
6,0.31730661253124853,0.28455026422578045
7,-0.3186770228156931,-0.2885847248557562
8,0.2880956710742498,-0.2580117427382376
9,0.35872201172823354,-0.331327486110362
