,class_val_corr,class_val_org
0,-0.30191528879234136,-0.2735184429227159
1,-0.32660838232085393,-0.2977530816361083
2,0.3043044678418634,-0.26573649948152445
3,-0.27238399311020844,-0.2379293534687253
4,0.281852176300612,0.24746272890926346
5,-0.2667515970177873,-0.22617759562661136
6,0.3416051882827559,-0.3096221127037828
7,-0.32454542759625915,0.2930238356082216
8,0.3082605922877485,0.2775940459605596
9,0.33120612745168965,-0.3002239996718745
