,class_val_corr,class_val_org
0,-0.29884810191444877,-0.2679030260116329
1,-0.37082250264074007,-0.344027108760689
2,-0.2925537965004575,0.25181570650433427
3,-0.28460692184174585,0.24992886206343504
4,0.3056445035679698,-0.2721047622898696
5,-0.26830434199824355,-0.2284896857691524
6,0.3023250671264551,0.2659532014873207
7,-0.34696310580162987,-0.3155899510789828
8,0.2909362336446344,0.26036420120720993
9,-0.3275926935909758,0.29556419221036684
