,class_val_corr,class_val_org
0,0.29813569205300544,-0.26733251285488263
1,-0.31697972577834843,-0.28624120656793817
2,-0.2905007735004371,-0.2514340236301843
3,0.29636369315131245,0.26309305065891
4,0.2803896618694107,0.24464516244955037
5,-0.30408266538152195,-0.2632509097797021
6,-0.31300101009668335,0.27619438453033246
7,-0.3480096346358951,0.3175605943544016
8,-0.3210579223570451,0.29229948247053483
9,-0.32002923503647634,-0.2879957125857789
