,class_val_corr,class_val_org
0,0.3106614014857617,-0.28006420797345
1,0.33639467653738275,-0.3057287387100077
2,0.29787804600470075,-0.25533288265686904
3,-0.3040758633483331,-0.26919104948284184
4,0.2929032499163461,0.2578657366843408
5,-0.3143978828089222,-0.27496857009439213
6,0.328856866643329,0.2917342325419929
7,-0.34731129145055484,-0.31572622028858965
8,0.3175078413723982,0.28801631541496286
9,-0.3114058666251423,0.2766627996469121
