,class_val_corr,class_val_org
0,0.26476169340035,-0.29578970261394033
1,-0.439222398780063,-0.4560486645929214
2,-0.22638543957338325,-0.24885081353431154
3,0.29592875778328925,-0.31868025902704555
4,0.3084082227039834,0.3426286604049995
5,-0.292559060539291,-0.31463171871066675
6,-0.2717227022179879,-0.3042735713461893
7,0.3432243570908589,0.3649529305024334
8,0.3654483073915248,-0.39749392674396755
9,-0.34706903502177283,-0.36797214676651974
