,class_val_corr,class_val_org
0,0.33696661652386617,-0.30685476104113285
1,0.334061052521843,-0.30326139460174273
2,-0.30141554734733056,-0.26046653452228297
3,-0.2801816264983708,-0.24425994983259414
4,0.29342719602963563,0.25701621620539783
5,-0.30189336699158836,-0.2620055664205859
6,-0.31658927229291,-0.27984833139982157
7,-0.33914944584013984,0.3067182493466683
8,0.29448357412044707,0.26348373495568217
9,-0.33752477573907735,-0.30454837766088294
