,class_val_corr,class_val_org
0,0.3204203895268639,-0.28914636055341547
1,0.337827143782334,-0.307138201691198
2,0.30205501302145343,-0.2600179681968283
3,-0.2909988178259459,-0.2563109490889218
4,0.279751507028198,0.24218381687102336
5,-0.2966708537302596,-0.25703751230266947
6,0.31934723915347124,0.2827980952702136
7,-0.346469039830708,-0.31488484470536504
8,-0.30829590298389015,0.2771191289881537
9,-0.3195072977661932,-0.2862861953795847
