,class_val_corr,class_val_org
0,-0.295094082637009,-0.2639081175847102
1,-0.3390265819325096,-0.308747200604613
2,-0.29708928898926223,0.2555940746251514
3,-0.2842577801860771,-0.24840837828741497
4,0.2875490974167747,0.25143824101705453
5,-0.31037656832893856,-0.271844896085642
6,0.32369901826367636,-0.28684411829804557
7,-0.3421453726840869,-0.3110812576625986
8,0.3070089681636994,0.2763858976994522
9,-0.32190398984663726,-0.28888069139858785
