,class_val_corr,class_val_org
0,-0.3019773210631032,-0.27100340010489804
1,-0.33732092833412025,-0.3070697580393711
2,-0.2920219942027681,-0.2508004208131196
3,-0.28039428004619155,-0.2452629202200743
4,0.28279012933138586,0.24681052104807252
5,-0.3066479373307269,-0.26876411636381514
6,0.31687455103241363,-0.27999644382754285
7,-0.3380040603723037,0.3070029233275062
8,0.30213160755343893,0.2717504028927402
9,-0.31838648175902484,-0.28580571250199516
