,class_val_corr,class_val_org
0,-0.2607685433215914,-0.2890112577906834
1,-0.43745635602396976,-0.4515058003955939
2,0.2428473611137973,-0.2609040300640929
3,0.29417299893256044,-0.3135867776140826
4,0.32073843712582306,0.35024372927664116
5,-0.2953346317279867,-0.31353515248911956
6,-0.2778032982724107,-0.3047072278154068
7,0.34523997094289405,0.36209895736149667
8,0.3665410169976616,0.3960438855991024
9,-0.351932199874767,-0.37070369877678455
