,class_val_corr,class_val_org
0,-0.30220883350002503,-0.27169655838072954
1,-0.33473899351571956,-0.3045464465406506
2,-0.2903843308549603,0.24950047345932092
3,-0.2779893571347587,-0.24335532624800366
4,0.2838152472928802,0.24861001452800088
5,-0.2990945655106073,-0.26116704588879014
6,0.3073771947722129,-0.2700764274176593
7,-0.33240622193947916,0.3015617788009352
8,-0.3005851784552872,0.2705235276384411
9,-0.3194118520206358,-0.28695586156468644
