,class_val_corr,class_val_org
0,-0.25577339465706767,-0.280890576852192
1,0.438034430427204,-0.44885459917840786
2,0.24884410176590752,-0.262699877955226
3,0.28287672113239043,-0.29893629207818506
4,-0.32624159920493806,0.3515980843001914
5,0.29242316592414785,-0.3074048943885508
6,-0.2763435939146523,-0.29812091140799
7,0.349273700681837,-0.36160540593624557
8,0.35824534437420497,0.384940600909372
9,-0.3557700580969799,-0.37120401814120274
