,class_val_corr,class_val_org
0,-0.24147923518554945,-0.2628578193245009
1,-0.431567527125389,-0.4394232968506624
2,-0.25691286221765086,-0.26680501216213487
3,-0.27477562078757434,-0.2873347797335455
4,-0.3279067152679772,-0.34899485729523533
5,0.289990171883187,-0.3013361287815463
6,-0.27159605415839494,-0.2885681009724352
7,0.35499860469339456,-0.3630743102024279
8,-0.3539226566648645,0.37748529604870706
9,-0.3558118037178266,-0.3679218117383132
