,class_val_corr,class_val_org
0,0.2096977339597773,0.22177588972313464
1,-0.41104429005078136,-0.4112588567327067
2,-0.2607369513757898,-0.2615495616766028
3,-0.2433691373309464,-0.24810175400311396
4,-0.3201995439106976,-0.33215289593539854
5,0.2619183540355322,0.2649133693445211
6,0.26189246306714703,0.2667115403816225
7,0.3598215163780423,-0.35873935566199966
8,-0.3419522654109677,-0.3569151837897666
9,-0.34698357425344356,0.34962890762776744
