,class_val_corr,class_val_org
0,0.16162796455317727,0.15765382713198484
1,0.3784853024444398,0.36791379664953094
2,0.21404197831259653,-0.1981619942447995
3,-0.21679047780964966,-0.20815040377881283
4,-0.2885092385751557,-0.28547815408467403
5,0.20273245002055487,-0.19063761048547423
6,-0.26498398746054663,0.2555862049660643
7,-0.33980059845552457,-0.3256375883701117
8,-0.28066904029372175,-0.27736437438441863
9,-0.30331155829813405,0.2915884620101602
