,class_val_corr,class_val_org
0,0.27801556875482886,0.31580390785700835
1,-0.3649802581198246,-0.3947752948805474
2,-0.09372811330308434,0.13453997696895692
3,0.20219929165520706,0.23730798558683827
4,0.15093685340334886,0.1940838836313586
5,0.2024293865227638,0.24524317832740367
6,-0.2530430957939971,-0.29778022856837905
7,0.21494149203329932,-0.25971778229193054
8,-0.3181312675737549,-0.35591578329776996
9,-0.28917499518854883,-0.3172126925012035
