,class_val_corr,class_val_org
0,0.21389800886514054,0.2010387134424726
1,-0.3389154800399094,-0.32122216141157434
2,0.22617980143060265,0.2024336450396345
3,0.23397389000236968,-0.2176311715494534
4,0.2965600468975313,0.2808257479823686
5,0.22969791501685194,0.2081962430783114
6,0.2543499110238558,0.23613350987620496
7,0.3302718601291772,0.31241475302629734
8,-0.23413911140333787,0.21952418099671556
9,0.2524568354738038,0.2355597890069765
