,class_val_corr,class_val_org
0,-0.23111322154043026,-0.2165183448655857
1,-0.3434010019243213,-0.327176220082646
2,-0.23328056439652484,-0.20623636692964742
3,-0.2574328156097986,0.24149625233973035
4,-0.26306213260073913,0.24412284723499234
5,-0.2244647479438156,-0.2012346889550765
6,0.1807404535821058,-0.15173124806623173
7,0.3501425233613374,-0.33112033414001446
8,-0.28712993520368396,-0.27089856266267565
9,-0.28863164597900237,-0.271794177480697
