,class_val_corr,class_val_org
0,-0.280374474546495,-0.31735169671779495
1,-0.39223704350527283,-0.4202320334293735
2,0.13418990934581904,-0.17513259447727406
3,0.24261689684125265,0.27827674046711015
4,0.19498880857829645,0.2415785408570693
5,0.23968056577373814,0.2793622117490882
6,0.2733262362572079,-0.3215190211546771
7,-0.2552759213192333,0.2988035388357483
8,-0.3264793558517665,-0.3633514554765388
9,-0.30427217697017517,-0.33125074916927666
