,class_val_corr,class_val_org
0,-0.26982250552391374,-0.24844025223488408
1,0.34627496955417153,-0.3261912304398539
2,0.248101905307953,-0.21757552209483
3,0.2631182912943354,0.23929346563926296
4,0.2736972329199516,-0.24864038146213283
5,-0.298756466586546,-0.2722064093162612
6,-0.28024164117202477,0.2547800872580114
7,0.28635028126797135,0.2618056145246165
8,0.24584065431383112,0.22348883096559577
9,-0.24200166596935757,-0.21733146909021617
