,class_val_corr,class_val_org
0,0.2660022756689914,0.24411276306663612
1,-0.3624647279192497,-0.3439227763100645
2,-0.2390651184888753,0.20478343787072623
3,-0.28896605214851967,0.2642297946888247
4,-0.2518242195342395,-0.22408755926688706
5,-0.27684721268034884,-0.24863816479139733
6,0.2502384774220285,0.2218834499704854
7,0.29092570269159856,0.26651541101670784
8,-0.2939305745014349,-0.27418217895637204
9,-0.23299138691683557,-0.20469563048733438
