,class_val_corr,class_val_org
0,0.2662253495803507,-0.24133569934171112
1,0.3764951661931556,0.35587789486834953
2,-0.22470613425259162,0.18525241964753592
3,0.26159049626870956,0.23215124150585845
4,0.23354211154726684,-0.20208759170705368
5,-0.2582646900510577,-0.224799877010857
6,0.3498919809073841,0.32547751652460916
7,-0.32769675674584103,0.3017543337363287
8,-0.2924200036240894,0.2690326688903476
9,0.2893154921139086,0.26211456759775825
