,class_val_corr,class_val_org
0,0.2772953492958375,-0.31306783628313817
1,-0.4144244135857993,-0.43984199207669905
2,0.1601483480147239,-0.1976159948619742
3,-0.2707718071370302,0.3047163417144705
4,0.23438079107632562,0.2808110706873351
5,0.26317653779620753,0.29887542307502546
6,-0.2732130967964325,-0.32066700580250135
7,-0.2922895203345892,-0.33032185070559494
8,-0.3376226747156881,-0.3740560630011469
9,-0.3235242068320334,-0.34916128919300415
