,class_val_corr,class_val_org
0,0.2801928794554904,-0.25638616501282396
1,-0.362477064262474,-0.3399811734106379
2,-0.24644166679555318,-0.20719286886007182
3,-0.25180004823389535,-0.22227771049718525
4,-0.2506532036195986,-0.21949350937453221
5,-0.25661994482610323,-0.22049350887751043
6,0.3492290769180618,0.32276841266777356
7,-0.33521734870028647,-0.30949069857948414
8,-0.2901729482321704,-0.2635246756284637
9,-0.3392304565944467,-0.3129416162259063
