,class_val_corr,class_val_org
0,-0.273659100135283,-0.2440053579681405
1,-0.3549095658195963,-0.3288918934177799
2,0.267070741387018,0.2248824436322222
3,-0.2796937579779805,-0.24857945904544693
4,0.24937797968782918,-0.212536498838175
5,-0.2887089142277445,-0.25335699884972673
6,0.3280151003613417,0.29610667438510646
7,-0.3107191264812764,0.2785700119910841
8,0.2951602230159521,0.26752511165589754
9,0.31201741267152727,0.28384019385429626
