,class_val_corr,class_val_org
0,-0.3022843366338873,-0.27358540277175064
1,-0.3530666374703301,0.3275253490796009
2,0.2780842971620542,0.240105091793209
3,-0.2777533401796014,0.24581834696049357
4,0.2589961437595048,-0.2235925775841468
5,-0.27301682697409124,-0.23412352380849463
6,0.3300710996114726,0.2986835667548234
7,-0.3412199855453694,-0.31192717062529174
8,-0.28112973323322266,0.2509382186084003
9,0.3388104801761748,-0.31021234090891425
