,acc_overall,training_probe time,inference time,training_probe flops,inference flops
0,0.9597,125.36122417449951,18.161230087280273,0.13685760000000002,49.708
