,acc_overall,training_probe time,inference time,training_probe flops,inference flops
0,0.2815,252.00161623954773,83.77755546569824,0.4055040000000001,456.904
