,acc_overall,training_probe time,inference time,training_probe flops,inference flops
0,0.1874,194.8225121498108,14.739882230758667,0.10137600000000002,28.59896
