,acc_overall,training_probe time,inference time,training_probe flops,inference flops
0,0.3692,400.67680835723877,15.861914873123169,0.8110080000000002,1894.25952
