,acc_overall,training_probe time,inference time,training_probe flops,inference flops
0,0.1874,200.66203474998474,25.142324209213257,0.10137600000000002,28.59896
