,acc_overall,training_probe time,inference time,training_probe flops,inference flops
0,0.5118,2062.628580093384,31.8191237449646,1.6220160000000003,5372.31416
