,acc_overall,training_probe time,inference time,training_probe flops,inference flops
0,0.9759,123.3793420791626,21.74404549598694,0.13685759999999997,24.90024
