,acc_overall,training_probe time,inference time,training_probe flops,inference flops
0,0.4917,61.64639711380005,4.710301160812378,0.20275199999999996,170.64432
