,acc_overall,training_probe time,inference time,training_probe flops,inference flops
0,0.9438,153.38251566886902,22.079859972000122,0.13685760000000002,52.93324
