,acc_overall,training_probe time,inference time,training_probe flops,inference flops
0,0.9494,106.03469109535217,30.186245679855347,0.13685760000000002,52.21652
