,acc_overall,training_probe time,inference time,training_probe flops,inference flops
0,0.1325,80.25024509429932,11.700875043869019,0.10137600000000002,37.82012
