,acc_overall,training_probe time,inference time,training_probe flops,inference flops
0,0.5374,5570.113771677017,56.700560569763184,3.2440320000000007,7850.5326
