,acc_overall,training_probe time,inference time,training_probe flops,inference flops
0,0.5027,1492.8482418060303,51.187602043151855,1.6220160000000003,5810.85704
