,acc_overall,training_probe time,inference time,training_probe flops,inference flops
0,0.3245,367.381751537323,34.90814423561096,0.8110080000000002,2229.63984
