,acc_overall,training_probe time,inference time,training_probe flops,inference flops
0,0.5768,4923.100527524948,48.26104474067688,3.2440320000000007,10067.23068
