,acc_overall,training_probe time,inference time,training_probe flops,inference flops
0,0.2145,137.74022102355957,24.213297367095947,0.4055040000000001,650.465
