,acc_overall,training_probe time,inference time,training_probe flops,inference flops
0,0.5685,4892.19193315506,48.42753291130066,3.2440320000000007,9788.9964
