,acc_overall,training_probe time,inference time,training_probe flops,inference flops
0,0.5141,1484.004890203476,34.73946237564087,1.6220160000000003,5603.54884
