,acc_overall,training_probe time,inference time,training_probe flops,inference flops
0,0.2266,110.2116334438324,24.62109351158142,0.4055040000000001,555.796
