,acc_overall,training_probe time,inference time,training_probe flops,inference flops
0,0.3437,349.1838309764862,30.315664052963257,0.8110080000000002,2111.53548
