,acc_overall,training_probe time,inference time,training_probe flops,inference flops
0,0.1493,51.42782664299011,21.798929691314697,0.10137600000000002,34.25296
