,acc_overall,training_probe time,inference time,training_probe flops,inference flops
0,0.5335,6250.300052642822,44.86166310310364,3.2440320000000007,7805.96268
