,acc_overall,training_probe time,inference time,training_probe flops,inference flops
0,0.5466,47.01415181159973,27.095502376556396,0.20275199999999996,131.51268
