,class_val_corr,class_val_org
0,0.0061842650093459454,-0.00976638672848805
1,-0.02049230903064028,-0.020297541082082635
2,-0.003630461110089567,-0.002412249308180726
3,-0.041680741253364795,-0.043643408758407
4,0.011460572436460885,-0.010314959761664994
5,0.012639664703512675,0.014221639683700524
6,-0.02782766496570912,0.02781756032435414
7,0.004006931822812489,0.0042744508833345105
8,0.033032162001176306,-0.032669197002317546
9,-0.02036131719877347,-0.017708191461115692
