,class_val_corr,class_val_org
0,0.16104900288037982,0.20400691978672134
1,0.11366081128437533,0.12436548280988637
2,0.10021725334824075,0.058526061278970774
3,0.07934059302295357,-0.015409815820791643
4,-0.0776307799751862,0.034043301287364526
5,-0.052866464813407274,0.02731387511176402
6,0.00412587102420188,0.16300694966637594
7,0.04839130283855193,-0.02827654617246117
8,-0.23718692490729337,0.2755745469934001
9,0.19397684587270778,-0.22606150146822918
