,class_val_corr,class_val_org
0,-0.17542476446455932,0.2768416719245086
1,-0.2525817978546067,-0.35598880312667186
2,0.003084424981843685,-0.08537241057839554
3,-0.05794451360548943,-0.137801775973598
4,-0.018036718037983308,-0.12098306893779737
5,-0.07868610670593262,-0.17827877385004148
6,-0.13094484031050102,0.23854040051160058
7,-0.10579397039277771,0.2331286167976626
8,0.17939638557312745,-0.3188911787814014
9,-0.20087509265339606,-0.30117140870226583
