,class_val_corr,class_val_org
0,0.29797002815287027,0.17576590062519643
1,0.29769788255172575,-0.17475784757074708
2,-0.23777175022125696,-0.09863454189786444
3,0.24177949378415764,0.12035235951731768
4,-0.26927837534038956,0.1435489257146353
5,-0.28755227616763396,0.171389793793978
6,0.27479260528154115,-0.13624291263138133
7,-0.27977429457194003,-0.1598130271809307
8,-0.2971279333756331,0.17312276283787292
9,-0.28978393757016574,0.1686742114397143
