,class_val_corr,class_val_org
0,0.29520017187433756,0.1628965622611891
1,0.3185163720163117,-0.1894577607510101
2,-0.25570141609575864,-0.11045805432701584
3,-0.2458452968179759,0.1176004871230741
4,-0.2670903497177596,0.13317954759080514
5,-0.2815304387887554,-0.15609221197689338
6,-0.28925774593082887,-0.15314312862764692
7,-0.25801683677629206,0.12415074932777212
8,0.3025222678227654,-0.18339587991057815
9,0.30408849247184316,0.18719744982045133
