,class_val_corr,class_val_org
0,0.2818651877571726,-0.1359679265711478
1,0.31780925667961135,-0.18818563950894582
2,-0.2803045180185231,-0.14551997167442227
3,-0.26506816470934713,-0.13953876871291218
4,-0.25664564466296946,-0.12724058625656798
5,-0.2894102393690333,-0.16244081932945703
6,-0.27911274143611126,-0.13621510507603862
7,-0.299618343212402,-0.17409820625801226
8,-0.297251072683106,-0.1777196937730464
9,0.300555971522808,0.1718895154585011
