,class_val_corr,class_val_org
0,0.2769813568014476,0.13461817382596797
1,-0.335791764014227,-0.21001856976949054
2,-0.2675944609294109,0.1266148953671474
3,-0.2520452510644174,0.12442546854922287
4,-0.2590021649406795,0.13092625910648542
5,-0.3128152532296777,0.1870101664429078
6,0.27675555733793233,0.13555885318581
7,-0.31175142401149203,0.18683682037235314
8,-0.29462106725542736,-0.17071581956939993
9,0.2922526373511529,0.16274990024083488
