,class_val_corr,class_val_org
0,0.18389896141422193,-0.2775362070740348
1,-0.26550248183162484,-0.3604653625713252
2,-0.004594455754785651,-0.08598694918036172
3,-0.0655917919834049,-0.1421851800622542
4,-0.023645496637349103,-0.12029854669218029
5,-0.08794262461715267,-0.17905108621344334
6,-0.1296450671038057,0.23302873629266485
7,-0.1275139361996228,0.24197050540966686
8,0.17085957806426422,-0.30220889884416524
9,-0.19778929577282992,0.29284381928639935
