,class_val_corr,class_val_org
0,0.3222086645755933,0.18575980228919065
1,-0.3322217086522712,-0.19820187269210482
2,-0.277704816795916,-0.12944303984216143
3,0.25075858657623706,0.1129174647615926
4,-0.251636391970546,-0.10802181236929986
5,-0.2940980330870656,-0.16386922446466157
6,0.3036507102769901,-0.16061220385423097
7,-0.3092835296658746,-0.17916292563425174
8,-0.293507054901577,0.1571850021940367
9,0.30548658562384534,0.17059104077486595
