,class_val_corr,class_val_org
0,0.29708228898957445,-0.1518041694168016
1,0.34588877352504255,-0.2185691828910413
2,-0.3064907830877831,-0.15647184358864835
3,0.2832546295167969,0.14427227231308287
4,-0.2545200609831665,0.11063667431433086
5,0.291881296172665,0.16496180032752683
6,-0.2905779811950192,-0.13920438371735172
7,0.3161835968595047,0.17922404906368974
8,0.29298600082395165,0.141733407046549
9,0.30602998707286255,0.17556348533152588
