,class_val_corr,class_val_org
0,0.3034863499387801,-0.15964850159969532
1,0.3312762495158644,-0.1988137579034246
2,-0.2941295759305227,-0.14211377133185088
3,-0.2632542422988027,0.13180928705435124
4,-0.2666969926494884,0.12439726900538106
5,0.291921394438299,0.1531072483750137
6,0.3003510684722556,-0.15298403274115374
7,-0.3099917731305659,0.17985397644954348
8,0.308660669405347,0.17086602303873977
9,0.32595303930326297,0.19929802302448651
