,class_val_corr,class_val_org
0,0.3139700967116681,0.17514254564279774
1,0.3332183375123844,-0.20056507935471626
2,-0.2769584795629998,-0.121263742103355
3,-0.28997451478510716,0.15540673952050993
4,0.26632137634935177,0.1250995904193522
5,-0.29496039797087276,-0.15792893428790084
6,0.29149636608887114,-0.14147892721070385
7,-0.32145630148344256,0.18750440497207332
8,-0.31943983868596654,-0.18792265052261353
9,0.3107690088149074,0.17099484644916946
