,class_val_corr,class_val_org
0,0.3072789853685361,-0.1728335983173704
1,0.33209343832938876,-0.19208604311938493
2,-0.2918746389550313,0.1350314076185633
3,0.2861536233611701,0.14285995497783216
4,-0.2580167755126641,0.10621181955921766
5,-0.29885270244807016,-0.1557144343603035
6,0.30580916248434054,-0.15686654270625533
7,-0.3613416733080129,0.23324508085339626
8,-0.2970939143179877,0.15711054153671106
9,0.2996721877096353,0.15804562358578048
