,class_val_corr,class_val_org
0,-0.33239237442681735,-0.1850500864437033
1,-0.3496360370182096,-0.2128285826057087
2,-0.30927099558177484,0.15251225195524185
3,0.26439508088207503,0.11615662493027472
4,-0.2683546845871322,0.11534288554084055
5,-0.29712475963579676,-0.15102260097376846
6,0.31811787124132956,-0.17646581021487445
7,-0.33184217565223406,0.192336701588823
8,-0.32115438927450735,0.18142266542080585
9,0.3453883944779328,0.21600144924273523
