,class_val_corr,class_val_org
0,0.31621706406868716,0.17059761759032938
1,0.3813697739885046,0.2522350809378369
2,-0.2864877722801741,-0.1286890160900146
3,0.29771051073977806,0.15467003941556412
4,0.29068082388646865,0.1404808925977774
5,0.29705289952136726,-0.15584581278109935
6,0.3287285548505071,-0.17605922361293758
7,-0.33240135079442357,0.19092559984166615
8,0.3093047538827115,0.17182875532990033
9,0.30655215797346447,0.16030414937912407
