,class_val_corr,class_val_org
0,0.19796721180820837,-0.2707162100686618
1,-0.2644048603440562,-0.34009966469828606
2,-0.027715805272877956,-0.0928537292203932
3,-0.0862291333199981,-0.14941456682834156
4,-0.0501418126499988,-0.1285179883558543
5,-0.11155767227546559,-0.18484445759668966
6,-0.13085963207363455,-0.21761737456525287
7,-0.16601264378590197,-0.24798549083021537
8,-0.17255645900390762,0.275227707338052
9,-0.17494563164383614,0.2537707816021588
