,class_val_corr,class_val_org
0,-0.3095355993330229,-0.16738023318174428
1,0.34470639327423425,-0.20240325820967012
2,-0.3212038181653615,-0.16486477640102792
3,-0.31855441125199624,0.1765195715739543
4,-0.2820189212555665,0.1331520397355511
5,-0.2920705497632628,-0.14696972928488208
6,0.3350441350052624,-0.18319311581529366
7,0.33106745626550527,0.18635907262677895
8,-0.2990520218868504,-0.14750871358255854
9,-0.3402530140985542,0.20200223805066153
