,class_val_corr,class_val_org
0,0.3074140591629758,-0.16329514727416944
1,0.34344333496917234,0.20109476963142292
2,-0.3030212428932747,-0.14250263537462926
3,-0.3153404088453875,0.17401580759493945
4,-0.27827321731671606,-0.12068017073189813
5,-0.3055973600930387,-0.15822452230011308
6,0.3018097670493468,-0.13684608931909564
7,-0.3380309899750269,0.1983519305430207
8,-0.3162220633592113,-0.16561880166422732
9,0.3495075219872505,0.2099898665018876
