,class_val_corr,class_val_org
0,0.33576205275702886,-0.1856600313401367
1,0.35816417748978935,0.21955284692384333
2,-0.29360963593133516,0.12753058334878234
3,-0.2953407599764316,-0.13989349054274136
4,-0.3157773396119969,0.1599304005846364
5,-0.3219762971581105,0.1718431234853074
6,0.3354828740026371,0.17589922848230286
7,0.3240165337767293,0.17340918645045625
8,-0.3144218692253385,-0.15486124465887793
9,0.3536403705225079,0.21089768164534994
