,class_val_corr,class_val_org
0,-0.20124958592990194,0.26100310685462186
1,0.262635550854215,-0.32508763690296555
2,-0.03699515473527912,-0.094596236806097
3,-0.091394001004019,-0.1462571841775071
4,-0.0668255135653705,-0.134392257693086
5,-0.12243616727353719,-0.18639266109886843
6,-0.13143882972322693,-0.20679633898892022
7,-0.18206350708227576,-0.2463904519964308
8,-0.17772706047370015,0.26460323762838256
9,-0.16884223550558247,0.2346804869217607
