,class_val_corr,class_val_org
0,-0.3402784475774411,-0.19305943656720012
1,0.32594316507780097,0.1776030504095947
2,-0.3037596835197073,-0.136880224947525
3,-0.3069025008767544,0.157692143902397
4,-0.3207224296672433,0.17051938759798926
5,-0.32130278667044937,0.1715160301866861
6,0.3298676127537937,0.1659522655421829
7,-0.3432183624319729,0.19754807064526647
8,-0.3269218763721472,-0.17615961230644367
9,0.3458285588812443,0.19933151174905692
