,class_val_corr,class_val_org
0,-0.3302767690534437,-0.18064976675878108
1,0.3436279345981851,-0.19937838102692196
2,-0.3067441116926233,0.14170023662641565
3,-0.2993050847054638,0.1486468459839434
4,-0.2859967656869391,0.12571610547386952
5,-0.3239269833158076,-0.1781265512014954
6,0.34064826174460994,0.17949950261216643
7,-0.3409096929231682,0.19449744763534182
8,-0.3193019416994946,-0.1627712571172578
9,0.3322957137629299,0.1845910074127571
