,class_val_corr,class_val_org
0,-0.324941572128353,-0.17872937302569378
1,0.34245267797206586,-0.2009513505790969
2,-0.31051364561380485,-0.1509838600671892
3,-0.30550406987778445,0.15822650189230575
4,-0.3029347106129765,0.14969378767324093
5,-0.3056064729821501,-0.15789298200486956
6,0.31948663631639135,0.15363756714517868
7,-0.3446218940575335,0.20158483733118832
8,0.3157149840276603,-0.16266538794934
9,0.32411576356550653,0.17656322643270186
