,class_val_corr,class_val_org
0,-0.31405931775675316,-0.16402412699385788
1,0.33694951555628044,-0.19752287955907827
2,-0.30333821053699983,-0.14353955922100625
3,0.30196525932361085,0.15682299841131594
4,-0.2945125383483575,0.13951661517493832
5,-0.3154406408800073,0.17413303224891022
6,0.32119661190866744,0.16229204645666284
7,-0.33721393103439806,0.19230058297119815
8,0.3131799336709883,-0.16671918216371898
9,0.32698030664571537,0.18145481439649663
