,class_val_corr,class_val_org
0,-0.1670148970039324,-0.2647443841724177
1,0.14443246496978399,-0.18478612922445664
2,-0.07239940774421687,0.009215357664807786
3,-0.03566467124829888,0.026241662948275096
4,-0.03721921393875714,0.08055700728176612
5,-0.022177998827260164,0.07699472832232579
6,0.061870870841160386,0.19954683008563817
7,-0.013174607303173382,0.04454850357565913
8,-0.23696616759198497,0.3184739687452196
9,0.21733343842250277,0.287684321336332
