,class_val_corr,class_val_org
0,0.20679403344395042,0.25227947767553627
1,0.2622977071050006,0.31181181200850294
2,-0.048716356844907355,-0.09815178265927339
3,0.09449224771613295,-0.13911711713045924
4,-0.08170333903743106,-0.13926595485367108
5,-0.1285184290627957,-0.18256366164424964
6,-0.12677977865608595,-0.1884074502304196
7,-0.19795045635397646,-0.2447724419666441
8,-0.18034570474994163,0.24997960216774873
9,0.16569954073843876,0.21875889851385863
