,class_val_corr,class_val_org
0,-0.3186089516605329,-0.17433889746441547
1,0.3369576759553982,0.19736323461854105
2,-0.3063329702184109,-0.15038285001170976
3,-0.298721867170534,0.15400339139951547
4,-0.3038349294854104,0.1517107332010795
5,-0.3098207086673582,-0.16444641892463815
6,0.3055621807984501,0.1408931962323066
7,0.33354363986328334,0.1889135170793961
8,0.3092709281725118,-0.15969439131431223
9,0.31359673540362804,0.1648062506464842
