,class_val_corr,class_val_org
0,-0.31482353490763865,-0.17130668836586865
1,0.33256370486103976,-0.19340179693302834
2,-0.2992299701755309,-0.1422706132788373
3,-0.2989940468380586,0.15703682941461483
4,-0.29870295778375144,0.14825000289873413
5,-0.306137768350381,-0.16254954281309816
6,0.308341629211946,0.1469590354449679
7,0.33053013721313773,0.18694661996686654
8,0.30796287715456777,-0.1602860001053778
9,0.31806343023043926,0.17407815745852176
