,class_val_corr,class_val_org
0,0.21767009062525158,0.2315636355655642
1,0.25584649328810705,0.2667193651143943
2,-0.07579207530718685,-0.09970939491254496
3,-0.09389520265669221,-0.11391449639037321
4,-0.1162147736994476,-0.14443283087223788
5,-0.13581710950555115,-0.16532735819290523
6,0.13069303796910778,0.16294831803382825
7,-0.23198099663209937,-0.23895017758182457
8,0.18930266081631722,0.2197422283910338
9,0.15979351388826016,0.18194314690227043
