,class_val_corr,class_val_org
0,-0.21227807695585005,-0.19622821670869067
1,0.24967424509889335,0.220692478917259
2,-0.11618429140274449,-0.11381741848155263
3,-0.09643570297754633,-0.09277224258738369
4,-0.15440649121847672,-0.15699450772528611
5,-0.148568000441391,-0.15283430569108275
6,0.14310896805401432,0.14203974864562546
7,-0.24484596618630802,-0.2176333991233854
8,-0.19661706641656462,0.2011337987113329
9,0.15459082178402772,-0.14444661462564132
