,class_val_corr,class_val_org
0,0.2132876459089701,-0.1731414596611104
1,0.23791890116065761,-0.17701093790762343
2,-0.1273647161513338,-0.10459139581853487
3,0.11348936662589446,-0.09062036098865173
4,-0.16989710844331438,-0.15132131573243918
5,-0.16329828977165478,0.14441345882444645
6,-0.15905670101662137,-0.13766612376748927
7,-0.25577751766979756,-0.2039067404837534
8,-0.20234845744913466,-0.17975662336157572
9,0.16400029086175394,-0.12739582733366006
