,class_val_corr,class_val_org
0,0.16123717833951268,0.2790584616411921
1,-0.17768762305699254,0.27438149822670377
2,-0.03205694111947565,0.05291904116073069
3,-0.021520658437729927,-0.0871864679743726
4,0.0005939304697575813,0.10311528005853705
5,-0.04853569512856497,-0.16486816017687508
6,-0.11690651153971665,0.22117667458161427
7,-0.026785900028969085,0.12705608292076356
8,0.20141585556454933,-0.3262502665498029
9,0.19340913056831355,0.29698066624381847
