,class_val_corr,class_val_org
0,0.21938590156347657,-0.15984345537954686
1,0.23128092550412183,0.15540247643010127
2,0.12948260922903815,0.0892632054261437
3,0.12667315585236896,-0.0909802476311575
4,-0.16852270393719643,-0.13118705343987672
5,0.1584868184341454,-0.12297209938820111
6,0.17481147888494009,-0.14002392149586787
7,0.26927235550491685,0.20230905655305212
8,0.2165190147097224,-0.17425464436118168
9,-0.165234666635801,0.11055176230010055
