,class_val_corr,class_val_org
0,0.21617137861323493,0.14463110290156952
1,0.23983029349586749,0.1566134534055454
2,0.1529085856990594,0.09946954138609956
3,0.15184483882197924,0.10595881239238011
4,0.16925270651429583,-0.11993937981953945
5,0.1511422592810929,0.10405605440441155
6,0.19631774432440563,0.14801708110550937
7,0.23698987437228153,0.1608944484287952
8,0.18639526830111472,0.1263898088410761
9,-0.1946656302763388,0.13481688000294548
