,class_val_corr,class_val_org
0,0.21607242674353286,0.13720714788024987
1,0.2826716466711735,0.20890144305357142
2,0.17375352330526533,0.11181220417500776
3,0.17185442505167806,0.12183146430429913
4,0.1646906222707387,-0.10039388636149557
5,0.17102467540310157,0.1182607909486496
6,0.15664875401265588,0.0956277339114478
7,0.21062764013845792,0.13093732073653347
8,0.17175663438120212,0.1076081270855029
9,0.21285080106206025,0.14714711726175145
