,class_val_corr,class_val_org
0,0.23969974238802683,0.1555901073571533
1,-0.294314520321704,0.21233121824977333
2,0.16607870215139417,-0.0915973951507926
3,0.16200187588475662,0.09851614894797657
4,0.19169478151195532,-0.1258170824046861
5,0.12579282836957262,0.05639287783649284
6,0.20150389707525118,0.1303825300604568
7,0.22300272495654325,-0.13989540882958104
8,0.2086860763797281,-0.13053415694870704
9,0.2387692516351128,0.17324035086770773
