,class_val_corr,class_val_org
0,0.16313766006079997,0.2754067182562126
1,-0.20394244335312967,-0.31125659314238835
2,0.022849836539879008,-0.06687105052150552
3,-0.0419315706049686,-0.12015750940143698
4,-0.008097575356594855,-0.1161173884118551
5,-0.06418709475261122,-0.17722402548037017
6,-0.12732099510512293,0.2347123545698665
7,0.060972808878486495,-0.19156621312261737
8,0.20126330761971117,0.3377048312349813
9,0.19333860787909507,-0.29926610523201225
