,class_val_corr,class_val_org
0,0.19896456312841868,0.09823538135854648
1,0.24689067914641752,0.1546726402950651
2,0.24487757296921692,0.16609298555379937
3,0.21436594893507785,0.14331326999643423
4,-0.21953829303886982,0.14245141896868072
5,0.22523193735105915,0.14919201196551202
6,-0.12769428655826398,-0.03053511750025979
7,-0.26491669733690204,0.17589718461060516
8,0.25947305634453555,0.18353509310516997
9,0.11193387715114812,-0.025905545537826223
