,class_val_corr,class_val_org
0,0.3089231729520575,-0.22537315547633863
1,0.25456191975518555,0.1612496646896976
2,0.2462229453766508,0.15212766784742587
3,0.15893982367109416,0.06980478688981989
4,-0.1659779382316301,0.06845416648423955
5,0.19796568264920217,0.10616378950337502
6,0.1500200523723756,-0.0317536144653697
7,0.2212997279083868,-0.1208612749252482
8,0.24497078737778377,0.14257245100576854
9,0.2818071797213384,-0.19597578835303064
