,class_val_corr,class_val_org
0,-0.17128163906982513,0.2802780476639601
1,-0.2311230828874981,-0.3391555398812026
2,0.015679193524771796,-0.07481629219989677
3,-0.05262722595915774,-0.13373681801803805
4,-0.011498816525996384,-0.11754761154290873
5,-0.07314083886973252,-0.17917995956655822
6,-0.13071885429441774,-0.23921683873198882
7,-0.08547072361247696,0.22067077900624335
8,0.19287078860494275,-0.3346102208784832
9,-0.19774285670619768,-0.30287027462541133
