,class_val_corr,class_val_org
0,-0.2487898415827783,0.13195013108112852
1,-0.31085248277310124,-0.21039252364077776
2,0.22269187088628312,0.10051742289122799
3,0.2303708039686952,0.12621695088133633
4,-0.19525416955614114,0.08102532834129655
5,-0.2467942390264037,-0.1467865408778522
6,-0.21404993932086303,-0.08358984183630104
7,-0.2846352857528261,0.1815901601479395
8,-0.2605177065989311,-0.15972000087087002
9,0.24846219785740814,0.13827761983401332
