,class_val_corr,class_val_org
0,0.2620529357986704,0.14195494226235866
1,-0.29528716592237436,-0.18663357117014057
2,-0.23138348024015828,0.10513326575805661
3,0.2334452328990386,0.11901631564781626
4,-0.22580558493758843,-0.11013873781104361
5,-0.2807716451982306,0.1772064336991092
6,-0.224704544727269,-0.086966471470902
7,-0.3032351752407802,0.19555706196191033
8,-0.28451970102053337,-0.17541043739158726
9,0.252326910105095,0.13129278748128914
