,class_val_corr,class_val_org
0,0.2848854351064385,0.16970320371777334
1,-0.3018248853531722,-0.18578002834350812
2,-0.2470271930626436,0.11570682047339226
3,-0.22850001542021448,0.11011939410028514
4,-0.25195965825943323,0.13123071651369433
5,-0.2783892826244112,0.16849408830150311
6,0.2584474844682016,-0.12573272865290439
7,-0.28783430347427497,0.17312429561040166
8,-0.2629638813985852,-0.14730038591950723
9,-0.25634328834502645,0.13619195341964652
