,class_val_corr,class_val_org
0,0.3045272219302757,0.18535524509611928
1,0.32903165121826905,0.2161833678988671
2,-0.23752932911302965,-0.09892190105502763
3,-0.24574198898933464,-0.12409461891547485
4,0.2289418878218465,0.09959977612671925
5,-0.2665104318708614,-0.14635791806895032
6,0.28283552030297704,0.1487881002449007
7,-0.2749407825919913,0.1566680032535693
8,0.27389079036927744,0.15074076615260085
9,-0.2732003616634798,0.14844767827134553
