,acc_overall,training_probe time,inference time,training_probe flops,inference flops
0,0.515,154.77173972129822,15.298484802246094,0.20275199999999996,172.73736
