,acc_overall,training_probe time,inference time,training_probe flops,inference flops
0,0.7919,143.1796956062317,26.75440287590027,0.13685759999999997,44.11296
