,acc_overall,training_probe time,inference time,training_probe flops,inference flops
0,0.9551,104.69781613349915,27.850942850112915,0.13685760000000002,49.31496
