,class_val_corr,class_val_org
0,0.009035283289096955,-0.004916840005378101
1,-0.04327769938024692,-0.04280828325403284
2,-0.013021015512208437,0.013351268681101031
3,0.011841142676141503,0.009638740948140568
4,-0.0058680260095676975,-0.0034988644791252316
5,-0.010030726928135746,0.008185148577045935
6,-0.048047773149155336,-0.0484815778920254
7,0.030726552955556423,0.034850093532988694
8,0.014593962308313705,0.014162614321663524
9,-0.006526607592800499,-0.0009356072314780917
