,class_val_corr,class_val_org
0,0.005268236124593654,0.0016334692795765514
1,-0.030472060572613886,-0.03181581603446974
2,0.006310859762944918,0.006422067870402337
3,-0.003242101141955023,-4.443858346401576e-05
4,0.017607547894533622,0.01599274745711799
5,0.025488695328272033,-0.026106783402105208
6,0.02137413555679774,-0.020914247997768882
7,-0.017116758526604065,0.021211482096099302
8,-0.005301671779486355,0.006504272733314918
9,0.008501923870011828,0.012601991932438338
