,class_val_corr,class_val_org
0,-0.0068049986216593555,0.012161444770767488
1,-0.08127498618347131,0.09509688763781192
2,0.008049812044689339,0.008922251325837096
3,0.03632396643448507,-0.02681953539864208
4,0.059531216936428384,0.028678778530165545
5,-0.010278437785487322,0.004488352308141692
6,-0.014499015296153314,0.015519384705861127
7,0.0004838839000923748,0.005516575992696974
8,0.020865963588272758,0.03151280838489195
9,-0.03279572376820798,0.03528073180796268
