,class_val_corr,class_val_org
0,0.2547011307748832,0.027809682240014198
1,0.2738175717623933,0.02025173039616112
2,0.2759548824434369,0.02272935203584986
3,0.21310309161014146,0.03501304722695306
4,0.2529883333631824,0.00611558241000344
5,0.2928796229857295,0.043443904163251036
6,0.2811411620359389,-0.016192091292521887
7,-0.2686219141321935,0.007335903427874315
8,-0.2286279067897362,0.04659645408438519
9,0.2645465563593302,-0.009271947669821798
