,class_val_corr,class_val_org
0,-0.30676142412629553,0.016457232216334706
1,0.2536962820511237,-0.01697132449913754
2,0.27550150336809676,0.002558927615523299
3,0.24049250647782305,0.019375506122774246
4,-0.2766000878200836,0.018357464949502803
5,-0.24979420559796217,-0.017054260773091533
6,0.2667380909859043,-0.013896103994580937
7,0.28739166817488276,0.021111930136966307
8,-0.2534458511813474,-0.025323887658375094
9,-0.2853855391163097,0.011243670150606523
