,class_val_corr,class_val_org
0,0.2831030112594679,0.01493950621954852
1,0.26772491380476204,0.007106816449742347
2,-0.3085734232800086,0.040271841396852484
3,0.25983460418453264,-0.0001555768808203413
4,0.2851258413291892,0.022221179526980203
5,0.2603301515216607,-0.011898032524173752
6,0.27912479032309623,-0.0007028247481203932
7,0.2810527921556596,0.007280332577700763
8,-0.23833775851582917,-0.03744095930804742
9,0.26657329302789345,-0.0061022581070834326
