,class_val_corr,class_val_org
0,0.27929987285432045,0.019342849597840772
1,0.30108883460922276,-0.020119818535560594
2,0.3021519799114773,-0.018074283627075662
3,0.2724704941862062,-0.00626017278151831
4,0.30461148822242456,-0.04304280935242956
5,0.2956837151953993,-0.022110876965881664
6,0.2762919856598104,0.014602672731812608
7,0.2672624331415701,-0.01224429096251034
8,0.23132767749536387,0.05961829168878839
9,-0.2912228885850787,-0.006504236544094866
