,class_val_corr,class_val_org
0,-0.01108383244173235,0.017121349213853932
1,-0.08562229286776817,0.10173817923349643
2,-0.014763979710448863,0.015334434911873043
3,0.04596433672092975,-0.03538789887050333
4,0.06732455091581975,-0.029552051649663565
5,0.0013663796258936976,-0.0058460939637731925
6,-0.014889942532078107,0.017797348603379233
7,0.004441794322709259,0.0009378614208580358
8,0.024433897883108825,-0.03804644725602874
9,-0.03380130883977326,-0.03637484622698712
