,class_val_corr,class_val_org
0,0.28550985546024815,0.02208908490353372
1,0.28682535458051367,0.0031281620783597027
2,0.3025970929728065,0.014989650617090719
3,0.26224522102349085,0.015708236669756407
4,0.3066579590727059,-0.045458244643791605
5,0.2900253116437172,0.011360120349910283
6,0.27789371614803715,-0.02250074477822008
7,0.2981840915102969,-0.01611876678296595
8,0.2651449686325501,0.02619423990990872
9,0.30429624941658484,-0.014466673133327206
