,class_val_corr,class_val_org
0,-0.30298262137724763,0.018216368585383697
1,0.2751635233289287,0.023759723558532973
2,0.3273917185680657,-0.03378847843112735
3,0.27557655951484217,0.0007754135703943212
4,0.3064927294819939,-0.030220079801461387
5,0.29831806024198715,0.015137729813777721
6,0.3040161574822381,0.016340295650238285
7,0.2918497059352745,0.0024582367200056353
8,0.2956923051687138,-0.005840642171410511
9,0.27747273070681006,-0.011582668501546578
