,class_val_corr,class_val_org
0,0.3296457977140026,-0.004324172859182369
1,0.2597792702090791,0.057513731683853556
2,-0.3197942209312863,0.015122769202201394
3,0.2754045160119912,0.02068918254762464
4,0.2983569801491651,0.009932098458849861
5,0.3175865853185522,-0.02787792128723507
6,-0.300495542849408,0.018583898900393924
7,0.2975023176640458,0.0019922749227764755
8,-0.3087442370083624,-0.004757804097925854
9,-0.3198324625502687,-0.02855668611092313
