,class_val_corr,class_val_org
0,0.32414672512550463,0.0010125799933148778
1,0.31532277602408215,0.0059948369425555925
2,0.3198619987220439,0.009326891290714324
3,0.29406520008734516,-0.0086475402624436
4,0.3284663023883558,0.04036683475151404
5,0.30783828080310527,0.008789392775264485
6,0.2837070981414188,0.04212443926761479
7,0.27978673291346445,0.03189196062284525
8,0.2919885120416633,0.02451359055402267
9,0.32566727784742133,0.023542081687627177
