,class_val_corr,class_val_org
0,0.014335263247126525,0.020489088340461075
1,0.0827205351148868,0.10066029137178734
2,-0.024118455237401103,-0.02360151790186421
3,-0.05423178966654179,-0.043272508258047286
4,-0.07422826800764479,-0.028877900029396046
5,-0.009667798469785573,-0.017453180029650066
6,0.015053412853207607,0.022165110475198826
7,0.011018846991621773,0.005570710674912135
8,0.028517324525645482,0.04580901563491196
9,-0.03328316983675357,-0.036012135084120094
