,class_val_corr,class_val_org
0,-0.33722901304693137,-0.019348703211771682
1,0.29988961959649024,0.019975227619424774
2,0.3115219936609004,-0.002774647789989069
3,0.29416253339336706,0.0008561174012306771
4,0.3327905992258505,0.04609405558318874
5,-0.3169170562533792,0.018410552943044008
6,0.29645168533750615,-0.03325252441589027
7,0.2957396988915137,-0.014166394332962375
8,0.29268908131033605,0.022961059054655446
9,0.315073263066658,0.0175829637905509
