,class_val_corr,class_val_org
0,0.3378656465512623,-0.0113790965636572
1,-0.3258880842393225,0.015996001112343484
2,-0.33388556762517374,0.02874862575487075
3,0.29137050279101034,-0.010466581198292631
4,-0.30730594563029145,0.011571407308758504
5,-0.31934361617108664,-0.008025323580912408
6,0.3166628947768496,0.013080554438435376
7,0.2970457341497687,0.010683568924138279
8,0.2933637651989005,0.029691314372203924
9,0.32761531161724056,0.025009791921149382
