,class_val_corr,class_val_org
0,-0.3295925706192382,0.016410863280894507
1,-0.3262017295178083,0.0001957904846656769
2,-0.3310981990843143,0.0018350204686995485
3,0.31364942447627403,-0.0006238923347307267
4,-0.3246832253959568,0.013454133523709477
5,0.31672506031930203,-0.012103886993645643
6,0.3223529850232434,0.016531193797323582
7,0.32320532493597054,-0.002250225832487727
8,0.3194244602610432,0.013011362437156811
9,0.3432403792952879,0.025361598441150934
