,class_val_corr,class_val_org
0,0.33085998354989893,0.02669946874370005
1,0.31410392586584246,0.01511161137537177
2,0.31793270443558447,-0.011533300714745346
3,0.3271471296706181,-0.02028403957092734
4,0.3387497508987518,0.017554284779759486
5,0.3308425586353894,-0.010071668074704335
6,0.3275697623739696,-0.003576903405815228
7,0.3226071013311025,-0.004290179510397877
8,0.3085277545208136,0.016190764813271294
9,0.33801107852184575,0.027658356054671464
