,class_val_corr,class_val_org
0,-0.3695823032119817,-0.01948328437745325
1,0.3409743093434574,0.0010097827677123163
2,-0.35192430796736524,0.013761140192876942
3,0.31302809485968974,-0.0076514466768263616
4,0.3328661055783301,0.007871714119293861
5,0.3220476611412316,-0.002519658503362602
6,0.3212102222480103,-0.042641686715183286
7,0.33542664565237323,0.005719177093959967
8,-0.3470067185183284,-0.015931328934975477
9,-0.34518628222811976,0.008617392824076605
