,class_val_corr,class_val_org
0,-0.3447279912088717,0.016622061997507195
1,0.3368127256749731,0.0007992610959094964
2,-0.33780361182885477,-0.009177529854427357
3,0.32276806993204266,0.0011856524943041017
4,0.34532471315233776,-0.024017589828421816
5,0.3341172743538434,-0.0006604481612718909
6,-0.3291438607552412,0.02361083100584119
7,0.32803798143077345,-0.006592458935675944
8,-0.3359463098613509,-0.007718858280115834
9,-0.3422562543848514,-0.017209158925113086
