,class_val_corr,class_val_org
0,0.3324508308633833,0.026573842538972912
1,0.31608028000412614,-0.035283412915067675
2,0.3389309816358633,0.010233023177969439
3,0.3446369488251866,0.033229147463460916
4,0.3451541267219885,0.022508555337216768
5,0.3145026234274616,-0.01716435783064205
6,0.32437106485330675,-0.024478506752584783
7,0.33693358529530704,0.018033005337887965
8,0.32303001720855173,0.009487926225014058
9,0.34214795201917525,0.025912034343278125
