,class_val_corr,class_val_org
0,0.34907629435189813,0.019179970713388686
1,0.3571523963431436,0.011231174626287886
2,-0.3456456131510243,0.0011010318134632513
3,0.33053723095165216,0.005900200175494044
4,0.3421067232030524,0.00920668990359657
5,0.33582179306392274,0.0017779921139244189
6,0.35065818901950285,-0.007480861333264879
7,-0.3365302071641806,0.002860313069253084
8,0.3407480526838441,-0.005105446840540407
9,0.34484966216853113,0.014748725636970949
