,class_val_corr,class_val_org
0,0.35800303244083803,0.0030370353620324947
1,0.3468668374908299,0.0005312776917574171
2,0.3355763916304524,-0.011178741558923629
3,0.3397503760592421,0.021643888560311658
4,0.336463090393771,0.007127408682018308
5,-0.3366502323823187,-0.0011323031235827541
6,0.3354326696761145,-0.019188573581414937
7,-0.3264453599326642,0.008529548301123034
8,-0.3376137283122239,-0.0011121135664743775
9,0.34661357491301314,0.017828050814208508
