,class_val_corr,class_val_org
0,0.004277170255147235,0.0007365872714978905
1,-0.036291792085120136,-0.0393112744824998
2,0.004654912116137763,-0.004914928182817281
3,-0.0055311310852734965,0.0015593183437862855
4,0.02234420321948861,0.017535056565611655
5,-0.025573330246184897,-0.02539988334228118
6,0.019834491347850015,-0.01950633263479855
7,-0.015581091451049073,-0.01938392563961704
8,-0.007090605955981109,0.009546152536323361
9,0.012476838975974588,0.016237173105034187
