,class_val_corr,class_val_org
0,0.004945514844855205,0.023349352390590328
1,0.030512691165193208,0.051097052459942796
2,-0.0715310276405836,0.06055399072880058
3,-0.049022108811730636,-0.0377288808476811
4,-0.0847624029193575,-0.019573675331650088
5,-0.046460497609422356,-0.04860715963823102
6,-0.005212231766648794,0.041670725103670286
7,0.032152481241637845,-0.03617878025324367
8,0.03451354808258959,0.05819640078440355
9,-0.031243857526096933,0.020493179168983428
