,class_val_corr,class_val_org
0,0.3387075972332796,0.027971976935310835
1,0.34544138592347845,0.007973721577696054
2,0.3322585557549762,-0.007705982822651527
3,0.32269399590037884,-0.0048791521279472096
4,0.3299083535321159,0.008466178310387222
5,0.33636267732104197,-0.009332884354501952
6,0.340283397975355,0.014034977298310401
7,0.3315323393031349,-0.004797468140203178
8,-0.33788986198275806,-0.008771625405469094
9,-0.3403637187866199,0.01423425074267262
