,class_val_corr,class_val_org
0,0.33780308423613137,0.023062048655362485
1,0.3338606664889634,0.0053783586487206395
2,0.3266217301294905,-0.013256133784033397
3,0.32361963239753033,0.010141182157353806
4,0.3387241431483048,0.024835229894441667
5,0.32731996466534496,0.0013419457690298166
6,0.3331466870863775,-0.015065055347980166
7,0.3282880921624548,0.002581906852913269
8,-0.336042086966973,0.008293260401738969
9,0.3330402261474179,0.009118892147599318
