,class_val_corr,class_val_org
0,-0.33712925646091607,-0.01732771284756572
1,0.3279102686167604,0.009000330049501697
2,0.3295442572826944,-0.007181149303098314
3,0.3263691794324022,0.015189291261871426
4,-0.32036768217745837,0.007502110744623086
5,0.32965753374241746,-0.0029503205107179247
6,0.33484430307995056,0.0047179599199688275
7,-0.32445190119614925,-0.0018832331740931442
8,-0.33372920083143626,-0.010072631519173045
9,0.3357392603242122,-0.017664083198902933
