,class_val_corr,class_val_org
0,-0.019033117671529744,0.037321835653415854
1,-0.023660889838325136,0.009919665166251236
2,-0.12762517492136038,0.09654930700532025
3,-0.020526342617774154,0.004609175662898292
4,-0.07067009930772059,0.007053528347769757
5,-0.07519207679830917,-0.05699911661583369
6,0.00703798406705574,-0.05903076692858261
7,-0.005416473255160523,-0.02066339812279904
8,0.028334375115659928,0.05263567385503044
9,-0.05626303702414674,-0.018495357156310944
