,class_val_corr,class_val_org
0,-0.08772588702357823,0.03072269061842177
1,0.06657747751605034,0.009225216641445873
2,-0.13863328585885182,0.056240605582358306
3,-0.06628434719428866,-0.005640092436170811
4,-0.05757005280285177,0.04336387704974092
5,-0.12525739551532036,-0.04727883422216355
6,-0.023142618699794806,-0.04191677961310375
7,0.11425810747285182,-0.03728896357462847
8,0.05967305028352769,0.008806918199986443
9,0.11323987060317026,-0.03556971087592974
