,class_val_corr,class_val_org
0,0.0018973674212460993,-0.0016455958186618672
1,-0.04911771357155622,-0.05490353729569791
2,-0.002402996613391703,-0.0025234188221477175
3,-0.011405668465605985,0.005936470800688464
4,0.03136040122731051,0.020511156181794728
5,-0.023336202267889773,0.02160256696886937
6,-0.017600421552917557,-0.017056711634888796
7,-0.01127525223537221,-0.015045854451874056
8,-0.01023942795577572,-0.01401062531965381
9,0.018491877124230165,0.022244183238596615
