,class_val_corr,class_val_org
0,0.13876863990018076,0.00030847970967951346
1,0.07933391602848679,-0.01773433760880181
2,-0.13558631059823212,0.024816642932510014
3,-0.11415274582261341,0.038870258949775284
4,0.09488795179447237,-0.0223108706973352
5,0.13564247844384836,0.03877376827978406
6,-0.048561314428024,-0.047346301347154944
7,-0.12896527399238242,0.030158135345933965
8,-0.09047292884101917,0.005469030594130831
9,-0.12222935496341517,0.025353788099170098
