,class_val_corr,class_val_org
0,0.18543902039331672,0.02688002405335223
1,-0.07969016081778373,-0.03360148076208108
2,-0.1485179381263705,-0.01213940871664808
3,-0.14058827125769655,-0.04806259477752688
4,-0.1343112952963168,0.014154233969057541
5,0.11716699005731518,-0.0043054109844800365
6,-0.0834217597383948,-0.032276601996654455
7,-0.13610235652390093,-0.02440574062927458
8,-0.11683491198936952,-0.0076553795082908655
9,0.14107149238550165,0.023042562221880933
