,class_val_corr,class_val_org
0,-0.19171042317809261,0.015264533792160377
1,-0.1011178969213076,-0.02471650530330577
2,0.16715603763141212,-0.01607656729857642
3,-0.15864201699863092,-0.0546823091905289
4,0.13245062489991738,0.0039526621978147195
5,-0.11636727108488457,0.017947003229327588
6,-0.1234073103082952,0.006313650133492464
7,-0.13964153124536782,-0.024861026136367717
8,-0.13227075309465192,-0.0002818239923592491
9,-0.15344325566139227,0.021649424465523058
