,class_val_corr,class_val_org
0,-0.19254263021404566,-0.0022290793594561507
1,0.11695639621573445,-0.02221876350389883
2,-0.1744899009060702,-0.019625620541474344
3,-0.17605847253526147,-0.06845198568439811
4,-0.1281839159456105,0.002210420432826845
5,-0.12028608946074895,0.023132078016278996
6,0.1307777038016886,0.01259116968440796
7,0.14825861541708132,-0.02641012016749797
8,-0.13182139576584842,0.013478930314874248
9,-0.15818521977214076,0.025941695360579033
