,class_val_corr,class_val_org
0,-0.0008247583130742905,-0.004772751347267706
1,-0.06171038794878797,-0.07040531425382507
2,-0.00037484349526717073,-0.0001604107713427394
3,0.018703309925370334,0.011900395452913146
4,0.040296683132803865,0.02286453946119734
5,-0.020544571616227615,0.01743353980992267
6,-0.016093478708974682,-0.015225362713946724
7,-0.007001584148727714,-0.010980084962284139
8,-0.014096350107440701,-0.019520040731590867
9,0.02433798363878073,0.027914143605492048
