,class_val_corr,class_val_org
0,0.16613292774669805,-0.019609174148041905
1,0.12341755336143037,-0.011513223919425735
2,0.18083386290541192,-0.02791855900545204
3,0.1889932320880369,-0.07903986868705931
4,-0.15072885241211334,-0.02473842914763731
5,0.13649830529594084,0.009822100623683345
6,0.1429430252316587,-0.006983385961993237
7,0.14339850491421446,0.013277017620247038
8,-0.12693048591814088,-0.012043880903340314
9,0.12274397521573632,0.007655825243789532
