,class_val_corr,class_val_org
0,0.2498190844910773,-0.056216502639204455
1,-0.14658701343875025,-0.01184326525210307
2,-0.11211149854650006,-0.05721606353403398
3,0.19650037540978618,0.06094084069510401
4,0.14091032607487486,0.010567799239402069
5,0.1173771877365314,-0.03808380132772326
6,-0.18436462419404342,-0.034318946077055504
7,0.14422341570432534,0.00048654424819968844
8,0.14947715951367385,0.005266385097508755
9,0.18270565228486693,-0.027808584862917277
