,class_val_corr,class_val_org
0,0.24398122398214123,0.0357202726668304
1,0.1816560881348458,0.013682017881107055
2,0.14637195336968448,-0.03898009289013482
3,0.21267595728814992,0.05333298828734161
4,0.14992125745821686,-0.016548634304976967
5,0.19155571374220537,0.01875404591385904
6,0.14355078527013343,-0.03965521078375356
7,0.1907426387070068,-0.02999426082239204
8,0.16552012185118137,0.004577194109517088
9,0.1748704362348288,-0.00024914525412175065
