,class_val_corr,class_val_org
0,-0.003084405445804489,-0.00806276345809042
1,-0.07323826227078867,0.08471019144690187
2,0.0028830215615193895,0.0034576570433382664
3,0.026947546286011145,0.018909018366070424
4,0.05030151169222363,0.02617034043601133
5,0.016541071592762437,0.012282948298500393
6,-0.014939785184150775,0.014451690905814982
7,0.003949307663416312,0.008500951846655197
8,-0.01760918341177533,0.025437621836836396
9,0.02962237280666754,0.03266967187485764
