,class_val_corr,class_val_org
0,0.21915987918915614,-0.02433389516238073
1,0.2285114661645124,0.01221581154925437
2,0.16078457621875505,-0.049867185429887016
3,0.1764400902931186,-0.018943458764880124
4,0.2714665103215187,0.07373598934392817
5,0.20932708211502593,0.009416582115315797
6,0.14219320069489003,0.07762821161427177
7,0.2378171013866267,-0.03987899956903704
8,0.22129760066815468,-0.0018565279763365795
9,-0.23179337936518063,-0.04619756957917322
