,class_val_corr,class_val_org
0,0.2448538727902162,0.01363647669609689
1,0.23351478323857267,-0.003271956606511134
2,0.26844665892443625,0.04619988987354897
3,0.2093759322708879,-0.004168040494109508
4,0.20988696052155184,0.01802250676227471
5,0.2099408320875166,-0.0054263886395461945
6,0.21299181913168713,0.02092603046468723
7,0.24810480108228722,0.02689374596656334
8,0.20897319552790616,0.024021970943433578
9,0.2342730069868711,-0.016266350072169512
