,class_val_corr,class_val_org
0,0.23236070686645763,-0.030371164514904337
1,0.270896501941782,0.04093539055512725
2,-0.3085716084937053,0.07516159965166806
3,0.21995317665684713,-0.003284988739584216
4,0.18650698530913,0.043329435987286655
5,0.23128916245456385,0.0013689964691341711
6,0.2498919371936678,0.003842042379426154
7,-0.23165485974094868,-0.003567300441451669
8,0.19624490053663207,0.052580425029289266
9,-0.2643757563670051,0.02975575099343441
