,class_val_corr,class_val_org
0,0.24088225877030045,0.026404780969873837
1,0.2784739350381439,0.028210831354340785
2,0.2455528228719654,-0.00376380747048309
3,0.23313167975357013,0.0031508968369512343
4,0.24140140457061576,0.004649045550525329
5,-0.27353174715123296,0.025668722158588987
6,0.2731959484760472,-0.020881862139799097
7,0.21752444783475458,0.03875951355286218
8,0.23625296452406402,0.027481004371041402
9,0.263603000419817,-0.0018395469435787473
