,acc_overall,training_probe time,inference time,training_probe flops,inference flops
0,0.7593,107.45768666267395,16.043883085250854,0.13685759999999997,48.86412
