,acc_overall,training_probe time,inference time,training_probe flops,inference flops
0,0.9448,125.48529624938965,21.756083488464355,0.13685760000000002,53.07196
