,acc_overall,training_probe time,inference time,training_probe flops,inference flops
0,0.5053,130.6821060180664,21.66463804244995,0.20275199999999996,174.66624
