,acc_overall,training_probe time,inference time,training_probe flops,inference flops
0,0.9634,130.59207367897034,18.274774074554443,0.13685760000000002,46.86424
