,acc_overall,training_probe time,inference time,training_probe flops,inference flops
0,0.9102,99.8828341960907,15.217230081558228,0.13685759999999997,53.31472
