,acc_overall,training_probe time,inference time,training_probe flops,inference flops
0,0.3996,117.66848731040955,11.263920307159424,0.20275200000000004,181.76616
