,acc_overall,training_probe time,inference time,training_probe flops,inference flops
0,0.3938,146.28920125961304,26.45085835456848,0.20275200000000004,184.00284
