,acc_overall,training_probe time,inference time,training_probe flops,inference flops
0,0.9465,127.02882194519043,36.574647188186646,0.13685760000000002,51.81192
