,acc_overall,training_probe time,inference time,training_probe flops,inference flops
0,0.393,185.77644276618958,38.717464447021484,0.20275200000000004,182.7306
