,acc_overall,training_probe time,inference time,training_probe flops,inference flops
0,0.4938,51.411298751831055,9.153321504592896,0.20275199999999996,173.33244
