,acc_overall,training_probe time,inference time,training_probe flops,inference flops
0,0.39,182.8819375038147,34.33409023284912,0.20275200000000004,182.46384
