,acc_overall,training_probe time,inference time,training_probe flops,inference flops
0,0.7821,154.7769718170166,26.471434116363525,0.13685759999999997,45.90476
