,acc_overall,training_probe time,inference time,training_probe flops,inference flops
0,0.9477,90.53118538856506,25.633869886398315,0.13685760000000002,54.41292
