,acc_overall,training_probe time,inference time,training_probe flops,inference flops
0,0.502,50.699410915374756,7.118954181671143,0.20275199999999996,169.82352
