,acc_overall,training_probe time,inference time,training_probe flops,inference flops
0,0.5596,70.3429069519043,9.386736869812012,0.20275199999999996,129.60432
