,acc_overall,training_probe time,inference time,training_probe flops,inference flops
0,0.2931,152.92649102210999,19.19731068611145,0.20275200000000004,0.2052
