,acc_overall,training_probe time,inference time,training_probe flops,inference flops
0,0.7339,120.39927315711975,19.791434288024902,0.13685759999999997,51.58072
