,acc_overall,training_probe time,inference time,training_probe flops,inference flops
0,0.9017,110.39726042747498,24.67944073677063,0.13685759999999997,52.9448
