,acc_overall,training_probe time,inference time,training_probe flops,inference flops
0,0.7463,92.73132801055908,22.134220600128174,0.13685759999999997,51.69632
