,acc_overall,training_probe time,inference time,training_probe flops,inference flops
0,0.3928,176.162517786026,25.339232444763184,0.20275200000000004,182.99736
