,acc_overall,training_probe time,inference time,training_probe flops,inference flops
0,0.5031,1861.8147745132446,37.29600524902344,1.6220160000000003,5761.85692
