,acc_overall,training_probe time,inference time,training_probe flops,inference flops
0,0.2303,322.89154529571533,65.01823306083679,0.4055040000000001,622.257
