,acc_overall,training_probe time,inference time,training_probe flops,inference flops
0,0.3404,481.26782274246216,22.959476947784424,0.8110080000000002,2166.2028
