,acc_overall,training_probe time,inference time,training_probe flops,inference flops
0,0.161,86.42542791366577,19.675330638885498,0.10137600000000002,36.04168
