,acc_overall,training_probe time,inference time,training_probe flops,inference flops
0,0.161,170.30266761779785,33.738096952438354,0.10137600000000002,36.04168
