,acc_overall,training_probe time,inference time,training_probe flops,inference flops
0,0.9362,123.32393956184387,18.848463773727417,0.13685759999999997,48.59824
