,acc_overall,training_probe time,inference time,training_probe flops,inference flops
0,0.7521,108.72660851478577,25.384257555007935,0.13685759999999997,51.66164
