,acc_overall,training_probe time,inference time,training_probe flops,inference flops
0,0.7891,156.5614356994629,23.159795999526978,0.13685759999999997,44.30948
