,acc_overall,training_probe time,inference time,training_probe flops,inference flops
0,0.2427,92.61503076553345,23.33361530303955,0.10137600000000002,17.86664
