,acc_overall,training_probe time,inference time,training_probe flops,inference flops
0,0.2427,112.87488651275635,20.34041738510132,0.10137600000000002,17.86664
