,acc_overall,training_probe time,inference time,training_probe flops,inference flops
0,0.3696,459.63624024391174,9.787643194198608,0.8110080000000002,1673.04948
