,acc_overall,training_probe time,inference time,training_probe flops,inference flops
0,0.4851,946.869414806366,24.076130628585815,1.6220160000000003,5312.66184
