,acc_overall,training_probe time,inference time,training_probe flops,inference flops
0,0.2893,177.54799723625183,45.08502793312073,0.4055040000000001,277.16
