,acc_overall,training_probe time,inference time,training_probe flops,inference flops
0,0.9472,125.85127902030945,14.891091585159302,0.13685760000000002,52.63268
