,acc_overall,training_probe time,inference time,training_probe flops,inference flops
0,0.393,132.09705471992493,25.07625699043274,0.20275200000000004,184.12596
