,acc_overall,training_probe time,inference time,training_probe flops,inference flops
0,0.9255,99.91108822822571,23.834563970565796,0.13685759999999997,50.78308
