,acc_overall,training_probe time,inference time,training_probe flops,inference flops
0,0.9229,140.59208869934082,17.85810685157776,0.13685759999999997,51.34952
