,acc_overall,training_probe time,inference time,training_probe flops,inference flops
0,0.9466,167.95187044143677,20.301185846328735,0.13685760000000002,52.62112
