,acc_overall,training_probe time,inference time,training_probe flops,inference flops
0,0.9786,124.60664987564087,30.21692967414856,0.13685760000000002,24.55344
