,acc_overall,training_probe time,inference time,training_probe flops,inference flops
0,0.4035,122.58213710784912,30.679687023162842,0.20275200000000004,173.78388
