,acc_overall,training_probe time,inference time,training_probe flops,inference flops
0,0.777,116.8678822517395,34.83802151679993,0.13685759999999997,47.26884
