,acc_overall,training_probe time,inference time,training_probe flops,inference flops
0,0.4923,60.37628221511841,4.624008655548096,0.20275199999999996,173.20932
