,acc_overall,training_probe time,inference time,training_probe flops,inference flops
0,0.3937,109.27528119087219,29.769319534301758,0.20275200000000004,179.037
