,acc_overall,training_probe time,inference time,training_probe flops,inference flops
0,0.9457,165.76365089416504,33.65037941932678,0.13685760000000002,52.8292
