,acc_overall,training_probe time,inference time,training_probe flops,inference flops
0,0.7496,108.04872536659241,27.53968095779419,0.13685759999999997,51.89284
