,acc_overall,training_probe time,inference time,training_probe flops,inference flops
0,0.5381,3035.517439842224,35.520684003829956,3.2440320000000007,7868.88492
