,acc_overall,training_probe time,inference time,training_probe flops,inference flops
0,0.1479,16.235737323760986,4.588883876800537,0.10137600000000002,36.5968
