,acc_overall,training_probe time,inference time,training_probe flops,inference flops
0,0.2302,34.82842302322388,4.51005220413208,0.4055040000000001,616.681
