,acc_overall,training_probe time,inference time,training_probe flops,inference flops
0,0.3343,120.00373435020447,19.857075929641724,0.8110080000000002,2196.60996
