,acc_overall,training_probe time,inference time,training_probe flops,inference flops
0,0.5053,1071.0740699768066,29.464942693710327,1.6220160000000003,5771.0342
