,acc_overall,training_probe time,inference time,training_probe flops,inference flops
0,0.2749,167.9447991847992,17.98115849494934,0.10137599999999998,36.09308
