,acc_overall,training_probe time,inference time,training_probe flops,inference flops
0,0.4591,132.62136435508728,14.343913793563843,0.4055039999999999,618.813
