,acc_overall,training_probe time,inference time,training_probe flops,inference flops
0,0.6588,2016.1820981502533,30.66361117362976,1.6220159999999997,5597.64916
