,acc_overall,training_probe time,inference time,training_probe flops,inference flops
0,0.2749,119.13451838493347,23.483315229415894,0.10137599999999998,36.09308
