,acc_overall,training_probe time,inference time,training_probe flops,inference flops
0,0.5484,569.1494517326355,51.81172966957092,0.8110079999999998,2117.4366
