,acc_overall,training_probe time,inference time,training_probe flops,inference flops
0,0.394,117.9190776348114,28.065837144851685,0.20275200000000004,184.63896
