,acc_overall,training_probe time,inference time,training_probe flops,inference flops
0,0.7328,146.6966483592987,30.947316646575928,0.13685759999999997,52.50552
