,acc_overall,training_probe time,inference time,training_probe flops,inference flops
0,0.8109,134.76806592941284,12.454981565475464,0.13685759999999997,30.59932
