,acc_overall,training_probe time,inference time,training_probe flops,inference flops
0,0.9144,110.52800989151001,27.041726112365723,0.13685759999999997,51.6154
