,acc_overall,training_probe time,inference time,training_probe flops,inference flops
0,0.1469,60.25038766860962,20.406543254852295,0.10137600000000002,36.21644
