,acc_overall,training_probe time,inference time,training_probe flops,inference flops
0,0.5177,1359.444120168686,32.46781611442566,1.6220160000000003,5695.32164
