,acc_overall,training_probe time,inference time,training_probe flops,inference flops
0,0.343,330.6010859012604,12.375615358352661,0.8110080000000002,2171.03844
