,acc_overall,training_probe time,inference time,training_probe flops,inference flops
0,0.5341,4663.320913076401,36.86274743080139,3.2440320000000007,7845.94452
