,acc_overall,training_probe time,inference time,training_probe flops,inference flops
0,0.2368,129.497953414917,14.517679214477539,0.4055040000000001,607.128
