,acc_overall,training_probe time,inference time,training_probe flops,inference flops
0,0.5752,4872.872169971466,44.75655460357666,3.2440320000000007,9981.36804
