,acc_overall,training_probe time,inference time,training_probe flops,inference flops
0,0.9251,103.44687819480896,26.78040647506714,0.13685759999999997,50.70216
