,acc_overall,training_probe time,inference time,training_probe flops,inference flops
0,0.2799,79.97027659416199,18.24748420715332,0.10137599999999998,34.46884
