,acc_overall,training_probe time,inference time,training_probe flops,inference flops
0,0.441,166.2907087802887,16.042734146118164,0.4055039999999999,588.022
