,acc_overall,training_probe time,inference time,training_probe flops,inference flops
0,0.2799,119.25323343276978,17.192304134368896,0.10137599999999998,34.46884
