,acc_overall,training_probe time,inference time,training_probe flops,inference flops
0,0.5366,652.3530843257904,83.85877823829651,0.8110079999999998,2027.77236
