,acc_overall,training_probe time,inference time,training_probe flops,inference flops
0,0.6505,2026.7213332653046,27.57098412513733,1.6220159999999997,5416.07012
