,acc_overall,training_probe time,inference time,training_probe flops,inference flops
0,0.5395,384.63824462890625,15.277388095855713,0.8110079999999998,2123.91144
