,acc_overall,training_probe time,inference time,training_probe flops,inference flops
0,0.6326,4689.993668079376,38.44208598136902,3.2440319999999994,8065.84464
