,acc_overall,training_probe time,inference time,training_probe flops,inference flops
0,0.4467,86.3357264995575,17.70376181602478,0.4055039999999999,604.996
