,acc_overall,training_probe time,inference time,training_probe flops,inference flops
0,0.2716,56.055747270584106,29.122691869735718,0.10137599999999998,35.54824
