,acc_overall,training_probe time,inference time,training_probe flops,inference flops
0,0.674,3923.678992509842,45.485119581222534,3.2440319999999994,9899.76576
