,acc_overall,training_probe time,inference time,training_probe flops,inference flops
0,0.656,1453.721181154251,30.052480220794678,1.6220159999999997,5581.91668
