,acc_overall,training_probe time,inference time,training_probe flops,inference flops
0,0.4057,123.5196578502655,16.101048231124878,0.20275200000000004,175.83588
