,acc_overall,training_probe time,inference time,training_probe flops,inference flops
0,0.3819,180.5949912071228,23.818968534469604,0.20275200000000004,182.27916
