,acc_overall,training_probe time,inference time,training_probe flops,inference flops
0,0.674,4094.0384979248047,45.90781593322754,3.2440319999999994,10014.79548
