,acc_overall,training_probe time,inference time,training_probe flops,inference flops
0,0.6316,5860.196571588516,44.12392997741699,3.2440319999999994,8148.7578
