,acc_overall,training_probe time,inference time,training_probe flops,inference flops
0,0.66,1443.1113605499268,28.580220222473145,1.6220159999999997,5648.61584
