,acc_overall,training_probe time,inference time,training_probe flops,inference flops
0,0.2628,49.761022090911865,27.97123384475708,0.10137599999999998,36.62764
