,acc_overall,training_probe time,inference time,training_probe flops,inference flops
0,0.4701,102.99507284164429,40.99212074279785,0.4055039999999999,631.769
