,acc_overall,training_probe time,inference time,training_probe flops,inference flops
0,0.5461,356.86529183387756,37.50041389465332,0.8110079999999998,2158.08876
