,acc_overall,training_probe time,inference time,training_probe flops,inference flops
0,0.9056,109.43872809410095,28.35429549217224,0.13685759999999997,52.27432
