,acc_overall,training_probe time,inference time,training_probe flops,inference flops
0,0.6698,4256.40571975708,44.8273286819458,3.2440319999999994,9946.62972
