,acc_overall,training_probe time,inference time,training_probe flops,inference flops
0,0.2795,61.0163311958313,40.08623242378235,0.10137599999999998,35.723
