,acc_overall,training_probe time,inference time,training_probe flops,inference flops
0,0.4567,116.8109998703003,9.48685598373413,0.4055039999999999,608.276
