,acc_overall,training_probe time,inference time,training_probe flops,inference flops
0,0.6289,4894.345890045166,37.376338958740234,3.2440319999999994,8051.42496
