,acc_overall,training_probe time,inference time,training_probe flops,inference flops
0,0.6477,1514.8863010406494,30.28837752342224,1.6220159999999997,5568.15076
