,acc_overall,training_probe time,inference time,training_probe flops,inference flops
0,0.5553,368.71794033050537,43.81037998199463,0.8110079999999998,2104.07712
