,acc_overall,training_probe time,inference time,training_probe flops,inference flops
0,0.9544,124.62147808074951,30.244324207305908,0.13685760000000002,51.0374
