,acc_overall,training_probe time,inference time,training_probe flops,inference flops
0,0.7321,137.29587841033936,31.950133800506592,0.13685759999999997,51.6732
