,acc_overall,training_probe time,inference time,training_probe flops,inference flops
0,0.9495,165.8436200618744,23.781907558441162,0.13685760000000002,52.05468
