,acc_overall,training_probe time,inference time,training_probe flops,inference flops
0,0.7688,139.6183671951294,28.195438146591187,0.13685759999999997,45.28052
