,acc_overall,training_probe time,inference time,training_probe flops,inference flops
0,0.9481,155.42748546600342,21.753040313720703,0.13685760000000002,52.04312
