,acc_overall,training_probe time,inference time,training_probe flops,inference flops
0,0.4978,60.94604420661926,4.535051345825195,0.20275199999999996,172.73736
