,acc_overall,training_probe time,inference time,training_probe flops,inference flops
0,0.9612,125.09545803070068,32.58841681480408,0.13685760000000002,13.83732
