,acc_overall,training_probe time,inference time,training_probe flops,inference flops
0,0.7691,116.31570839881897,29.099234580993652,0.13685759999999997,50.58656
