,acc_overall,training_probe time,inference time,training_probe flops,inference flops
0,0.9033,131.57630896568298,19.225674390792847,0.13685759999999997,54.99092
