,acc_overall,training_probe time,inference time,training_probe flops,inference flops
0,0.7463,147.6526734828949,23.037277221679688,0.13685759999999997,50.39004
