,acc_overall,training_probe time,inference time,training_probe flops,inference flops
0,0.3401,381.1147389411926,21.491125345230103,0.8110080000000002,2149.64688
