,acc_overall,training_probe time,inference time,training_probe flops,inference flops
0,0.1549,120.90097522735596,24.30617332458496,0.10137600000000002,35.723
