,acc_overall,training_probe time,inference time,training_probe flops,inference flops
0,0.2222,237.53505778312683,80.32379364967346,0.4055040000000001,615.369
