,acc_overall,training_probe time,inference time,training_probe flops,inference flops
0,0.1549,96.63282418251038,13.422140121459961,0.10137600000000002,35.723
