,acc_overall,training_probe time,inference time,training_probe flops,inference flops
0,0.5067,1769.0679211616516,31.470346212387085,1.6220160000000003,5728.91704
