,acc_overall,training_probe time,inference time,training_probe flops,inference flops
0,0.9462,112.2026903629303,26.937214374542236,0.13685760000000002,52.7714
