,acc_overall,training_probe time,inference time,training_probe flops,inference flops
0,0.32,112.4374566078186,60.35395097732544,0.10137599999999998,24.84676
