,acc_overall,training_probe time,inference time,training_probe flops,inference flops
0,0.6209,1949.76296377182,25.38539719581604,1.6220159999999997,5245.14328
