,acc_overall,training_probe time,inference time,training_probe flops,inference flops
0,0.4151,145.1327600479126,19.8633553981781,0.4055039999999999,393.805
