,acc_overall,training_probe time,inference time,training_probe flops,inference flops
0,0.4965,664.9835526943207,63.12490749359131,0.8110079999999998,1782.54804
