,acc_overall,training_probe time,inference time,training_probe flops,inference flops
0,0.5345,4838.134782791138,45.977126598358154,3.2440320000000007,7824.97044
