,acc_overall,training_probe time,inference time,training_probe flops,inference flops
0,0.5728,4890.055941820145,48.62822127342224,3.2440320000000007,9931.88232
