,acc_overall,training_probe time,inference time,training_probe flops,inference flops
0,0.1479,72.62353706359863,20.025962591171265,0.10137600000000002,37.53228
