,acc_overall,training_probe time,inference time,training_probe flops,inference flops
0,0.5094,1260.2238183021545,50.322455167770386,1.6220160000000003,5777.91716
