,acc_overall,training_probe time,inference time,training_probe flops,inference flops
0,0.3291,304.67126417160034,42.257686614990234,0.8110080000000002,2217.34584
