,acc_overall,training_probe time,inference time,training_probe flops,inference flops
0,0.5036,138.41424131393433,17.460747003555298,0.20275199999999996,174.0096
