,acc_overall,training_probe time,inference time,training_probe flops,inference flops
0,0.5088,93.50321316719055,27.76726269721985,0.20275199999999996,174.80988
