,acc_overall,training_probe time,inference time,training_probe flops,inference flops
0,0.9265,113.59680581092834,26.22744083404541,0.13685759999999997,50.71372
