,acc_overall,training_probe time,inference time,training_probe flops,inference flops
0,0.3912,113.5743510723114,15.456221580505371,0.20275200000000004,184.04388
