,acc_overall,training_probe time,inference time,training_probe flops,inference flops
0,0.3948,108.27618837356567,23.18304467201233,0.20275200000000004,184.33116
