,acc_overall,training_probe time,inference time,training_probe flops,inference flops
0,0.9453,135.107768535614,33.94443416595459,0.13685760000000002,53.176
