,acc_overall,training_probe time,inference time,training_probe flops,inference flops
0,0.5005,68.44516825675964,6.743938207626343,0.20275199999999996,160.95888
