,acc_overall,training_probe time,inference time,training_probe flops,inference flops
0,0.3996,133.6836497783661,36.922932386398315,0.20275200000000004,175.79484
