,acc_overall,training_probe time,inference time,training_probe flops,inference flops
0,0.9496,111.76165747642517,28.355794668197632,0.13685760000000002,51.4998
