,acc_overall,training_probe time,inference time,training_probe flops,inference flops
0,0.4935,1959.7685282230377,32.170451402664185,1.6220160000000003,5206.30372
