,acc_overall,training_probe time,inference time,training_probe flops,inference flops
0,0.239,199.37854313850403,19.988389492034912,0.10137600000000002,18.33952
