,acc_overall,training_probe time,inference time,training_probe flops,inference flops
0,0.239,83.08438682556152,10.359216213226318,0.10137600000000002,18.33952
