,acc_overall,training_probe time,inference time,training_probe flops,inference flops
0,0.3764,231.509694814682,19.362189769744873,0.8110080000000002,1659.60804
