,acc_overall,training_probe time,inference time,training_probe flops,inference flops
0,0.3025,308.86481285095215,32.249388217926025,0.4055040000000001,292.535
