,acc_overall,training_probe time,inference time,training_probe flops,inference flops
0,0.9596,129.6251082420349,27.463732957839966,0.13685759999999997,43.74304
