,acc_overall,training_probe time,inference time,training_probe flops,inference flops
0,0.5132,151.34727716445923,15.45586371421814,0.20275199999999996,173.64024
