,acc_overall,training_probe time,inference time,training_probe flops,inference flops
0,0.3889,138.3087658882141,31.017994165420532,0.20275200000000004,181.64304
