,acc_overall,training_probe time,inference time,training_probe flops,inference flops
0,0.3988,107.7223539352417,20.17876696586609,0.20275200000000004,181.35576
