,acc_overall,training_probe time,inference time,training_probe flops,inference flops
0,0.9466,173.01216435432434,21.866377353668213,0.13685760000000002,52.4824
