,acc_overall,training_probe time,inference time,training_probe flops,inference flops
0,0.5058,1794.278033733368,33.36549186706543,1.6220160000000003,5709.08756
