,acc_overall,training_probe time,inference time,training_probe flops,inference flops
0,0.1579,99.32553291320801,29.16827416419983,0.10137600000000002,35.53796
