,acc_overall,training_probe time,inference time,training_probe flops,inference flops
0,0.3419,463.00232100486755,19.984757661819458,0.8110080000000002,2142.76224
