,acc_overall,training_probe time,inference time,training_probe flops,inference flops
0,0.2271,430.4436411857605,61.62013030052185,0.4055040000000001,613.442
