,acc_overall,training_probe time,inference time,training_probe flops,inference flops
0,0.1579,170.25243616104126,17.042357921600342,0.10137600000000002,35.53796
