,acc_overall,training_probe time,inference time,training_probe flops,inference flops
0,0.9115,154.17869925498962,30.399409532546997,0.13685759999999997,53.24536
