,acc_overall,training_probe time,inference time,training_probe flops,inference flops
0,0.7568,143.68863224983215,17.18936586380005,0.13685759999999997,50.12416
