,acc_overall,training_probe time,inference time,training_probe flops,inference flops
0,0.39,126.3550500869751,27.91411066055298,0.20275200000000004,184.49532
