,acc_overall,training_probe time,inference time,training_probe flops,inference flops
0,0.7908,122.44857335090637,26.30317521095276,0.13685759999999997,40.78368
