,acc_overall,training_probe time,inference time,training_probe flops,inference flops
0,0.7593,111.36159682273865,29.544806241989136,0.13685759999999997,50.33224
