,acc_overall,training_probe time,inference time,training_probe flops,inference flops
0,0.9104,106.34818577766418,26.66161608695984,0.13685759999999997,52.1356
