,acc_overall,training_probe time,inference time,training_probe flops,inference flops
0,0.3885,185.25686287879944,31.748676300048828,0.20275200000000004,182.56644
