,acc_overall,training_probe time,inference time,training_probe flops,inference flops
0,0.9446,106.15809273719788,25.72788643836975,0.13685760000000002,52.92168
