,acc_overall,training_probe time,inference time,training_probe flops,inference flops
0,0.4511,177.83215475082397,28.58357310295105,0.4055039999999999,614.426
