,acc_overall,training_probe time,inference time,training_probe flops,inference flops
0,0.2831,82.1449384689331,13.243901491165161,0.10137599999999998,35.94916
