,acc_overall,training_probe time,inference time,training_probe flops,inference flops
0,0.2831,70.6002905368805,10.392085313796997,0.10137599999999998,35.94916
