,acc_overall,training_probe time,inference time,training_probe flops,inference flops
0,0.6601,1750.4164097309113,27.74278974533081,1.6220159999999997,5579.13072
