,acc_overall,training_probe time,inference time,training_probe flops,inference flops
0,0.5424,590.3099896907806,20.986178874969482,0.8110079999999998,2109.81432
