,class_val_corr,class_val_org
0,0.03909737397507659,-0.036917766309441435
1,0.002629236409086702,0.004028657029647397
2,0.003923669902157999,-0.004028995586029763
3,0.04194754311827478,0.0404523686369048
4,-0.006470984691955853,-0.004901674144835791
5,-0.023103661572741175,-0.020003474409328165
6,0.009877719676132768,0.006792314658613076
7,-0.001826788998663233,-0.0025222775331201434
8,-0.005199603888623625,-0.007139620128422478
9,-0.0004700559220289684,-0.000407354605320538
