,class_val_corr,class_val_org
0,-0.02510536279664884,-0.1910922145910484
1,0.17651268616774224,-0.2788196294793197
2,0.13650326827624365,-0.07465413777040097
3,-0.06748887787761909,-0.11620849919980923
4,0.059976457789903674,0.05238356760244959
5,-0.10405592887943105,0.22212090304902005
6,-0.06626514182669498,-0.17483446409426862
7,-0.004604863998674186,-0.09462361946121321
8,-0.04340756771713651,0.21297391964619683
9,-0.22785240503160548,-0.33387419814179753
