,class_val_corr,class_val_org
0,0.2684067322845087,-0.08144835167522574
1,0.3250514903200876,-0.14739521842313075
2,0.22584260908860304,0.030223101671567113
3,-0.2840556417678116,0.10775489922281635
4,-0.20984561020942533,-0.020409790273959887
5,-0.29423255833123013,0.10351543515637403
6,0.27485475638118434,0.08703740895577113
7,0.2895857927474885,0.09904306628003529
8,-0.2688692140237989,-0.06029431209001537
9,-0.2888308740028344,0.09522679639614459
