,class_val_corr,class_val_org
0,0.26123972952613683,-0.07833319487005468
1,0.3481043227846508,0.15993276475023807
2,-0.2591069430699078,0.06491527965063688
3,0.2764843578156074,-0.09721634226579592
4,-0.24212585162605332,-0.049537915072932495
5,-0.3175782436722473,0.13749606120089178
6,0.26903311836355076,0.073404107666552
7,-0.25933109515891284,0.05976286617117549
8,-0.2673170803165065,-0.052060946603453936
9,0.2866803449730081,0.08942589185241118
