,class_val_corr,class_val_org
0,0.2583418111121626,-0.06559003831055717
1,0.31458865764544486,-0.11255562285629817
2,-0.24652268504292146,0.04231033461548522
3,-0.2788736595848324,0.08971981703345044
4,-0.28844037290424607,0.09866098154910848
5,-0.3145140713750336,0.1272024329949954
6,-0.28881886257001976,0.07765251288851392
7,0.2517383796624353,0.056887680621455466
8,-0.26381051617191376,-0.03590996533856171
9,-0.29946965253018476,-0.08460902779384664
