,class_val_corr,class_val_org
0,0.26017703598597597,-0.04942053716212457
1,0.32623761476908175,0.11175041111027126
2,0.2476098961867514,0.03288209146082302
3,0.2956936486052663,0.10155021271271328
4,-0.2769986214614831,-0.07283951550817602
5,0.3062101491350331,0.10470778861855465
6,-0.30461812365326496,-0.09917138141573276
7,-0.28318551633983513,0.08338635172339856
8,-0.3131394516828988,-0.09903762112675925
9,-0.3001919534650122,0.08869129136266382
