,class_val_corr,class_val_org
0,-0.026828710758417355,-0.18144197483631033
1,-0.1808128519025343,0.2814415816443576
2,0.13083808526120622,-0.07302236961117686
3,-0.07562192227560736,-0.12197552440703208
4,0.057741749235644756,-0.04891196272519974
5,-0.10847797644666776,0.21131961316312795
6,-0.06747930612466169,-0.1712372335638796
7,-0.01817910609755837,-0.11376904314031541
8,-0.039543433950047356,0.19929892961975065
9,-0.22075611789990207,-0.31883090580363516
