,class_val_corr,class_val_org
0,0.2785790917741168,-0.07871806474333125
1,0.3109093985957222,0.09506571437378436
2,0.26865999373621613,0.058423346970150114
3,-0.27852210335388744,0.06646349016553062
4,-0.2993640122456075,0.0933076223372004
5,-0.3172070316710291,0.11416637655603076
6,0.2979747517640433,0.09259651241961159
7,-0.30089963126329305,0.09246381029085037
8,-0.29841706548900215,-0.07453069040086462
9,0.33861313304769347,0.12987957150178722
