,class_val_corr,class_val_org
0,0.25303262122461656,0.038701802696836145
1,0.3331463376716186,0.11944199398162847
2,0.2804766431937951,0.0688141559414237
3,-0.3069703808077409,0.09378476730592619
4,-0.2860065243114572,0.07505183364414353
5,-0.31929252598650115,0.1172158178597652
6,-0.30981372833520804,0.0991885663721489
7,0.28912750926440234,0.07443965171333557
8,-0.31663836635367865,-0.09521829497019901
9,-0.3273649653714179,0.09888922682090588
