,class_val_corr,class_val_org
0,0.2741298261754099,-0.05454544761267524
1,0.3329908262809413,0.11584402535598481
2,-0.2865886021554238,-0.06723597150307932
3,0.27107015532960893,0.05569689645194176
4,-0.2990504941336797,-0.09277130304318948
5,-0.3299822319697999,0.12041514377198473
6,-0.3167799460922015,0.10399700020805322
7,-0.3056898123100281,-0.08839346388180111
8,0.3196223869241662,-0.08420192832734236
9,-0.3316196959047351,0.10738670854465333
