,class_val_corr,class_val_org
0,0.29028790067009413,0.07784628143871915
1,0.31086727189961916,-0.0877630477953526
2,-0.2848416689642925,-0.06264388646023483
3,0.2872578994070697,-0.0695446224132343
4,-0.30818714296975336,-0.09170437094133038
5,0.3278029716199674,-0.11363466909618154
6,0.32408809816997536,0.11842114281232126
7,-0.3045264290185267,0.09080252670996644
8,-0.31893161065950254,-0.08234880236489445
9,0.3402821273828249,-0.11768330284577583
