,class_val_corr,class_val_org
0,0.02794196879536817,0.16600818687924435
1,0.1847179700143023,0.2781520185478559
2,-0.11775769170214923,-0.06471299144002915
3,0.08893904699273751,-0.13073546375431175
4,-0.047751033833348736,-0.04897646398035894
5,-0.11238672670204408,0.19917208929030206
6,-0.07359248946786252,-0.1663604032199198
7,-0.027259190708849003,0.12175363085430427
8,0.03190038584463394,0.17523838242415185
9,-0.20963956688781568,-0.29951130587408725
