,class_val_corr,class_val_org
0,0.30125488484230817,-0.07580294126617354
1,0.3419850815201896,0.11668539151805796
2,0.2949628532331936,-0.07075367368492931
3,0.2937912643421723,0.06642139407901244
4,-0.30790650756921634,-0.08603217131686489
5,-0.3459297939513117,0.13441177528456805
6,0.3024133659352119,0.07976250142946692
7,-0.3336397713829413,0.11245808001333786
8,0.351732676900523,0.12341998043042114
9,-0.32173827855786763,-0.09541215013483395
