,class_val_corr,class_val_org
0,0.028247707207475024,0.1433311120342215
1,0.19732850903155857,0.27813378372333714
2,-0.1019743187981246,-0.05527331026339487
3,0.10453493206195716,-0.14056278178044343
4,-0.038507296342061285,0.046815109378734475
5,-0.11691916876360547,-0.18798937160731935
6,0.08182105150256612,-0.16071139075312124
7,-0.03268251300997333,-0.11940822634158381
8,0.02023571487449287,0.13931397960346922
9,0.20091655354859653,0.2823600884386234
