,class_val_corr,class_val_org
0,0.2886165564271663,0.04205170608784109
1,0.35973450317192457,0.13334189407739525
2,-0.32508288039616784,-0.09352994364761051
3,0.33578158317788875,0.11182184699115605
4,-0.3153558625626884,0.08398285741413941
5,0.33709198532321616,0.10452071218622755
6,0.3222569319633676,0.09621325421044485
7,-0.3097702877506034,0.07229591798857243
8,0.34640181374750767,-0.10865120660104366
9,-0.3666449575977177,0.1349011552174731
