,class_val_corr,class_val_org
0,0.29664728607020735,-0.05582125909434877
1,0.352330492329215,0.12603651773146501
2,-0.3090492522585872,-0.06813998686453278
3,-0.3441142369741919,0.12168073341666019
4,0.3226235058204669,-0.09449301049761122
5,-0.343427254245093,0.11029621343853424
6,-0.3165599658870658,-0.08310804203280295
7,-0.32920268752001736,0.10035869424932836
8,0.3127889638548809,-0.05263468084975629
9,0.3733724863032878,-0.13865891452591048
