,class_val_corr,class_val_org
0,-0.31970853743856964,-0.08098270592093312
1,0.35964400497831417,0.12358709496275963
2,-0.3160046630794072,0.08058073354419935
3,0.3306477528074153,0.09621769452403657
4,0.3245844831815173,0.10099822998996874
5,-0.33537571495766805,0.09609190696352886
6,0.33723360623383514,0.10535895309380112
7,-0.3231842987981888,0.09066489644410755
8,-0.33783936920409635,-0.10146843616084042
9,-0.3478771417451864,0.09743366128984612
