,class_val_corr,class_val_org
0,0.03710080558416205,0.13403636117048182
1,0.2119791114166263,0.2759545846817214
2,0.08390101528506322,-0.0448034470061903
3,0.1187777168554841,-0.14679494264280185
4,-0.03220920336072122,-0.041464626871755256
5,-0.1185756312257702,-0.1768630748222897
6,0.09016721590512711,0.1529142613417716
7,0.03339999421059891,-0.10865944239240768
8,0.008612136410167805,0.10219780145747992
9,-0.18901440792833027,0.25462997367279694
