,class_val_corr,class_val_org
0,0.31979197374241686,0.08241085555120553
1,0.3430962354117905,0.10141901999843325
2,0.3298950304437468,0.09425489480409827
3,-0.32357877157581894,-0.08418958097942668
4,-0.3145291046080794,0.08580617578564886
5,0.3314706997445571,0.09159340641144392
6,0.34600703061389,-0.1266233951699636
7,-0.34413648490862625,-0.11181656783633898
8,-0.3263703843789807,-0.0696817087622132
9,-0.34631091359652433,-0.10696814775987819
