,class_val_corr,class_val_org
0,0.3053579588281048,-0.06466928455043551
1,0.3643862252931904,0.13707236185287958
2,-0.31945904814468196,0.07829119651215091
3,0.33503365862264434,0.10067711955318626
4,0.3128630136792235,0.07957909725465087
5,-0.3533892911778894,-0.127514841690279
6,0.3356651419063528,-0.10580570281577008
7,-0.32036269807320483,-0.08181602467293157
8,0.3370440336280791,-0.09073324123950065
9,-0.3691804523604152,-0.13004035453210955
