,class_val_corr,class_val_org
0,0.3407359065494238,-0.09530039111632384
1,-0.35410662318197983,0.10095898072086291
2,0.31940861599468223,0.06695004399859501
3,0.35821056818299735,0.11285476364798788
4,0.3199322738042156,0.07579322996438105
5,0.3730483291954176,-0.13176048525120324
6,0.364107310950281,0.12246290071563146
7,0.32672145001965247,0.08008660779392551
8,0.34872533351604895,-0.07356304359147747
9,0.3887806219574013,0.15649991014845102
