,class_val_corr,class_val_org
0,0.05721670809747885,-0.132112888478636
1,0.22099036164517377,0.2681252589349097
2,-0.06454182805385769,-0.034306619595890236
3,0.1249727266505785,-0.14547804181887297
4,-0.024810428736458928,0.034910536192315045
5,0.11320899491393087,-0.15923393747334114
6,0.10254364593937597,0.14794351385714272
7,0.034427655271091484,0.09667986018521596
8,0.009985077646129104,0.07730008646549667
9,0.1782343556778635,0.22823863531489258
