,class_val_corr,class_val_org
0,0.36384932251052876,0.12223822481512511
1,0.3852626924867703,0.15062349680161094
2,0.32449136123510247,-0.07316697083606108
3,0.3573810822795658,0.1105563611405378
4,0.3268025088064007,0.0732846098335197
5,0.359384089008972,0.11323287663929026
6,0.3478532131731687,-0.10507987107612776
7,-0.36088774493045606,0.11124528944883705
8,-0.34295633896088623,-0.07805409945473393
9,0.37411253512329645,0.11675326222293145
