,class_val_corr,class_val_org
0,0.34633334846583547,-0.11004580786626364
1,0.37496633793755607,0.13341464115985946
2,-0.33263679955973696,-0.08671356063550528
3,0.3507357338406357,0.10682642473660112
4,0.33863678169830325,0.1005239875206353
5,0.3438444624971766,0.0909816777250061
6,0.34621870940533306,-0.0960719204990554
7,0.3513996725182874,0.10796776018601874
8,-0.3541549246270543,-0.09266355507660168
9,0.37223609405885005,0.11860689841237287
