,class_val_corr,class_val_org
0,0.3443907839221455,-0.10686098170362444
1,0.3702309873605789,0.13080111443110573
2,-0.3306181156351132,0.08773760540604256
3,-0.3324755181642789,-0.08776428118051066
4,0.3228096944764758,0.08178287303239504
5,0.3475751280729659,0.1014496541843985
6,0.34046479617301717,-0.09590583640501642
7,-0.3494200919983537,0.11128160802914715
8,-0.34986226621149935,-0.08953923928965665
9,0.3706943946198727,0.12453985811774199
