,class_val_corr,class_val_org
0,0.344292702339623,-0.10941114347721412
1,0.3645779220599052,0.12351765449568367
2,-0.3279275969649463,-0.0851740653524344
3,0.33354003527017895,-0.09046430340217143
4,0.3282809462237266,0.09051189433833338
5,0.3438411620432713,0.09854658825373662
6,0.3327726358048958,-0.085439671014661
7,-0.3449271109011805,0.10550339266003331
8,-0.35061537689863587,-0.0924003917897866
9,0.36308883405147246,0.11672735670272955
