,class_val_corr,class_val_org
0,0.3391943738299463,-0.1040550134769847
1,0.3662034869153457,0.12874892674450425
2,-0.3214538994508915,0.07912473335871167
3,0.33024358034811796,-0.08916713936126469
4,0.3257635009593618,0.08966961117735722
5,0.33912154687840856,0.09340516119569042
6,0.33271236243113333,-0.09096956164328708
7,0.34200463131394976,0.10604746452220146
8,-0.3477541435560021,-0.09185912548484329
9,-0.35964671734502796,0.11650675318065196
