,class_val_corr,class_val_org
0,0.10945191231510629,-0.1334674494735166
1,0.2338242433845737,-0.23748217361865864
2,-0.022909372352136113,-0.018583724052272453
3,0.12147911880818113,-0.12414325141308938
4,0.009684271380029688,0.03701227337755518
5,0.10200231527732809,-0.11376197415903819
6,0.11898080763533626,0.1313944751086457
7,0.06020544576245328,0.08765670924401295
8,0.052750192593749426,-0.07840187063741688
9,0.17776175547344825,-0.1838497004261663
