,class_val_corr,class_val_org
0,-0.16764777675194548,0.10779590544971648
1,-0.2576115942037653,0.1744892476392842
2,-0.0561362246350732,-0.006288512851431036
3,-0.1303560466217363,-0.08881876152876454
4,-0.08758446366820515,-0.05563066858715026
5,-0.09817443607745631,0.036265622889436105
6,-0.13100044371396807,-0.08463591772826153
7,-0.12123438477676565,0.07385744537378697
8,-0.1560117214569104,0.09781796070201931
9,-0.17354778433081297,0.10249526323285572
