,class_val_corr,class_val_org
0,-0.17559213608943766,0.09362187600851554
1,0.24608026368733454,-0.12297621664009446
2,-0.09739340530452417,-0.028531345055360847
3,-0.1349512260899135,-0.07414997394313871
4,-0.11236677967565764,-0.058035139027226186
5,-0.12112434842324271,-0.03556988582890561
6,-0.1482926440742813,-0.07617935023097508
7,0.14670543335050953,0.0709239008509758
8,-0.16468261658970046,0.06498846347525444
9,-0.2029329116335556,0.11277890709279509
