,class_val_corr,class_val_org
0,-0.1785036495455343,-0.08181872354727396
1,-0.25422334139952274,-0.11129172700673981
2,-0.12149659062491894,-0.03431785536188266
3,-0.1509298803837051,-0.06956609437889402
4,-0.11703319200563707,0.041447207202146265
5,-0.14251658278891072,-0.03671948052788718
6,-0.15731821485939915,0.07374732235204241
7,-0.15574349897839918,-0.06000871682834756
8,-0.18019408293410927,0.05275866148946759
9,-0.20822705711476647,0.09497573461230388
