,class_val_corr,class_val_org
0,0.18075226706270428,-0.07968663336986613
1,-0.24853412630985305,-0.11251765700200325
2,-0.13364157333905005,-0.03798357161627688
3,0.17194283680477154,0.08352779601211119
4,-0.11938985451730413,0.0286392775787026
5,-0.16108920005490832,-0.06022235123391262
6,-0.14600937240048115,0.05009368767131577
7,0.16130490284534257,0.056839156027746356
8,0.19463823314898626,-0.04813528068965028
9,0.20866190118544958,-0.09761067322469426
