,class_val_corr,class_val_org
0,0.21320317734483857,-0.09417768514627371
1,-0.1912657913710604,-0.04865784813925604
2,-0.17671278853767833,0.0742276277753498
3,-0.1742479147575151,-0.07778139481623643
4,-0.1581551786534709,0.059263908606699216
5,-0.1734070193275961,-0.07028866382579213
6,0.17620046862558086,0.06712576781825304
7,0.17118553005993323,0.05889120846760895
8,0.19942248724479947,0.05911133134536498
9,-0.12486829772578514,0.005062351792692869
