,class_val_corr,class_val_org
0,0.01670405453137428,0.19417480396098186
1,-0.16852038523800306,-0.2551837169547419
2,-0.13150923086867938,-0.07616667086994551
3,0.042807737155086706,0.09041962920726437
4,-0.05888619839727106,0.045000451223080745
5,-0.07298938727101997,-0.1995489288325873
6,0.06862176303669273,0.17051563481940896
7,-0.02950162780162374,0.0326757303127548
8,0.05705760534055217,0.22606760492652012
9,0.2311620479203177,0.34810543594108
