,class_val_corr,class_val_org
0,-0.22390688256983113,-0.09593736694044872
1,0.2764846072815454,0.15450419354371553
2,-0.20429085761626914,0.07567930870265582
3,-0.2233095497946774,0.1082686246914974
4,-0.17903974447909188,0.04454677528193955
5,0.19180516617342938,0.06568440117193071
6,0.13614512143414018,0.0009177036262764428
7,-0.17595232973131864,0.040180688960376826
8,-0.19066291242421116,0.041227755369988114
9,0.23174980212281343,-0.08539217047773821
