,class_val_corr,class_val_org
0,-0.20875389213414977,-0.05303579539291303
1,0.2780082167353405,0.12965038988983238
2,-0.1910947293886247,0.05292390737430637
3,-0.2041318882922884,0.07293965683361363
4,-0.18565025509843955,0.03857971197143383
5,0.20590904570446322,0.0541768225799093
6,0.22109792999281097,0.07982102058790222
7,0.19548660668074863,0.040351077551283226
8,0.17509206253729534,-0.00014500581727222225
9,0.28289530060742174,0.13488490733298047
