,class_val_corr,class_val_org
0,0.22952101003354805,-0.07632538638850749
1,0.3008450370277882,0.14918004735961288
2,-0.17757600967056605,0.02858852198050337
3,-0.173419102905079,0.03042610134474643
4,0.20395814984502064,0.05643349175648675
5,-0.21485709450186047,0.06410748180712025
6,-0.24098325260316256,0.0819441517846797
7,0.2440004778910383,-0.08836932040383103
8,0.21253048826736487,0.039828600883069186
9,-0.28959887969531484,-0.14352089688556102
