,class_val_corr,class_val_org
0,0.022450805224212785,-0.19604828499801197
1,-0.17193678693399683,-0.2706568355632027
2,-0.13612625970675665,-0.0740921826691633
3,0.05740713373232388,0.10549048485924525
4,-0.06048374239009903,0.052599258599440146
5,-0.09563102526546499,0.2238309211104741
6,0.06772598877894737,0.1759922174314105
7,-0.01227855760843945,-0.06686607690428369
8,0.04827325657612681,0.22098032678214677
9,0.2316131332014498,-0.3456066168405644
