,class_val_corr,class_val_org
0,0.21854795661332788,-0.0677629248067485
1,0.318711991774891,-0.16077478229348238
2,-0.17617545178652613,0.015912468663037672
3,-0.23167884745221937,0.0793856461372149
4,-0.2267899438934159,0.06914069589284762
5,0.21803255174424577,0.052253023625170224
6,0.235553131365783,0.058056213664215775
7,0.2178793516345776,0.04504326876576015
8,0.23793655259365531,0.04792759000724528
9,-0.2855844575459161,0.12181398272970596
