,class_val_corr,class_val_org
0,0.23568947005395685,-0.06676618630638484
1,0.284798969315627,-0.12293493309303721
2,-0.20989773338970788,0.038962903439812326
3,-0.2771101455387629,0.12152516666790697
4,-0.23274740804377145,0.06743642667364054
5,0.26915340102902197,0.103014767600867
6,-0.22165421445710157,0.044411249516633694
7,0.24051409696694187,0.07050031129984671
8,0.20891343352207084,0.019154180430543455
9,-0.28358308462033766,-0.10775193064504529
