,class_val_corr,class_val_org
0,0.2762124931331108,0.10398154996271929
1,0.3360240568007009,-0.16796719325933335
2,-0.18972018645286587,0.002534002605075412
3,0.2805407391551874,0.11907660582568273
4,-0.20319671313178247,0.024685145663299754
5,0.27865783739232186,0.09678062017603584
6,-0.25638233358467916,0.05625426273389891
7,0.2819774265189813,0.10153112484361806
8,-0.24307474828097667,-0.04789862779681518
9,-0.2466192386279308,-0.0505836077790901
