,class_val_corr,class_val_org
0,-0.25998124556315927,-0.08639092695093939
1,0.3238101974167587,0.15235141019495357
2,0.22616280082790732,0.040474992781782584
3,0.2893850431799004,0.11353382708613605
4,-0.2197731561322218,-0.04614811898456127
5,0.2716678846252748,0.09174096558751527
6,-0.26791653497410683,0.08657702800412709
7,-0.27857032972572027,0.09225430883650707
8,0.24136336234725853,-0.03704662404686576
9,0.27166292525975744,0.06982403866446427
