,acc_overall,training_probe time,inference time,training_probe flops,inference flops
0,0.9716,115.7676682472229,27.3457190990448,0.13685760000000002,43.8702
