,acc_overall,training_probe time,inference time,training_probe flops,inference flops
0,0.7591,112.12876749038696,28.584146738052368,0.13685759999999997,50.87556
