,class_val_corr,class_val_org
0,0.3610360695596392,0.3610360695596392
1,0.33111692169936735,0.33111692169936735
2,0.1443139784624809,0.1443139784624809
3,0.202324478348162,0.202324478348162
4,0.19629764218112022,0.19629764218112022
5,0.20625211054420653,0.20625211054420653
6,0.28976032280273867,0.28976032280273867
7,0.18560686524298825,0.18560686524298825
8,-0.37167155014693465,-0.37167155014693465
9,0.3427478576185762,0.3427478576185762
