,class_val_corr,class_val_org
0,0.3530223914347519,0.3530223914347519
1,-0.4018594035044883,-0.4018594035044883
2,-0.29448677516165966,-0.29448677516165966
3,-0.37263254963370884,-0.37263254963370884
4,0.30871291838390585,0.30871291838390585
5,-0.35007462762070657,-0.35007462762070657
6,0.31582708465238984,0.31582708465238984
7,0.38236850845693393,0.38236850845693393
8,-0.3326938401109723,-0.3326938401109723
9,-0.36316174375120674,-0.36316174375120674
