,class_val_corr,class_val_org
0,0.4095152203321678,0.4095152203321678
1,0.4148850238246533,0.4148850238246533
2,0.36691281952444565,0.36691281952444565
3,0.3372258331247794,0.3372258331247794
4,-0.3286471667883159,-0.3286471667883159
5,0.3503225153616363,0.3503225153616363
6,0.4054033744038252,0.4054033744038252
7,0.4253842024219616,0.4253842024219616
8,-0.44613749329131874,-0.44613749329131874
9,-0.4220249363995346,-0.4220249363995346
