,class_val_corr,class_val_org
0,0.3527736216521592,0.3527736216521592
1,0.40105447464299804,0.40105447464299804
2,-0.3077636501687607,-0.3077636501687607
3,-0.3784432344639852,-0.3784432344639852
4,0.3253468034360437,0.3253468034360437
5,-0.35881725779094836,-0.35881725779094836
6,0.330088449980919,0.330088449980919
7,0.393735170643027,0.393735170643027
8,-0.3416917269275039,-0.3416917269275039
9,0.3694666396125962,0.3694666396125962
