,class_val_corr,class_val_org
0,-0.35307432985192777,-0.35307432985192777
1,0.4013642918863274,0.4013642918863274
2,-0.31510057957330123,-0.31510057957330123
3,-0.3792497940230906,-0.3792497940230906
4,-0.33111292574221507,-0.33111292574221507
5,-0.36264707731197476,-0.36264707731197476
6,0.340244681929301,0.340244681929301
7,0.4028271435148519,0.4028271435148519
8,0.3514032147276026,0.3514032147276026
9,0.37566299168346473,0.37566299168346473
