,class_val_corr,class_val_org
0,0.3588298857770113,0.3588298857770113
1,-0.40364246957340977,-0.40364246957340977
2,0.317837094346738,0.317837094346738
3,-0.3744877468921394,-0.3744877468921394
4,-0.33467341427745184,-0.33467341427745184
5,-0.3635803576617762,-0.3635803576617762
6,0.35177605001406137,0.35177605001406137
7,0.4101435207224055,0.4101435207224055
8,-0.36439392068797627,-0.36439392068797627
9,0.38145838082780037,0.38145838082780037
