,class_val_corr,class_val_org
0,0.35637101937551013,0.35637101937551013
1,-0.4054830837525138,-0.4054830837525138
2,0.32034889981667464,0.32034889981667464
3,-0.37068052928351797,-0.37068052928351797
4,-0.340924590457764,-0.340924590457764
5,-0.36912553474380405,-0.36912553474380405
6,0.3576295370656899,0.3576295370656899
7,0.4156793316962367,0.4156793316962367
8,-0.3706166159116888,-0.3706166159116888
9,0.38564957808806866,0.38564957808806866
