,class_val_corr,class_val_org
0,-0.33514149891063244,-0.33514149891063244
1,0.3495619062404533,0.3495619062404533
2,0.15723841374525016,0.15723841374525016
3,0.2523090087478239,0.2523090087478239
4,0.18725786732735414,0.18725786732735414
5,0.25468277294080377,0.25468277294080377
6,0.25434853314822664,0.25434853314822664
7,0.23971047643414375,0.23971047643414375
8,0.33605780940559454,0.33605780940559454
9,0.3048817157025812,0.3048817157025812
