,class_val_corr,class_val_org
0,0.3581922392588729,0.3581922392588729
1,-0.404568848463281,-0.404568848463281
2,0.32789345844092527,0.32789345844092527
3,-0.3670562608371951,-0.3670562608371951
4,-0.34818070677141305,-0.34818070677141305
5,-0.36870350437077504,-0.36870350437077504
6,-0.3602860909307393,-0.3602860909307393
7,0.4150925625232012,0.4150925625232012
8,-0.3730278936006264,-0.3730278936006264
9,0.38924301676602424,0.38924301676602424
