,class_val_corr,class_val_org
0,0.34252099820514903,0.34252099820514903
1,0.40138119247155735,0.40138119247155735
2,0.3304702529745735,0.3304702529745735
3,-0.36201941410587,-0.36201941410587
4,-0.35656392072575166,-0.35656392072575166
5,-0.37143757918384923,-0.37143757918384923
6,-0.3690211378430805,-0.3690211378430805
7,0.4070042697467807,0.4070042697467807
8,-0.3677561229834994,-0.3677561229834994
9,0.3841221326107964,0.3841221326107964
