,class_val_corr,class_val_org
0,0.3463026318281199,0.3463026318281199
1,-0.4142869721502718,-0.4142869721502718
2,0.32715013971059836,0.32715013971059836
3,-0.3478109364900857,-0.3478109364900857
4,-0.34127193551004276,-0.34127193551004276
5,-0.3565692383185587,-0.3565692383185587
6,0.3794704080883349,0.3794704080883349
7,0.3823913457904407,0.3823913457904407
8,-0.36987463041902113,-0.36987463041902113
9,0.40425568903386333,0.40425568903386333
