,class_val_corr,class_val_org
0,0.3475839265353956,0.3475839265353956
1,0.42978453154229534,0.42978453154229534
2,0.31207426967408464,0.31207426967408464
3,-0.33119411022014933,-0.33119411022014933
4,0.3297407597901293,0.3297407597901293
5,-0.3605325408965946,-0.3605325408965946
6,-0.3564336864837523,-0.3564336864837523
7,0.39399571795603827,0.39399571795603827
8,0.40570454181758364,0.40570454181758364
9,-0.4133987105558405,-0.4133987105558405
