,class_val_corr,class_val_org
0,-0.34027407682035793,-0.34027407682035793
1,-0.36977182717659945,-0.36977182717659945
2,-0.2139007548929927,-0.2139007548929927
3,-0.30735674879110225,-0.30735674879110225
4,-0.23447952523129822,-0.23447952523129822
5,-0.304105414032856,-0.304105414032856
6,0.2645503866861382,0.2645503866861382
7,-0.29292559010831615,-0.29292559010831615
8,-0.32465057568795735,-0.32465057568795735
9,0.3230791104021761,0.3230791104021761
