,class_val_corr,class_val_org
0,0.3791713415507141,0.3791713415507141
1,0.42836102538465004,0.42836102538465004
2,0.31520168380265257,0.31520168380265257
3,0.30062914176054917,0.30062914176054917
4,0.331476964564128,0.331476964564128
5,0.3851386329679112,0.3851386329679112
6,-0.29509283808070697,-0.29509283808070697
7,0.42263719320931237,0.42263719320931237
8,-0.39416319455388554,-0.39416319455388554
9,-0.4176719309337747,-0.4176719309337747
