,class_val_corr,class_val_org
0,0.3996596293323868,0.3996596293323868
1,0.40753746050548484,0.40753746050548484
2,0.301715450299992,0.301715450299992
3,0.28705460610805467,0.28705460610805467
4,0.3663737362540159,0.3663737362540159
5,0.3825417615434336,0.3825417615434336
6,-0.4005104420508235,-0.4005104420508235
7,-0.4318134207852735,-0.4318134207852735
8,-0.4312250416104889,-0.4312250416104889
9,-0.4106399626657793,-0.4106399626657793
