,class_val_corr,class_val_org
0,-0.3968127715637267,-0.3968127715637267
1,-0.42137209951213084,-0.42137209951213084
2,0.34503853842013665,0.34503853842013665
3,0.3105776668878899,0.3105776668878899
4,0.3268604581244544,0.3268604581244544
5,0.3909230110132842,0.3909230110132842
6,-0.40304206197451325,-0.40304206197451325
7,-0.44389155292705723,-0.44389155292705723
8,-0.4350520170747306,-0.4350520170747306
9,-0.41264661974384154,-0.41264661974384154
