,class_val_corr,class_val_org
0,-0.34970273809835084,-0.34970273809835084
1,-0.38889257815095885,-0.38889257815095885
2,-0.2515045787808759,-0.2515045787808759
3,-0.33863159364388695,-0.33863159364388695
4,0.2667841274896786,0.2667841274896786
5,-0.32417972043421384,-0.32417972043421384
6,0.28146154780320104,0.28146154780320104
7,0.3297216238198375,0.3297216238198375
8,-0.32434101845995095,-0.32434101845995095
9,-0.3345227189138465,-0.3345227189138465
