,class_val_corr,class_val_org
0,0.4010578257337371,0.4010578257337371
1,0.4300392137909372,0.4300392137909372
2,0.3288734413382673,0.3288734413382673
3,-0.34254707159601844,-0.34254707159601844
4,0.3058540013673261,0.3058540013673261
5,0.3477325648205215,0.3477325648205215
6,-0.4185241929439878,-0.4185241929439878
7,0.4357960189943335,0.4357960189943335
8,-0.44432061473637585,-0.44432061473637585
9,-0.43107558964131026,-0.43107558964131026
