,class_val_corr,class_val_org
0,-0.3727852076054052,-0.3727852076054052
1,0.42597820554023375,0.42597820554023375
2,0.3175346493837443,0.3175346493837443
3,0.3494976089469219,0.3494976089469219
4,0.338605560009499,0.338605560009499
5,-0.3328236686653562,-0.3328236686653562
6,0.4044600515585978,0.4044600515585978
7,-0.4301390631953844,-0.4301390631953844
8,0.4520011038528331,0.4520011038528331
9,-0.42231562838561615,-0.42231562838561615
