,class_val_corr,class_val_org
0,0.39110748642231447,0.39110748642231447
1,0.4140303496287873,0.4140303496287873
2,-0.3075644760696571,-0.3075644760696571
3,0.3557606061352404,0.3557606061352404
4,-0.35216754135109724,-0.35216754135109724
5,0.32789873940859543,0.32789873940859543
6,0.3974722397725211,0.3974722397725211
7,0.4264436790703175,0.4264436790703175
8,0.4276203156627814,0.4276203156627814
9,-0.43669895582393414,-0.43669895582393414
