,class_val_corr,class_val_org
0,0.3887403240126402,0.3887403240126402
1,0.43745077190010173,0.43745077190010173
2,0.323810653743123,0.323810653743123
3,0.3370243661764365,0.3370243661764365
4,-0.3228705743978181,-0.3228705743978181
5,0.35234168908775576,0.35234168908775576
6,0.40858567738131835,0.40858567738131835
7,0.4227513972043734,0.4227513972043734
8,-0.4341336813584212,-0.4341336813584212
9,-0.42741037779511143,-0.42741037779511143
