,class_val_corr,class_val_org
0,0.39370909147195765,0.39370909147195765
1,0.4124513254072727,0.4124513254072727
2,0.31550861059791957,0.31550861059791957
3,0.3481463452275736,0.3481463452275736
4,-0.3193756388118043,-0.3193756388118043
5,0.36413954592502495,0.36413954592502495
6,-0.39911308281400837,-0.39911308281400837
7,0.43982508217213545,0.43982508217213545
8,-0.4338633071445792,-0.4338633071445792
9,-0.4419076720332692,-0.4419076720332692
