,class_val_corr,class_val_org
0,-0.40646583317236534,-0.40646583317236534
1,0.4221267549091902,0.4221267549091902
2,0.33146743496619935,0.33146743496619935
3,0.34746864746455874,0.34746864746455874
4,-0.32063569237876133,-0.32063569237876133
5,0.3564357301575289,0.3564357301575289
6,-0.42330404384487796,-0.42330404384487796
7,0.4345140222749241,0.4345140222749241
8,0.4533255444657004,0.4533255444657004
9,-0.42738413320212865,-0.42738413320212865
