,class_val_corr,class_val_org
0,0.4116542714885748,0.4116542714885748
1,0.4358189056758931,0.4358189056758931
2,0.34538459568351576,0.34538459568351576
3,0.3261577453730655,0.3261577453730655
4,0.33612026522513705,0.33612026522513705
5,0.37766950988987014,0.37766950988987014
6,0.3943927428319768,0.3943927428319768
7,0.4303963096233461,0.4303963096233461
8,0.4436877962352733,0.4436877962352733
9,-0.41555759863226377,-0.41555759863226377
