,class_val_corr,class_val_org
0,-0.40859502656771857,-0.40859502656771857
1,0.4205821395980869,0.4205821395980869
2,0.342043928892447,0.342043928892447
3,0.3411558482666193,0.3411558482666193
4,-0.35553980369242444,-0.35553980369242444
5,0.3491691950571412,0.3491691950571412
6,-0.43022701976687444,-0.43022701976687444
7,0.42618914312742995,0.42618914312742995
8,-0.4472712606223411,-0.4472712606223411
9,-0.42634818252882395,-0.42634818252882395
