,acc_overall,training_probe time,inference time,training_probe flops,inference flops
0,0.3902,204.34369587898254,21.599987030029297,0.20275200000000004,182.7306
