,acc_overall,training_probe time,inference time,training_probe flops,inference flops
0,0.8233,147.1517357826233,29.724329948425293,0.13685760000000002,0.1156
