,acc_overall,training_probe time,inference time,training_probe flops,inference flops
0,0.8981,89.81872653961182,23.76025390625,0.13685759999999997,53.38408
