,acc_overall,training_probe time,inference time,training_probe flops,inference flops
0,0.9022,130.19827461242676,25.255223512649536,0.13685759999999997,54.03144
