,acc_overall,training_probe time,inference time,training_probe flops,inference flops
0,0.9545,122.1274516582489,35.59161925315857,0.13685760000000002,51.6154
