,acc_overall,training_probe time,inference time,training_probe flops,inference flops
0,0.4987,117.42972302436829,18.431910514831543,0.20275199999999996,174.85092
