,acc_overall,training_probe time,inference time,training_probe flops,inference flops
0,0.5088,73.51643800735474,10.369006633758545,0.20275199999999996,152.2584
