,acc_overall,training_probe time,inference time,training_probe flops,inference flops
0,0.8208,141.6429581642151,39.612359046936035,0.13685759999999997,32.17148
