,acc_overall,training_probe time,inference time,training_probe flops,inference flops
0,0.9618,117.01949858665466,33.2440345287323,0.13685760000000002,46.26312
