,acc_overall,training_probe time,inference time,training_probe flops,inference flops
0,0.4058,152.72624468803406,19.3728449344635,0.20275200000000004,174.23532
