,acc_overall,training_probe time,inference time,training_probe flops,inference flops
0,0.5004,125.68264770507812,27.76166796684265,0.20275199999999996,174.54312
