,acc_overall,training_probe time,inference time,training_probe flops,inference flops
0,0.6705,3031.391858816147,43.65136384963989,3.2440319999999994,9870.9264
