,acc_overall,training_probe time,inference time,training_probe flops,inference flops
0,0.4613,85.32932615280151,26.48209309577942,0.4055039999999999,613.565
