,acc_overall,training_probe time,inference time,training_probe flops,inference flops
0,0.6507,1471.368097782135,25.695000886917114,1.6220159999999997,5581.91668
