,acc_overall,training_probe time,inference time,training_probe flops,inference flops
0,0.2743,68.15207600593567,22.23338484764099,0.10137599999999998,35.90804
