,acc_overall,training_probe time,inference time,training_probe flops,inference flops
0,0.5487,295.1081759929657,29.611644983291626,0.8110079999999998,2134.97604
