,acc_overall,training_probe time,inference time,training_probe flops,inference flops
0,0.625,3014.001405477524,36.47756767272949,3.2440319999999994,8091.73452
