,acc_overall,training_probe time,inference time,training_probe flops,inference flops
0,0.4006,128.10186505317688,33.216304302215576,0.20275200000000004,179.05752
