,acc_overall,training_probe time,inference time,training_probe flops,inference flops
0,0.4917,116.311368227005,25.533573150634766,0.20275199999999996,174.7278
