,acc_overall,training_probe time,inference time,training_probe flops,inference flops
0,0.9521,102.5045416355133,27.543858766555786,0.13685760000000002,50.62124
