,acc_overall,training_probe time,inference time,training_probe flops,inference flops
0,0.9493,157.5854525566101,24.792499542236328,0.13685760000000002,52.11248
