,acc_overall,training_probe time,inference time,training_probe flops,inference flops
0,0.4128,97.97255444526672,26.678023099899292,0.20275200000000004,165.74004
