,acc_overall,training_probe time,inference time,training_probe flops,inference flops
0,0.9022,141.29669904708862,30.81335186958313,0.13685759999999997,54.65568
