,acc_overall,training_probe time,inference time,training_probe flops,inference flops
0,0.4986,59.47845435142517,8.398368835449219,0.20275199999999996,172.10124
