,acc_overall,training_probe time,inference time,training_probe flops,inference flops
0,0.9457,161.7072410583496,31.65105938911438,0.13685760000000002,52.18184
