,acc_overall,training_probe time,inference time,training_probe flops,inference flops
0,0.5078,55.2107892036438,6.1283485889434814,0.20275199999999996,171.97812
