,acc_overall,training_probe time,inference time,training_probe flops,inference flops
0,0.5179,4927.1938507556915,54.36241579055786,3.2440320000000007,12230.83812
