,acc_overall,training_probe time,inference time,training_probe flops,inference flops
0,0.3522,1534.1542081832886,55.49987006187439,1.6220160000000003,6059.95464
