,acc_overall,training_probe time,inference time,training_probe flops,inference flops
0,0.1101,75.68459749221802,12.543581485748291,0.10137600000000002,37.20332
