,acc_overall,training_probe time,inference time,training_probe flops,inference flops
0,0.5337,5562.297038555145,54.928268909454346,3.2440320000000007,7590.97836
