,acc_overall,training_probe time,inference time,training_probe flops,inference flops
0,0.1955,399.61035799980164,30.013424158096313,0.8110080000000002,2184.39792
