,acc_overall,training_probe time,inference time,training_probe flops,inference flops
0,0.1128,125.79211592674255,18.832342624664307,0.4055040000000001,622.79
