,acc_overall,training_probe time,inference time,training_probe flops,inference flops
0,0.746,93.42128920555115,21.992724180221558,0.13685759999999997,51.71944
