,acc_overall,training_probe time,inference time,training_probe flops,inference flops
0,0.9517,106.17952919006348,27.274152994155884,0.13685760000000002,49.8814
