,acc_overall,training_probe time,inference time,training_probe flops,inference flops
0,0.9488,90.68496894836426,24.637643814086914,0.13685760000000002,53.30316
