,acc_overall,training_probe time,inference time,training_probe flops,inference flops
0,0.3862,190.0037021636963,38.92857646942139,0.20275200000000004,182.95632
