,acc_overall,training_probe time,inference time,training_probe flops,inference flops
0,0.9104,107.15875768661499,26.504658699035645,0.13685759999999997,52.14716
