,acc_overall,training_probe time,inference time,training_probe flops,inference flops
0,0.7517,111.37963604927063,26.716164112091064,0.13685759999999997,49.52304
