,acc_overall,training_probe time,inference time,training_probe flops,inference flops
0,0.7302,141.2243947982788,30.103646516799927,0.13685759999999997,52.4824
