,acc_overall,training_probe time,inference time,training_probe flops,inference flops
0,0.9502,111.09773182868958,26.283867835998535,0.13685760000000002,52.598
