,acc_overall,training_probe time,inference time,training_probe flops,inference flops
0,0.9236,88.11940956115723,27.571356773376465,0.13685759999999997,50.99116
