,acc_overall,training_probe time,inference time,training_probe flops,inference flops
0,0.7797,139.95437240600586,22.182004690170288,0.13685759999999997,44.42508
