,acc_overall,training_probe time,inference time,training_probe flops,inference flops
0,0.7625,94.48903131484985,31.15296506881714,0.13685759999999997,48.86412
