,acc_overall,training_probe time,inference time,training_probe flops,inference flops
0,0.3877,112.98327302932739,38.336142778396606,0.20275200000000004,184.80312
