,acc_overall,training_probe time,inference time,training_probe flops,inference flops
0,0.4002,148.8099648952484,22.771071434020996,0.20275200000000004,179.05752
