,acc_overall,training_probe time,inference time,training_probe flops,inference flops
0,0.5045,59.118757247924805,6.836132526397705,0.20275199999999996,165.2886
