,acc_overall,training_probe time,inference time,training_probe flops,inference flops
0,0.2909,80.8567328453064,30.784039735794067,0.4055040000000001,305.737
