,acc_overall,training_probe time,inference time,training_probe flops,inference flops
0,0.5363,5215.90337729454,47.16049838066101,3.2440320000000007,7658.16096
