,acc_overall,training_probe time,inference time,training_probe flops,inference flops
0,0.5667,4950.012393712997,46.645999908447266,3.2440320000000007,10352.34708
