,acc_overall,training_probe time,inference time,training_probe flops,inference flops
0,0.2219,75.80147576332092,12.692955732345581,0.10137600000000002,20.4058
