,acc_overall,training_probe time,inference time,training_probe flops,inference flops
0,0.4937,1518.2000143527985,28.25881576538086,1.6220160000000003,5323.31404
