,acc_overall,training_probe time,inference time,training_probe flops,inference flops
0,0.3762,371.0673620700836,15.316583156585693,0.8110080000000002,1807.218
