,acc_overall,training_probe time,inference time,training_probe flops,inference flops
0,0.3883,139.78885126113892,28.17404270172119,0.20275200000000004,182.77164
