,acc_overall,training_probe time,inference time,training_probe flops,inference flops
0,0.5174,121.84979724884033,12.217673063278198,0.20275199999999996,155.76732
