,acc_overall,training_probe time,inference time,training_probe flops,inference flops
0,0.7306,126.98659038543701,33.799185276031494,0.13685759999999997,52.598
