,acc_overall,training_probe time,inference time,training_probe flops,inference flops
0,0.393,187.81085681915283,33.54116225242615,0.20275200000000004,182.60748
