,acc_overall,training_probe time,inference time,training_probe flops,inference flops
0,0.495,44.015639781951904,7.071648359298706,0.20275199999999996,172.1628
