,acc_overall,training_probe time,inference time,training_probe flops,inference flops
0,0.1385,92.16643571853638,40.795963764190674,0.4055039999999999,622.339
