,acc_overall,training_probe time,inference time,training_probe flops,inference flops
0,0.2678,358.5505166053772,43.46509051322937,0.8110079999999998,2179.07052
