,acc_overall,training_probe time,inference time,training_probe flops,inference flops
0,0.6045,4108.352472543716,55.341349363327026,3.2440319999999994,12121.37964
