,acc_overall,training_probe time,inference time,training_probe flops,inference flops
0,0.1175,50.1312735080719,27.443042278289795,0.10137599999999998,37.17248
