,acc_overall,training_probe time,inference time,training_probe flops,inference flops
0,0.6277,6700.754476547241,36.87569999694824,3.2440319999999994,7461.52896
