,acc_overall,training_probe time,inference time,training_probe flops,inference flops
0,0.3895,151.26272916793823,27.74461555480957,0.20275200000000004,182.75112
