,acc_overall,training_probe time,inference time,training_probe flops,inference flops
0,0.7526,109.60982298851013,27.004858016967773,0.13685759999999997,51.731
