,acc_overall,training_probe time,inference time,training_probe flops,inference flops
0,0.9272,101.23098230361938,24.979795217514038,0.13685759999999997,51.62696
