,acc_overall,training_probe time,inference time,training_probe flops,inference flops
0,0.9412,69.84912538528442,14.294227361679077,0.13685760000000002,53.43032
