,acc_overall,training_probe time,inference time,training_probe flops,inference flops
0,0.4995,38.06752276420593,5.744063138961792,0.20275199999999996,173.04516
