,acc_overall,training_probe time,inference time,training_probe flops,inference flops
0,0.4011,159.34484815597534,29.88779330253601,0.20275200000000004,182.46384
