,acc_overall,training_probe time,inference time,training_probe flops,inference flops
0,0.759,118.037668466568,34.75805139541626,0.13685759999999997,49.25716
