,acc_overall,training_probe time,inference time,training_probe flops,inference flops
0,0.4969,57.08829355239868,8.597808122634888,0.20275199999999996,169.94664
