,acc_overall,training_probe time,inference time,training_probe flops,inference flops
0,0.7509,91.8333625793457,22.715197324752808,0.13685759999999997,51.43044
