,acc_overall,training_probe time,inference time,training_probe flops,inference flops
0,0.2702,61.958062410354614,14.96116590499878,0.10137599999999998,34.03708
