,acc_overall,training_probe time,inference time,training_probe flops,inference flops
0,0.532,294.3781044483185,21.30656599998474,0.8110079999999998,2048.26236
