,acc_overall,training_probe time,inference time,training_probe flops,inference flops
0,0.6647,4740.464734792709,43.17865800857544,3.2440319999999994,9703.13376
