,acc_overall,training_probe time,inference time,training_probe flops,inference flops
0,0.6323,3006.3507447242737,35.82700514793396,3.2440319999999994,7951.47036
