,acc_overall,training_probe time,inference time,training_probe flops,inference flops
0,0.4209,90.89471864700317,16.570136070251465,0.4055039999999999,569.121
