,acc_overall,training_probe time,inference time,training_probe flops,inference flops
0,0.6509,1451.1276004314423,29.518707752227783,1.6220159999999997,5400.17376
