,acc_overall,training_probe time,inference time,training_probe flops,inference flops
0,0.4975,53.748985290527344,4.145421266555786,0.20275199999999996,173.25036
