,acc_overall,training_probe time,inference time,training_probe flops,inference flops
0,0.5452,109.3588638305664,27.01374888420105,0.20275199999999996,140.54148
