,acc_overall,training_probe time,inference time,training_probe flops,inference flops
0,0.6552,1949.5722377300262,32.662914991378784,1.6220159999999997,5576.67252
