,acc_overall,training_probe time,inference time,training_probe flops,inference flops
0,0.2893,100.6085057258606,14.425148725509644,0.10137599999999998,36.20616
