,acc_overall,training_probe time,inference time,training_probe flops,inference flops
0,0.467,287.85184836387634,22.3396155834198,0.4055039999999999,621.232
