,acc_overall,training_probe time,inference time,training_probe flops,inference flops
0,0.548,737.8431437015533,43.884121894836426,0.8110079999999998,2115.30564
