,acc_overall,training_probe time,inference time,training_probe flops,inference flops
0,0.2893,63.30435252189636,11.306387662887573,0.10137599999999998,36.20616
