,acc_overall,training_probe time,inference time,training_probe flops,inference flops
0,0.9459,137.0519573688507,36.38770580291748,0.13685760000000002,52.50552
