,acc_overall,training_probe time,inference time,training_probe flops,inference flops
0,0.442,122.94659233093262,30.880194902420044,0.20275200000000004,89.17992
