,acc_overall,training_probe time,inference time,training_probe flops,inference flops
0,0.3961,95.28911805152893,12.385876893997192,0.20275200000000004,181.86876
