,acc_overall,training_probe time,inference time,training_probe flops,inference flops
0,0.9611,121.66883444786072,28.987897634506226,0.13685760000000002,48.44796
