,acc_overall,training_probe time,inference time,training_probe flops,inference flops
0,0.7612,122.77746963500977,25.93487858772278,0.13685759999999997,49.23404
