,acc_overall,training_probe time,inference time,training_probe flops,inference flops
0,0.9019,93.12767481803894,21.63105010986328,0.13685759999999997,52.93324
