,acc_overall,training_probe time,inference time,training_probe flops,inference flops
0,0.9814,129.80622911453247,20.300760746002197,0.13685760000000002,36.66832
