,acc_overall,training_probe time,inference time,training_probe flops,inference flops
0,0.4351,125.67147660255432,16.6487717628479,0.20275200000000004,146.16396
