,acc_overall,training_probe time,inference time,training_probe flops,inference flops
0,0.7246,158.48418068885803,27.99397850036621,0.13685759999999997,51.56916
