,acc_overall,training_probe time,inference time,training_probe flops,inference flops
0,0.3973,166.37484908103943,26.0595064163208,0.20275200000000004,183.79764
