,acc_overall,training_probe time,inference time,training_probe flops,inference flops
0,0.4075,122.57412886619568,31.850441694259644,0.20275200000000004,168.73596
