,acc_overall,training_probe time,inference time,training_probe flops,inference flops
0,0.9174,100.20354580879211,23.55290150642395,0.13685759999999997,51.99688
