,acc_overall,training_probe time,inference time,training_probe flops,inference flops
0,0.2108,31.387794017791748,6.105457782745361,0.4055040000000001,642.88
