,acc_overall,training_probe time,inference time,training_probe flops,inference flops
0,0.5018,790.4841549396515,29.73431706428528,1.6220160000000003,5821.18148
