,acc_overall,training_probe time,inference time,training_probe flops,inference flops
0,0.1337,16.407848596572876,4.5779759883880615,0.10137600000000002,37.55284
