,acc_overall,training_probe time,inference time,training_probe flops,inference flops
0,0.3244,117.94175124168396,20.203432321548462,0.8110080000000002,2219.39484
