,acc_overall,training_probe time,inference time,training_probe flops,inference flops
0,0.5377,3016.747289657593,35.96673917770386,3.2440320000000007,7981.29288
