,acc_overall,training_probe time,inference time,training_probe flops,inference flops
0,0.9508,111.73678731918335,29.02885150909424,0.13685760000000002,51.6732
