,acc_overall,training_probe time,inference time,training_probe flops,inference flops
0,0.9064,141.58723521232605,34.116777420043945,0.13685759999999997,54.47072
