,acc_overall,training_probe time,inference time,training_probe flops,inference flops
0,0.6525,1436.3081560134888,26.020148992538452,1.6220159999999997,5499.64892
