,acc_overall,training_probe time,inference time,training_probe flops,inference flops
0,0.2818,55.41637325286865,32.4719762802124,0.10137599999999998,35.13704
