,acc_overall,training_probe time,inference time,training_probe flops,inference flops
0,0.5479,379.0526239871979,45.87721872329712,0.8110079999999998,2086.78356
