,acc_overall,training_probe time,inference time,training_probe flops,inference flops
0,0.6655,4153.255701303482,45.223594427108765,3.2440319999999994,9871.25412
