,acc_overall,training_probe time,inference time,training_probe flops,inference flops
0,0.6318,6247.567981481552,39.41679120063782,3.2440319999999994,8069.12184
