,acc_overall,training_probe time,inference time,training_probe flops,inference flops
0,0.9137,131.16689133644104,27.01396608352661,0.13685759999999997,52.60956
