,acc_overall,training_probe time,inference time,training_probe flops,inference flops
0,0.7931,123.96428060531616,25.62666368484497,0.13685759999999997,11.29412
