,acc_overall,training_probe time,inference time,training_probe flops,inference flops
0,0.2786,90.73049736022949,12.067351579666138,0.4055040000000001,368.385
