,acc_overall,training_probe time,inference time,training_probe flops,inference flops
0,0.367,317.09453558921814,37.7148871421814,0.8110080000000002,1895.81676
