,acc_overall,training_probe time,inference time,training_probe flops,inference flops
0,0.54,4718.2340660095215,37.85521912574768,3.2440320000000007,7810.22304
