,acc_overall,training_probe time,inference time,training_probe flops,inference flops
0,0.5059,1377.0904190540314,30.520822763442993,1.6220160000000003,5430.1638
