,acc_overall,training_probe time,inference time,training_probe flops,inference flops
0,0.5731,3868.9042870998383,45.23244833946228,3.2440320000000007,10247.8044
