,acc_overall,training_probe time,inference time,training_probe flops,inference flops
0,0.2002,36.936217069625854,9.061341762542725,0.10137600000000002,25.16544
