,acc_overall,training_probe time,inference time,training_probe flops,inference flops
0,0.9204,103.18233323097229,23.62496042251587,0.13685759999999997,50.79464
