,acc_overall,training_probe time,inference time,training_probe flops,inference flops
0,0.7328,151.72510743141174,27.076682806015015,0.13685759999999997,52.72516
