,acc_overall,training_probe time,inference time,training_probe flops,inference flops
0,0.9606,114.89191818237305,26.999788284301758,0.13685760000000002,49.06064
