,acc_overall,training_probe time,inference time,training_probe flops,inference flops
0,0.9283,112.28882503509521,27.49833846092224,0.13685759999999997,50.77152
