,acc_overall,training_probe time,inference time,training_probe flops,inference flops
0,0.3881,96.16451478004456,27.492876291275024,0.20275200000000004,181.3968
