,acc_overall,training_probe time,inference time,training_probe flops,inference flops
0,0.514,149.71063256263733,25.452890872955322,0.20275199999999996,171.48564
