,acc_overall,training_probe time,inference time,training_probe flops,inference flops
0,0.4522,215.18994069099426,15.696206092834473,0.4055039999999999,602.864
