,acc_overall,training_probe time,inference time,training_probe flops,inference flops
0,0.6569,1970.5088131427765,31.10814118385315,1.6220159999999997,5432.45812
