,acc_overall,training_probe time,inference time,training_probe flops,inference flops
0,0.2911,118.06524229049683,28.870911598205566,0.10137599999999998,35.12676
