,acc_overall,training_probe time,inference time,training_probe flops,inference flops
0,0.2911,66.2205765247345,19.69733214378357,0.10137599999999998,35.12676
