,acc_overall,training_probe time,inference time,training_probe flops,inference flops
0,0.552,688.4658370018005,24.79385232925415,0.8110079999999998,2040.96792
