,acc_overall,training_probe time,inference time,training_probe flops,inference flops
0,0.4991,141.33136105537415,19.177855730056763,0.20275199999999996,173.16828
