,acc_overall,training_probe time,inference time,training_probe flops,inference flops
0,0.9645,115.6744372844696,30.91109871864319,0.13685759999999997,9.86068
