,class_val_corr,class_val_org
0,0.014613331394857914,-0.016391666924304445
1,-0.012917532856223086,-0.012839378280668674
2,0.01264645618251215,-0.012205310330682879
3,-0.014046454356090188,-0.015498665796571538
4,0.012710984871743344,-0.011089394353514252
5,0.03726452463408919,-0.03553328034161226
6,0.018307452056427,0.017159994975227424
7,-0.005742047706151288,0.004388902710209964
8,0.010467930264495894,-0.011496349275776994
9,0.007428774273121568,-0.010405435866424163
