,class_val_corr,class_val_org
0,-0.03652584316625787,0.07243883725030548
1,-0.02807611206746139,0.03716073797600732
2,-0.07759361278490728,0.07141728641100968
3,0.02599049631796038,0.010400993432512533
4,-0.05188599408524801,-0.02477424295975635
5,-0.02599746800777631,0.0035448297739726752
6,-0.009610527101928204,0.05386988989248226
7,-0.026557803064649756,0.016649747208976086
8,-0.05015530393956284,0.09461472715238471
9,-0.09657101701281001,0.12589150063403975
