,class_val_corr,class_val_org
0,0.022318403584226543,0.1857013868901396
1,-0.14605663136081903,0.2463575689055746
2,-0.1413532767497003,0.08057409094941734
3,0.04702079538216682,0.09506732364649918
4,0.07818729424437064,0.04527909737588565
5,0.08648142358496674,0.20533287552838678
6,-0.08833150800122583,-0.18911854765437008
7,0.019936016369120707,-0.11830236441132227
8,-0.03202618120327562,0.19935504495312506
9,0.22797291366131625,0.31888659158728067
