,class_val_corr,class_val_org
0,-0.27986707442807274,-0.10679340669285206
1,-0.30548478594888995,0.12164040615245304
2,-0.2518118820138164,0.05922627413561315
3,0.27504950454348265,0.08840391355413434
4,-0.24829225581191966,-0.06273914187970837
5,0.2719049286152905,-0.0837903189639311
6,-0.2692820462522749,-0.07826306055000189
7,0.2359722367403497,-0.051840956904879734
8,0.24541182425628974,-0.02833312244736554
9,-0.2985269521549786,0.10920310901534092
