,class_val_corr,class_val_org
0,-0.2721670938127173,-0.07176094489382621
1,0.3020569377805945,0.10844533576791099
2,0.26166496764208436,-0.06333182682078949
3,-0.2968064423404738,0.10224121949214306
4,-0.2606842354754614,0.0635024928617306
5,0.29650733089036196,-0.11033893031338773
6,-0.2901433193074542,-0.08728489916249206
7,0.2501448279326585,-0.06389660233665195
8,0.2570641267422044,-0.05998921025317808
9,-0.2993472859226439,-0.09137585784190501
