,class_val_corr,class_val_org
0,-0.2564388127567824,-0.05110505418957021
1,0.3339124939715169,0.14261470101455137
2,-0.2585337364314908,-0.05322521387897274
3,-0.2847055108559229,0.08113295033430329
4,-0.26806434848919447,-0.06772650562480674
5,0.28212776582050353,0.08446870655497343
6,-0.2946907676719858,-0.09825604270313816
7,0.24930056286080426,-0.05960618173449148
8,-0.3039996561807957,-0.10505843797258695
9,-0.31051691859313535,0.10805054527449051
