,class_val_corr,class_val_org
0,0.023417497680469294,0.17172342734402568
1,0.15431851030643584,0.2531094178466733
2,-0.13657965163705407,0.07989058131878615
3,0.0558898258845283,0.10133661023367277
4,-0.07478300011827596,-0.0456811505591897
5,0.0974469516639374,0.20174568277128427
6,-0.08900252459822801,-0.18590084105348081
7,0.031131534575757305,0.13036894030778975
8,-0.033225896888637585,0.1899778363587244
9,0.21953105104835235,-0.2994635568925575
