,class_val_corr,class_val_org
0,-0.30746851455768304,-0.10526797794671774
1,-0.30179135501695054,0.08649907231372223
2,-0.25833534786636747,-0.039047994418975794
3,-0.29895025476020265,0.08919536821267973
4,-0.2823100917968532,-0.07020162867071106
5,0.32688875888621105,0.12915201581640506
6,-0.29936914089461863,-0.08308734333027411
7,-0.2903133960326935,-0.08587824858834664
8,-0.30050323816750696,-0.09055825636607395
9,-0.2980157857332483,0.07368861977389968
