,class_val_corr,class_val_org
0,-0.28275393569822765,-0.06775457555027595
1,-0.33506641138039406,0.13267239455560662
2,-0.26576792603180666,-0.0498578561885162
3,-0.3066288800375481,0.09651685888641517
4,0.29909924367853435,-0.0907501039449704
5,-0.29080481743375125,0.07749016407061227
6,-0.304652910105892,-0.0961452407347546
7,-0.2732523809922077,-0.07305055432184002
8,-0.29393924488364986,-0.08274388999493887
9,-0.31572201121411514,-0.08715505005624777
