,class_val_corr,class_val_org
0,-0.3042418173603628,-0.08978812165608979
1,-0.33312308134974467,0.12277151769973321
2,-0.2881832093654014,-0.06812058575338842
3,-0.2784191272713067,0.05841933622342213
4,0.26546768400605336,-0.05026142086202038
5,0.3259569134670042,0.12484634522274268
6,-0.29968458681026333,-0.08210353010265362
7,-0.3356829231627002,-0.14802959161618806
8,-0.2763913403064435,-0.0736713161320043
9,0.3216014397099876,0.09389456281917694
