,class_val_corr,class_val_org
0,-0.022699857130195976,0.14901575239335052
1,-0.16582943559641836,0.2579850619981102
2,-0.12502604825849267,0.07292017390498848
3,0.06782419141299147,0.10822261038847228
4,0.06933026122726269,-0.04111366354344459
5,0.10538252692302355,0.19404527839484753
6,-0.0892090620207238,0.17667192239886537
7,0.03937507444682436,0.1329329201458641
8,0.02762937247531555,0.16619966720701757
9,0.20714745290457226,-0.27649731194679905
