,class_val_corr,class_val_org
0,-0.28838347255762564,-0.06676040814686962
1,-0.3301021242659359,-0.10487267801732053
2,-0.26967579171338607,-0.04350871887917944
3,0.32462313275036564,0.10730020754645654
4,0.28946580554688484,-0.06840766292496721
5,0.3282649650071222,0.11755664734268878
6,-0.3188285153711575,0.09680186064555847
7,0.2809838488987786,-0.06971604322153584
8,0.3268680753167964,-0.10864470094858698
9,0.33095675049732043,-0.10701153393651383
