,class_val_corr,class_val_org
0,-0.31386490270503,0.08346912732781941
1,0.34994024189077005,-0.12618021138875712
2,0.2919734131552558,0.061871219165265966
3,0.31171734102305526,-0.0879982079709858
4,-0.30083907159488626,-0.07795703135837515
5,0.33474809520946425,0.12129750307361065
6,-0.30515815836055116,0.07771705359024153
7,0.2946687977434686,-0.08062297229935259
8,0.32727216809442644,-0.10935978180203253
9,0.3399300793846734,0.1103955217157497
