,class_val_corr,class_val_org
0,-0.31443482856374505,-0.08934079655319892
1,-0.33371592254630933,-0.09345333514850357
2,-0.27312736229759654,-0.03297021344763649
3,-0.3098035075410643,-0.08003250264332515
4,0.29848671433930274,-0.07351986124243676
5,0.330656492627166,0.11763677839778022
6,-0.32064503040848763,0.08950339156598117
7,-0.31527568984412824,-0.10544628351835413
8,0.322479855104326,-0.09495694316323565
9,0.3342273088091048,0.09942573459783657
