,class_val_corr,class_val_org
0,0.026754308126633222,0.13095978957074536
1,-0.182175722758869,0.2631907172097444
2,-0.10882730828964363,0.06052084102941913
3,0.08282094388517033,-0.11687449302071157
4,-0.06010264686845931,0.03794362454324332
5,0.11101677924866098,0.18560204611352404
6,0.08789512493647028,0.16165756417202948
7,0.047022703242106986,0.13194140758017867
8,0.02197868663727854,0.13990626419173838
9,0.19340015665132737,-0.2513718373938043
