,class_val_corr,class_val_org
0,-0.29407501929453117,-0.06146601321486107
1,-0.3457396981632574,-0.1122378886432489
2,-0.29815086429427573,0.07098535813824039
3,-0.32800912337077764,0.1004716217276611
4,-0.29661297183870117,0.06804623750350808
5,0.3329556620970149,-0.11620224013669131
6,-0.3357575846570807,0.11993360308691434
7,-0.30973866629399416,-0.09564757372530355
8,0.3170759656608567,-0.0843070604233317
9,-0.336332814462737,0.10386154787258416
