,class_val_corr,class_val_org
0,-0.302133293653124,0.05991993147339167
1,0.3440538429570047,-0.10968704497814433
2,0.32216684831387016,0.09519759480972395
3,0.3096942610602608,0.07622650534045461
4,-0.3154731987028536,0.08225953817270149
5,0.33949314038932665,0.1208065655073945
6,-0.33052234827563304,0.10431579484857958
7,-0.30945713114062334,-0.0823011338722642
8,0.32639716783581985,-0.09674572019766783
9,0.3575025292756549,0.11976939586256827
