,class_val_corr,class_val_org
0,-0.3048731369196543,0.07013728007362105
1,-0.3545048290495976,-0.11439952090715669
2,0.3227856078997452,0.0922933231890429
3,0.31510855814284516,0.08266374418842641
4,-0.32471209167145887,0.10109836257870095
5,0.34152393197836906,-0.11715863703119533
6,-0.33480262406683176,0.1051822918708813
7,-0.30038878404422836,-0.07991249730711507
8,0.3130883113389732,-0.08150658106892206
9,0.3389611688514095,-0.09983906764057099
