,class_val_corr,class_val_org
0,-0.3249684435405359,0.10133851580798134
1,0.36979008557766724,-0.12727029679851246
2,0.30255075093502226,0.05537313792862677
3,-0.3018691958237084,0.05548929679948459
4,-0.309474241895901,-0.0741246188210861
5,0.3429637589460275,-0.11323670663871976
6,-0.3293152657599676,-0.09848240532660005
7,-0.32402350474374486,-0.10587008589669712
8,0.35914955747963767,-0.13396755589890108
9,0.3426821344681269,0.10790088182937674
