,class_val_corr,class_val_org
0,-0.30661278085715943,-0.06508077853469955
1,-0.3577915749404045,-0.11268179082642754
2,0.31359020634542106,0.06898942015403861
3,0.3324771280339749,0.09270469941069179
4,-0.32858760397636577,0.09621466297823181
5,0.3316585518309897,-0.1019915337851691
6,-0.33510962092127305,0.1015983415868203
7,-0.32355187653651646,0.09641131258864427
8,0.3622709584044709,-0.12873056298641558
9,0.3585703589114708,-0.11538641843944068
