,class_val_corr,class_val_org
0,-0.32428100661737436,-0.09707711217094905
1,0.3620550783541997,-0.1274314623598722
2,-0.305208291698039,-0.06347099131977132
3,-0.3262649867004378,-0.09013491583707389
4,-0.3240120056069606,0.09649702409438332
5,0.333414318872833,0.10917533569528282
6,-0.3335193662221796,-0.10210806634377109
7,0.31979196342260896,0.09847414946398733
8,0.3376871346081239,-0.11338341012576682
9,-0.3514223118208346,0.11476634541105521
