,class_val_corr,class_val_org
0,-0.3230877876663808,-0.09166786730704127
1,-0.3504903216174994,-0.10908536058880576
2,-0.3141188554863262,-0.07592904881576094
3,-0.3227914818105207,0.08740619116581114
4,-0.32257617828589125,0.0948784616457042
5,0.3241394158173563,0.09257926810152284
6,-0.32661956214099097,-0.09011496429648454
7,0.3302786948002716,-0.10735506462739104
8,-0.32520662152047536,-0.08418234305068042
9,0.3566271972961685,-0.12392917468875563
