,class_val_corr,class_val_org
0,-0.3147029374345359,-0.08019923973428313
1,-0.3526547579094022,-0.1187970281419452
2,-0.30668287728027455,-0.0655231389241466
3,-0.3144108826787679,-0.08035378716743512
4,-0.3117515989822646,-0.08216202236609443
5,0.33949780179084504,0.11493703371985534
6,-0.33431490006768055,-0.09926944558062857
7,0.3316032669460345,0.11235086574127029
8,-0.3212314142339894,-0.07997248747579798
9,-0.34826996325751924,-0.10568921065289442
