,class_val_corr,class_val_org
0,-0.023843961293371924,0.09464589557261023
1,-0.07930747149220542,-0.09952247917085771
2,-0.10184555229332216,-0.08076655145534328
3,0.037597373752546084,-0.012112256528596333
4,-0.06750048254867723,0.0019396609858600283
5,-0.043151348544212764,0.01735449468450941
6,-0.018748922632369436,-0.12932483746627388
7,-0.03289099013828406,0.006485395554748205
8,-0.10263007122128145,-0.18777785875705238
9,-0.18643158912530672,-0.24349041425192725
