,class_val_corr,class_val_org
0,-0.3224966721301164,-0.09401859901379764
1,0.3544823253706678,-0.12410099036800429
2,0.3121006259385954,0.07658760069005367
3,-0.31938590122267274,-0.08875274302361955
4,-0.3208436121490245,0.09170345237243152
5,0.3223108201278978,-0.09389233163042926
6,-0.3265027095926808,0.09174012068606865
7,0.31934983587834787,0.09769083108184484
8,0.32228337952935654,-0.08361040058539979
9,-0.33711226539543143,-0.1008343555168676
