,class_val_corr,class_val_org
0,-0.30906013007524524,-0.0817613001493579
1,0.31748174641861326,-0.07351145214776275
2,-0.31368575649880914,0.08221014847442602
3,0.31504918945186683,-0.08977272119193433
4,-0.30571766917885823,0.08003900022719704
5,-0.3352804928619236,-0.1157286000481739
6,-0.3215979873329095,0.09595367749291461
7,0.30043169469228176,-0.08008628650795424
8,-0.32941424126607616,-0.1063915153386002
9,0.3556496981497976,-0.13252602302556005
