,class_val_corr,class_val_org
0,-0.3359679664690966,-0.08765027964742686
1,0.37120345480418376,0.12008959531208672
2,-0.3152500202728909,0.05804903996344476
3,0.36557489310956387,-0.1286901212297414
4,-0.32494331441490515,0.0799667187064274
5,0.3695657714903213,-0.13224335530496853
6,0.3446361984340665,0.09519990943612172
7,0.3478693278807129,-0.11467207102156701
8,0.3429575945984289,-0.08228637224552271
9,-0.37655420535088496,-0.1312410582751747
