,class_val_corr,class_val_org
0,-0.35803643791394796,-0.10596861714521957
1,0.3814132165356208,-0.12321081213160856
2,-0.3418285544202146,-0.08972778314176777
3,0.3447913875630623,-0.09270591194509004
4,-0.34051458081265007,0.0834990018520385
5,0.3534976511109962,-0.10455523456689476
6,-0.3626886381853014,0.11505853838318393
7,0.35724006636891886,-0.1224823046261785
8,0.3548205361688421,-0.09727312071291344
9,0.3805045173956951,-0.1206234638100236
