,class_val_corr,class_val_org
0,-0.343410399281615,-0.09987461699478635
1,0.3781843152049694,-0.12436869864363578
2,-0.3357347582702669,-0.08589382902400859
3,0.3349710934305931,-0.08615993889353217
4,0.3321090688463212,0.0818060809788102
5,0.3468712188324869,-0.10539033367544265
6,-0.3550691351907811,0.1087230439315788
7,0.35096867522273856,-0.11981713084060466
8,-0.34427991316203244,-0.08872718502094702
9,0.3761276566710296,-0.12424988498049855
