,class_val_corr,class_val_org
0,-0.34346569044026176,-0.09967103242569711
1,-0.38092953169359045,-0.13442409449891962
2,-0.3310507685285091,-0.08090983185836118
3,-0.33373481406232763,-0.08591358036421204
4,-0.3327292286747604,0.08544403056872958
5,0.34711876412368325,0.1046642336850123
6,-0.3474057364023675,0.10008857248116236
7,0.348747185557791,-0.1158150392236931
8,0.35403803361392866,-0.09826817207916907
9,0.3616228502919494,-0.10595418824530314
