,class_val_corr,class_val_org
0,-0.31876320609238573,-0.06244425647918389
1,0.38269753102035453,-0.1411006559092981
2,-0.3369194267436314,0.08980179368592091
3,-0.33890161860093615,-0.09697180276373032
4,-0.32807166424233897,0.08518325503581936
5,0.339250069468735,-0.09998316728436644
6,-0.34992776224335687,-0.10227078242366452
7,0.3509090582413392,-0.12384142671327822
8,-0.343211181068593,-0.09186992468950878
9,0.35489578697834645,-0.10256727923656878
