,class_val_corr,class_val_org
0,-0.15013177033280292,-0.1247033330699673
1,-0.23520819131942816,0.20051042868976243
2,-0.012473116989189608,-0.0013320812094220272
3,-0.08251481782697836,-0.06004876955397149
4,-0.053473534234091506,-0.05330552377246105
5,0.09917191851128554,-0.0555548991540438
6,0.13278918430424339,-0.1014874403311449
7,0.1191537584629489,0.11318072286632916
8,0.11534263305865214,0.11115644064473636
9,-0.15245552392394968,-0.12458897402934842
