,class_val_corr,class_val_org
0,-0.18100615088946453,-0.12570724581294732
1,0.22152955490493034,0.14769126589153858
2,0.039786817538681865,0.00286872468616981
3,0.09078308474419577,0.044683772946115904
4,-0.0940584152103296,-0.06807043029755505
5,0.11638161502685249,0.036124491634017555
6,0.13305097640913838,-0.07576277054250063
7,0.1575021528002614,-0.12320136006857602
8,0.14739836321096694,0.09981518541694134
9,-0.1622297516298586,-0.10313770825295196
