,class_val_corr,class_val_org
0,-0.009964552450813385,0.15889026128381586
1,0.12742848184054453,0.1849856436598007
2,-0.12117380893089366,-0.08389225250469318
3,-0.00486751306903667,0.04648401244293285
4,-0.06875697588927074,0.022533661524580223
5,-0.01630443255294887,0.06432557416579071
6,0.0662283944880285,-0.17404742153520764
7,-0.023512140338988397,-0.03458622890941332
8,0.06353920889076389,0.20512698391894535
9,0.23105986676989676,0.32074130485924657
