,class_val_corr,class_val_org
0,0.18129718631883107,0.10443085681587067
1,0.22071883376817972,-0.11337634816871067
2,0.06857326171091926,0.01378884851297811
3,0.12093419641621281,0.0527465814023121
4,-0.12497066501481804,0.07080077876608375
5,-0.1436901172108395,0.041919833781252976
6,0.13568812354576176,-0.06068145375450282
7,0.18161075232348234,-0.12889125524759565
8,-0.15404439935387704,0.0626159012908118
9,-0.17644712047429756,-0.09166870953137723
