,class_val_corr,class_val_org
0,-0.17936748735658378,-0.07976206110028645
1,-0.2242969803627435,-0.09699597914288614
2,0.10997319655486014,-0.039311100921162044
3,0.13611020657481582,-0.05307014755059501
4,-0.14328506484355566,0.06840993970876406
5,0.16556765311423519,0.0498534372041249
6,-0.16150897392416835,-0.06732266629240918
7,0.1809124549075497,0.11190808284888212
8,-0.1616754367250035,-0.03639320384510056
9,-0.18402427520498887,-0.08007367805764826
