,class_val_corr,class_val_org
0,-0.18308030416393947,0.07456158581523112
1,0.1964326149928503,0.05459806114626543
2,0.13834057398757724,0.05598443646221349
3,-0.14456017416035555,0.05201110891758441
4,0.1594357458896869,-0.0735822996503682
5,0.18170264414902015,0.06777310521910974
6,0.180773786389443,0.0815137387677261
7,0.17816962729988672,0.09531942226473188
8,0.16899390443644174,-0.032785368763221814
9,-0.16850064882686588,-0.05225466732634004
