,class_val_corr,class_val_org
0,-0.1945536451144003,0.08411115590709788
1,0.15515192169272024,0.010861359459121547
2,0.16351973230312264,0.07305506914287466
3,-0.16815837344150703,0.0709528342657623
4,0.17005836770142813,-0.07225120956116521
5,0.18199616980447447,0.06814494049703401
6,0.20383118146286278,-0.1017310179548753
7,0.18374364761743522,0.090737437429732
8,0.17695849187463247,-0.03526949790104943
9,-0.12513652769979225,-0.0007652583340417227
