,class_val_corr,class_val_org
0,-0.017618458559110796,0.18604812692678005
1,-0.13433652772203505,0.21963883900532782
2,0.1341186980423813,-0.08131837028361143
3,0.020397292222848896,0.06951775930551177
4,-0.0728328059046539,0.03641093234923789
5,-0.03337458645769151,-0.14882920110342962
6,0.08244538322179527,-0.18439101476088726
7,-0.008933383682269955,-0.06937262604851263
8,0.04277488403667967,0.20510682536767888
9,0.2319015208025688,0.332227126790741
