,class_val_corr,class_val_org
0,0.17451805188092934,0.06472680837287931
1,0.2981386981258033,-0.16421434961103573
2,0.1259700764322965,0.016823253132436256
3,0.10299844322095582,-0.013226890129031776
4,0.18176443592300887,-0.0676181449729558
5,0.1593606549076991,0.0346715482881119
6,0.1828919824583526,-0.06773891369277425
7,0.1935995269868756,-0.0882503873790967
8,-0.19267307660203112,0.0662455548256517
9,0.2477342267549858,0.12902618098083068
