,class_val_corr,class_val_org
0,0.24255014979701894,0.133051348260795
1,0.3233311697565716,-0.1903158163430404
2,0.13469689246780006,0.010372257373133777
3,0.18321245770845412,0.06140782917293954
4,0.1560560603891743,-0.03484453511616045
5,0.18928331051690783,-0.05196675034742979
6,0.11525412516756746,-0.022654815549568937
7,0.20847570149924677,0.09959067010399271
8,-0.19427718669230906,-0.06424159686674691
9,0.15577961225684747,0.007335558003458059
