,class_val_corr,class_val_org
0,0.1923609501766559,0.05320794554384005
1,0.2891731124784886,0.14363801452754693
2,0.20703163270714967,0.07137150537213405
3,0.22936606308662102,0.10273142543920556
4,0.12556763197510074,-0.021909703603827907
5,0.23124384110414925,0.08319872341088627
6,0.1841471115086753,0.039167170004339225
7,0.16185980374188455,-0.03858715100503546
8,-0.14188582207651684,0.019340277625071685
9,0.26178446128148186,0.12902529731104068
