,class_val_corr,class_val_org
0,0.21423779102650753,0.058587331292098956
1,-0.2850811359671812,-0.13243864624419682
2,0.19636534645062068,0.052618804243515005
3,0.23241614830884735,0.08871229838863291
4,0.21997142605095765,0.07465892626383591
5,0.17542025681100112,-0.010379863081940971
6,0.26498914036531035,-0.10629728160433564
7,0.1725608884287,-0.035898242749410024
8,0.15874685469078065,-0.006490018651915194
9,-0.2573544136117058,0.10192583980936139
