,class_val_corr,class_val_org
0,0.020330177138572395,0.18895000455945063
1,-0.13907190298810482,0.23587182572458681
2,-0.14086772445746934,0.07993665056885928
3,0.03642620800032331,0.08564409558798156
4,-0.07753736983540932,0.0439726765161224
5,0.06913004915173095,0.19688931772943438
6,0.08646944310631437,0.18887156491107043
7,0.007023251573202674,0.09859083174529343
8,0.03593540133032193,-0.20312005420947798
9,0.23094925790266202,0.32933418242587265
