,class_val_corr,class_val_org
0,-0.2223972980594056,0.07590005448974199
1,-0.27533831054139346,-0.11559088380349461
2,0.20705277860373072,0.062085778126574384
3,0.2017987281875113,0.04253882001058736
4,0.2235683660504878,0.07740824452907571
5,0.2574782743217592,-0.09438434747086215
6,0.263266008279796,0.09837868474147227
7,0.2551639596812879,0.12015314039432776
8,-0.17412260655973122,-0.009260734290317514
9,-0.23775512225429402,0.07028240271565209
