,class_val_corr,class_val_org
0,-0.20142339587774227,-0.03697280519531701
1,-0.31283325669621664,-0.14596203665679236
2,0.192498464786255,0.023667369104530916
3,-0.2770822163652691,0.12005050653873087
4,0.21035441427708323,0.04211780136143632
5,0.28079671755637836,-0.12101270914201653
6,0.24415332465767492,-0.08062896787657038
7,-0.22588989793955994,-0.0731250063331062
8,-0.19040438676954777,-0.0008217341767782858
9,-0.2584305046777205,0.07925610239298472
