,class_val_corr,class_val_org
0,-0.2502003040931181,-0.08053400938804786
1,-0.30845702888750115,0.13487114016326401
2,0.21381997725361657,0.03615423943823066
3,0.2792282154303433,0.11410747954901024
4,-0.21504577967599744,0.04112847308396707
5,0.26135094191535146,-0.0940733038678891
6,0.28073121400155654,0.11667569292036424
7,0.22047837318855182,-0.056698650860805874
8,-0.18886975343144613,0.009952490057944071
9,-0.2729780325048833,0.09518928520098471
