,class_val_corr,class_val_org
0,-0.22732872528602793,-0.02677866130947257
1,-0.30579822065832457,-0.12448461093378753
2,0.22356571698045893,0.045634538554614267
3,-0.24475171153012487,0.061777400111283146
4,-0.24840251892057674,0.07370388016821741
5,0.28330023538927757,-0.10747386875782813
6,0.2576020028449512,-0.0713400526724408
7,-0.26411872975330164,-0.09961506301092171
8,-0.25178663029025483,-0.06516245244712984
9,-0.2821762565808942,-0.08739145120005716
