,acc_overall,training_probe time,inference time,training_probe flops,inference flops
0,0.8966,89.14191699028015,24.25450563430786,0.13685759999999997,53.41876
