,acc_overall,training_probe time,inference time,training_probe flops,inference flops
0,0.9016,119.54160785675049,31.995684385299683,0.13685759999999997,54.59788
