,acc_overall,training_probe time,inference time,training_probe flops,inference flops
0,0.9095,128.47971606254578,33.72320580482483,0.13685759999999997,53.60372
