,acc_overall,training_probe time,inference time,training_probe flops,inference flops
0,0.6723,3946.422899723053,45.328545570373535,3.2440319999999994,9883.70748
