,acc_overall,training_probe time,inference time,training_probe flops,inference flops
0,0.4457,116.94264221191406,21.80713939666748,0.4055039999999999,601.019
