,acc_overall,training_probe time,inference time,training_probe flops,inference flops
0,0.633,4731.58728313446,38.187315464019775,3.2440319999999994,8060.2734
