,acc_overall,training_probe time,inference time,training_probe flops,inference flops
0,0.2795,54.628199338912964,22.08055830001831,0.10137599999999998,35.45572
