,acc_overall,training_probe time,inference time,training_probe flops,inference flops
0,0.6527,1413.7077968120575,29.188100337982178,1.6220159999999997,5547.50188
