,acc_overall,training_probe time,inference time,training_probe flops,inference flops
0,0.5359,378.9916481971741,16.717661380767822,0.8110079999999998,2109.15864
