,acc_overall,training_probe time,inference time,training_probe flops,inference flops
0,0.54,93.26049995422363,28.894009351730347,0.20275199999999996,135.86292
