,acc_overall,training_probe time,inference time,training_probe flops,inference flops
0,0.8233,129.79819989204407,29.129034996032715,0.13685760000000002,0.1156
