,acc_overall,training_probe time,inference time,training_probe flops,inference flops
0,0.1534,270.93987584114075,19.69978380203247,0.10137600000000002,36.99772
