,acc_overall,training_probe time,inference time,training_probe flops,inference flops
0,0.3362,340.90315437316895,17.15918731689453,0.8110080000000002,2198.49504
