,acc_overall,training_probe time,inference time,training_probe flops,inference flops
0,0.1534,93.91309523582458,22.355760097503662,0.10137600000000002,36.99772
