,acc_overall,training_probe time,inference time,training_probe flops,inference flops
0,0.223,127.85236597061157,27.50970768928528,0.4055040000000001,639.928
