,acc_overall,training_probe time,inference time,training_probe flops,inference flops
0,0.504,1360.1031761169434,22.310895442962646,1.6220160000000003,5847.40228
