,acc_overall,training_probe time,inference time,training_probe flops,inference flops
0,0.9398,123.86409330368042,27.199729204177856,0.13685759999999997,47.53472
