,acc_overall,training_probe time,inference time,training_probe flops,inference flops
0,0.4998,59.01915526390076,5.770115375518799,0.20275199999999996,158.1066
