,acc_overall,training_probe time,inference time,training_probe flops,inference flops
0,0.7494,92.3246431350708,23.736390829086304,0.13685759999999997,51.92752
