,acc_overall,training_probe time,inference time,training_probe flops,inference flops
0,0.2441,77.04716396331787,12.298538208007812,0.4055040000000001,618.977
