,acc_overall,training_probe time,inference time,training_probe flops,inference flops
0,0.577,4877.057141304016,44.96317410469055,3.2440320000000007,9991.19964
