,acc_overall,training_probe time,inference time,training_probe flops,inference flops
0,0.1465,67.26194858551025,20.09575366973877,0.10137600000000002,36.5968
