,acc_overall,training_probe time,inference time,training_probe flops,inference flops
0,0.5079,1328.2932143211365,31.01004719734192,1.6220160000000003,5728.91704
