,acc_overall,training_probe time,inference time,training_probe flops,inference flops
0,0.3423,320.8365435600281,23.70272970199585,0.8110080000000002,2193.16764
