,acc_overall,training_probe time,inference time,training_probe flops,inference flops
0,0.5339,4694.80757856369,37.13830614089966,3.2440320000000007,7899.36288
