,acc_overall,training_probe time,inference time,training_probe flops,inference flops
0,0.9595,118.52364540100098,23.97396183013916,0.13685760000000002,49.85828
