,acc_overall,training_probe time,inference time,training_probe flops,inference flops
0,0.5199,1826.6994397640228,33.89873790740967,1.6220160000000003,5488.3412
