,acc_overall,training_probe time,inference time,training_probe flops,inference flops
0,0.3685,492.75988245010376,19.05336356163025,0.8110080000000002,2032.68996
