,acc_overall,training_probe time,inference time,training_probe flops,inference flops
0,0.1647,94.82959938049316,22.665070295333862,0.10137600000000002,33.2044
