,acc_overall,training_probe time,inference time,training_probe flops,inference flops
0,0.1647,174.9609272480011,19.555485725402832,0.10137600000000002,33.2044
