,acc_overall,training_probe time,inference time,training_probe flops,inference flops
0,0.2415,261.7598168849945,83.96274733543396,0.4055040000000001,562.233
