,acc_overall,training_probe time,inference time,training_probe flops,inference flops
0,0.3985,141.15815210342407,29.442853212356567,0.20275200000000004,179.4474
