,acc_overall,training_probe time,inference time,training_probe flops,inference flops
0,0.7491,90.98057341575623,23.459144115447998,0.13685759999999997,50.87556
