,acc_overall,training_probe time,inference time,training_probe flops,inference flops
0,0.5119,113.00138640403748,19.75760054588318,0.20275199999999996,174.29688
