,acc_overall,training_probe time,inference time,training_probe flops,inference flops
0,0.7661,117.09639859199524,29.091675758361816,0.13685759999999997,50.81776
