,class_val_corr,class_val_org
0,-0.013225789647681003,-0.012426216985968682
1,0.013120473541785065,-0.013352575733659371
2,0.019596811158428238,0.020015158608608946
3,0.021486105723430432,-0.02219996634289689
4,0.017441524048271553,0.015562094290242582
5,-0.00838850522053338,-0.008392904371443643
6,0.03145517117290868,0.02683559499638324
7,-0.02832896200311895,0.02995680110395422
8,0.0024632802072873643,-0.0038860917392698237
9,-0.018611562325534653,-0.018559695901780682
