,class_val_corr,class_val_org
0,0.15964683820158182,0.206435049138807
1,0.08471181236515672,0.09457170196541251
2,0.10030852348295566,0.0691243774922559
3,0.08578780139449961,0.03187260035068102
4,0.07699833791051643,-0.01893533310348134
5,0.04346886692227415,0.017564661956499496
6,0.006457793223055312,0.14133137947840715
7,0.051522180582154395,0.039842257159090906
8,0.20020658567826932,0.24282314802278812
9,0.20111380464625844,0.23345400314805248
