,class_val_corr,class_val_org
0,0.2980955093812235,0.16824021731180588
1,0.3201720139034945,0.20065116794480506
2,0.23880394987307124,0.09266300240818132
3,0.26801133159072316,0.12542109040700797
4,0.2819055772027387,-0.14231141052245844
5,0.265329124793663,-0.11890288471502111
6,-0.27732584422224993,-0.13454743147994036
7,0.29641199624418557,-0.16545479548158806
8,0.30726671592368426,0.18422849665805646
9,-0.29085618390189943,-0.16880746205006986
