,class_val_corr,class_val_org
0,0.27993530242554726,-0.14198300463810226
1,0.31706267074849104,0.1903088785133964
2,-0.270129029113897,0.12654588377106812
3,0.244008204665058,-0.09467712344998683
4,0.2871057196079655,0.14808564109066208
5,0.2988444706694696,-0.1701363514487269
6,-0.2676385323632854,-0.11518074018375092
7,0.2913520557241025,-0.1622167571211025
8,0.3220184574933674,0.19097629824056425
9,0.289977599545306,0.1606889932886243
