,class_val_corr,class_val_org
0,0.1765553561516749,0.26606810542675174
1,-0.2427876741852511,0.3403732988948545
2,0.004756181151939258,-0.08432917804407337
3,0.069705410459556,0.14325134603452955
4,0.014789093640227617,0.11250788373986662
5,0.10857769888975777,-0.19327442194760808
6,-0.11753836719223791,0.22574489373724654
7,0.12624258629319188,-0.23444169410393476
8,0.17438053925755953,-0.31561778051259787
9,-0.20623975711270698,0.30229761001993893
