,class_val_corr,class_val_org
0,0.29485837910252555,0.15240823385376778
1,0.32789018178012286,0.19507573497651123
2,-0.28193637064376575,-0.1291374162280283
3,0.28444148930182567,-0.13555282796944904
4,0.29123044694345407,0.15020252684814284
5,0.3196365798912975,-0.17666035930401877
6,0.27928541140847085,-0.12291019759031721
7,0.30970186461874555,0.17204375462748553
8,0.3143494748065283,0.18357831528413837
9,-0.3168209205195952,0.17827324527833222
