,class_val_corr,class_val_org
0,0.30241891036698293,-0.16537438326103565
1,0.334642880389214,-0.2025553341348946
2,-0.2648170579669519,-0.10973142946429135
3,0.2667840326652542,-0.11120256543354695
4,-0.293859219161653,-0.1492555057439752
5,0.297798894736249,-0.1496146593011287
6,-0.29452876807467376,-0.14339988211493718
7,-0.317995283190273,-0.1828066795643456
8,0.31001912015968963,-0.17994731161515065
9,0.3371804142087997,0.20826024805402954
