,class_val_corr,class_val_org
0,0.2946805250027754,0.1577863737958638
1,0.28139736401650256,-0.14100160663785746
2,-0.3003282553092147,-0.1487016068985515
3,-0.3035662570700084,0.1645796998744703
4,0.2843490658675548,-0.14339624911407414
5,0.3062924157249923,-0.16519024067974022
6,0.2926382491268584,-0.14281855507322613
7,0.32184760397367773,0.18819929055014456
8,0.3162873177264399,0.19096816644895492
9,0.30552653525788354,0.1674927396326876
