,class_val_corr,class_val_org
0,0.18805649851278783,0.26852226222958636
1,-0.23764475218932277,0.3251283097654256
2,-0.019098207442629165,-0.09023379971099935
3,0.08449689605298348,-0.15100253183302698
4,-0.029560483766229106,-0.11984074440522761
5,0.1246513507567069,0.2015800391164908
6,-0.12253491756947445,0.2210283177005923
7,0.1448929826931002,-0.23979673004253033
8,0.1772312983007539,-0.3093667239223924
9,0.1976342760202579,-0.28433700909204196
