,class_val_corr,class_val_org
0,0.31807203317007904,0.18239614623488473
1,0.33428522863248844,-0.20160901369710932
2,-0.30856402187534915,-0.1542272515841634
3,-0.30983572615506383,-0.16045585700219223
4,0.30239774230914895,0.15666665084267448
5,0.31174894639951756,-0.16362415387317694
6,-0.28787704830966704,-0.12851790343644057
7,0.31928318282800416,0.17300000396139992
8,0.29465467211986884,-0.15730114649732668
9,0.31564018954918294,0.1757177940379449
