,class_val_corr,class_val_org
0,0.3064906560213451,0.16214278455899747
1,0.35276483544346493,0.221202067087103
2,-0.2917313362259638,0.13123783931369434
3,-0.3119730641622757,-0.15769576115751716
4,-0.30102515831278176,-0.14723261582251773
5,0.3127120556709235,-0.16256037461501835
6,-0.30631762424768916,0.1508234450217923
7,0.34159987307226136,-0.20291469932122258
8,0.3217083880923734,0.1810937750655044
9,-0.34509635757214185,0.212533942835422
