,class_val_corr,class_val_org
0,0.30833045682992677,-0.16224221989260185
1,-0.33916840743279114,0.20017060786392196
2,0.29435469753867816,0.1363161194313301
3,0.29165245132539575,-0.1310156164286675
4,0.32618378180126667,0.1746333443057404
5,0.3221733167710439,0.1675186597862715
6,0.3273891989309894,-0.17259539335667587
7,0.33139469762658197,-0.18494184064349323
8,-0.32360090784049705,0.1798891658573795
9,-0.3379594520342282,0.20941570912738056
