,class_val_corr,class_val_org
0,0.318238212120766,-0.17897763096999386
1,0.328456699653486,0.1888441123390785
2,-0.2946443523866778,0.13501838075946196
3,-0.30416831916539655,-0.14777580332591278
4,0.3046583239439626,0.1530326723590932
5,0.3211473861685097,-0.1703221647967525
6,0.30940909830336805,0.14752217872441797
7,-0.3143901618703072,-0.16558836025029638
8,-0.32951640836689144,-0.1911394268725724
9,-0.33882021290605435,0.20312882416190448
