,class_val_corr,class_val_org
0,0.20173867932362508,0.2739309677650769
1,0.23467321476683434,-0.3088574117840714
2,-0.030343195152250514,-0.09406607942620256
3,0.09638414539445966,-0.15408694266036124
4,-0.0432027142315271,-0.12388156058231824
5,0.137202840793353,-0.20479422037603673
6,0.12721491077944075,-0.2167284149218662
7,0.16038619355012684,0.2393433173810032
8,0.18529049722967764,0.3054776643538317
9,0.19051068518972608,-0.26609697943259186
