,class_val_corr,class_val_org
0,0.31473077952544776,-0.17595762174739032
1,0.33605942245272635,0.20279697923009068
2,0.2555458892750662,0.0924469996015255
3,-0.30280952412818596,-0.14992358674842707
4,0.310558157886192,-0.16062872842846315
5,0.3126969556912689,0.16422574447558336
6,-0.3292137752862613,0.180954778960305
7,-0.31858347052656866,0.17286091402121295
8,-0.32073804998976707,-0.1858244468679264
9,0.3350475977013319,0.1978733026834416
