,class_val_corr,class_val_org
0,0.3427197944180424,-0.20539041624691678
1,-0.35247654797908057,-0.21186121690205437
2,-0.3134261288649291,0.14856880548838394
3,-0.31115935286633695,-0.14966608459483485
4,-0.3322878973981688,-0.1701895661490791
5,0.3337517104883704,-0.1749163065192459
6,0.331126456044278,-0.16991955233740952
7,-0.32747703450711796,-0.17230593702250852
8,-0.3169539269499776,0.17305820978424497
9,0.3501987689035745,0.2082706119783687
