,class_val_corr,class_val_org
0,0.21297120234624475,0.27404928008774215
1,0.23150330521663887,0.29113965874858994
2,0.04042300603549625,0.09416205187127774
3,0.09974760882154682,-0.14877437624327922
4,0.05956300792471995,-0.1284614470227785
5,0.14552447601750013,0.20327652463723422
6,0.12930969977591766,-0.20865216682279558
7,0.17575647675427583,0.23942789876976178
8,0.19118903435232495,0.2957144020945207
9,0.18153089600464414,0.24249234243779288
