,class_val_corr,class_val_org
0,0.3301538942243053,-0.1862022661362947
1,0.35517927356794776,0.21767605071214224
2,-0.3061448488143424,0.13815656408705562
3,0.31861056368101504,0.15667209657838696
4,0.3071911039427056,0.14416773911267053
5,0.331362998796278,-0.17602125099154367
6,0.31289689361340045,-0.13905371712514508
7,0.3479087242625677,0.2006658361331383
8,0.3278012615043093,0.17944291256632872
9,-0.3466625870178963,0.2035831852468982
