,class_val_corr,class_val_org
0,0.3305642202555493,-0.18325437576539744
1,0.34656310798570844,-0.20532412215212514
2,-0.3090443606805755,-0.13950002171977507
3,0.3162326231953276,-0.15501132529650496
4,0.30823193749945976,0.1461290692249121
5,-0.3252281895159903,-0.1669017011052164
6,-0.32322891392053027,0.1569308486767118
7,0.33770354735704644,0.18789678873893223
8,-0.3241054535335952,0.1725104569214868
9,0.34642864090074665,0.200546856114376
