,class_val_corr,class_val_org
0,0.3177984911227314,-0.1731945528804747
1,-0.35216975171226944,0.2150952441935156
2,-0.31148313311004455,0.14759485405318362
3,-0.31158953555769664,-0.15234006776313982
4,0.30624448973523877,0.1466103361065066
5,-0.31861905257860745,0.1620040797458245
6,0.3190104760451309,0.15595560178457044
7,0.32996640961816337,0.18119590669109115
8,-0.3130366629539524,0.16478747880218952
9,-0.3358866601906253,0.19183098520004202
