,class_val_corr,class_val_org
0,0.3233469654400569,-0.18030082109865753
1,0.34056493008929445,0.20342809509953225
2,-0.3272452480482353,0.16909100130381066
3,-0.3009119500633074,-0.14317053461921425
4,0.2801259342682321,0.11297599589529451
5,0.3143655050472661,0.15671595193024201
6,0.31456868286489337,0.15247570892652862
7,0.32764716543652905,0.18132814481583978
8,-0.3233694983266469,0.17563474315172817
9,-0.3347336277486938,0.19166948019667143
