,class_val_corr,class_val_org
0,0.16637253074732417,0.26789080401384535
1,0.1309966827919153,0.17070368083383133
2,0.07822547697959664,-0.01650826565180714
3,-0.04734153979664819,0.014036583535415887
4,0.04868312505654478,0.0751329724437208
5,-0.029362014170535203,0.06675065682862664
6,-0.0479557865624296,0.19302329797251574
7,-0.01809991779341298,0.03232663978037872
8,0.2123671738934722,0.29855134566032393
9,0.23031860806550547,0.2953433269407395
