,class_val_corr,class_val_org
0,0.22141154606267321,-0.2721300675620933
1,0.22522603041758693,0.26620490899370686
2,0.04919456474162559,0.09300283426165863
3,0.10353001465649235,0.1424784430648911
4,-0.0680885319865383,-0.12326323245489652
5,0.15585225297773386,0.2036451030977387
6,0.12935738270534872,-0.1943947243543686
7,0.1924342840344411,0.2396301443953306
8,0.19360539898555013,0.2851076252430302
9,0.17735124715965367,0.22334893884674314
