,class_val_corr,class_val_org
0,0.3139697170596243,-0.17240490880413933
1,0.3414299721374038,-0.20528670934442927
2,-0.2994111254496918,0.13591996076500598
3,0.2965979674699643,-0.13886240196519614
4,0.2998382122238335,-0.14359878380457036
5,0.3153031825676936,0.16138719231466148
6,0.30574636485552975,-0.14377372428571866
7,0.3390796620155115,0.1979371677316713
8,-0.31764955682385265,0.17178867391474764
9,-0.3345650119650063,0.1948692051322215
