,class_val_corr,class_val_org
0,0.30788020472136224,-0.16693853441341228
1,0.336789596022185,0.20155722097737044
2,-0.29772767996810967,0.1356325936518436
3,-0.30525727394314994,-0.15130853876512315
4,-0.3024992192405802,0.14736240226941474
5,0.3128469023086855,0.1597995668248578
6,-0.309623606656001,0.15119300950755915
7,0.32617610068994196,0.1827404217579668
8,-0.314549739100673,0.16886440951266668
9,-0.3250081239764308,0.184840416869188
