,class_val_corr,class_val_org
0,-0.228526047837806,-0.2526539928412034
1,0.22969968681472044,0.22651449335030213
2,0.078084503230188,0.0986659311461631
3,0.10303978624374313,0.11445742755957244
4,0.1033719245539815,-0.13070083292893125
5,0.1670614893825209,0.18794266794095782
6,0.1282545859901677,0.1616084776795188
7,0.21706095805875517,0.22808144595838958
8,0.20108760818603813,-0.25619731074479735
9,0.18792787514618386,0.20354195032865585
