,class_val_corr,class_val_org
0,-0.23076428378715047,-0.23613317836005684
1,-0.23337695551718854,-0.19343056489667976
2,0.10374204676544398,0.09820657786697921
3,0.11849175446131685,0.10487643186865471
4,0.12609711997606013,0.12359125586855309
5,0.1788796504765927,0.17494328472736198
6,0.1385797095922035,0.14088003611680178
7,0.23547818210484253,-0.21495029356012418
8,0.2024744551400628,-0.22503653507726967
9,0.19204534470089335,0.18213874027862212
