,class_val_corr,class_val_org
0,-0.22473309009419626,-0.21014332390650242
1,0.23853057317294743,-0.17166990847297053
2,0.12403987728638541,0.09407045326012761
3,0.1387693830563615,-0.10458606946470733
4,0.13691474022529554,-0.109380187748298
5,0.18386085118998996,0.15863610044573914
6,0.14593355007574002,0.11994092388087624
7,0.24183387412139584,0.1956020796001459
8,0.19373027183049152,0.18657489434811023
9,0.22127745216517009,0.19204403944500412
