,class_val_corr,class_val_org
0,0.16368148050485928,0.28306491390200106
1,0.17190042834491184,0.2700121839760311
2,-0.04329181962642484,0.04268910578286115
3,0.012769058522371507,0.07654471052775355
4,-0.017810575277116096,0.09203999454914108
5,0.04624841381185321,0.1678355665443918
6,0.11253285196207163,0.2209921406365506
7,0.020755618066250814,0.1153524263090035
8,0.18000104979987114,0.314149011255797
9,0.2153738806472354,0.3155461304329311
