,class_val_corr,class_val_org
0,-0.22930815460470533,-0.1951634159092449
1,-0.23136816902341595,-0.15358277725346778
2,0.14578621057936023,0.0953417383461176
3,0.156262522193788,-0.10639547392125374
4,-0.1513269858133331,0.10098044579832184
5,0.17602487953585982,0.13200791297472472
6,-0.17681589652240276,0.13298232626128223
7,0.21650585131253347,0.14857200919339164
8,0.1816452993861034,-0.1487927292693912
9,0.23811866891501768,0.1903679258298435
