,class_val_corr,class_val_org
0,-0.21292934985717837,-0.1613706693025007
1,-0.2064959718098319,-0.12089996307629
2,-0.146808899057315,0.08454578725360255
3,0.18640933744820487,0.12701584891890158
4,-0.15680876743558247,0.09507386451531816
5,-0.17864793600740891,0.12597091153965947
6,-0.17568248328135944,0.11483946093011266
7,0.2124439100998079,0.13785497747390668
8,-0.18506800476277424,0.12911405641149787
9,-0.2105449059723038,-0.1492214211216395
