,class_val_corr,class_val_org
0,-0.1814165342401602,0.10992766247179367
1,-0.23511248016223382,-0.1497434984356965
2,0.14531120781678836,0.06613710900704758
3,0.1912555436777278,0.1270422863469938
4,0.15407589274606753,-0.07336476604257024
5,-0.18740443889827282,0.12496957203710951
6,0.18084033999192758,-0.11619276301998817
7,0.22913670081901777,0.14896572004788972
8,-0.18541701770397137,0.12372437031945033
9,0.22065600652600686,-0.1518939194639824
