,class_val_corr,class_val_org
0,0.23034505378243045,0.1591295797581102
1,0.24387431422967076,0.16237481158508965
2,0.16493462688783528,0.07776213202453187
3,-0.21075956656555095,0.13851174139974826
4,0.18793219383586476,-0.10157653841781833
5,0.1939074264032079,0.12545308289706766
6,0.18820169602679576,0.10383110356549113
7,0.198573788188543,0.11030949741511575
8,0.21618337578179658,0.14813517355259648
9,0.19925545895776461,0.12522454862369897
