,class_val_corr,class_val_org
0,0.16192424536045005,-0.27190150050483
1,0.19354090919562256,-0.303455325625976
2,0.03609201074901762,-0.04918914909447231
3,-0.03246019979898758,0.1086514804193623
4,0.008841784859471192,-0.09862004198916607
5,0.06836043944762119,0.18142212617650647
6,0.11950492222288076,0.23272399767216578
7,-0.06012214532096598,-0.18165005338060475
8,0.1836527403729442,0.32741753425122255
9,0.21156875518738266,0.3163236492451333
