,class_val_corr,class_val_org
0,-0.21024763162537116,0.12958084061367978
1,-0.24713920436910763,-0.1592379492828726
2,0.20334152792362786,0.11278628512516918
3,0.21446367653800846,-0.13098423028838996
4,0.20030324210762562,0.10240767874648644
5,-0.24597581896482046,-0.17387328940207097
6,-0.20100258639489627,0.11569996741611502
7,0.26109164359038295,0.17089068148557565
8,0.18125269011412606,0.10126648962045408
9,0.16018542772545197,-0.08033239666489943
