,class_val_corr,class_val_org
0,0.2335305447205419,0.14513039996111154
1,0.31074473603550623,-0.2311343910148309
2,0.1870469473539203,0.08384015035040575
3,0.19908187641577152,0.10249139491307614
4,0.1999699123996244,-0.09092948078930535
5,-0.2565383292480268,-0.16908889089842932
6,0.1881558399106819,-0.0719813071642696
7,0.2168485516190183,-0.11358545524586264
8,0.20506694172451592,0.11767260911508559
9,-0.2554388055029191,-0.17034900907800601
