,class_val_corr,class_val_org
0,-0.21160884844150113,-0.10656006137952419
1,0.3178648395262164,-0.23094676348501386
2,0.16174095069400168,0.04686031956938304
3,0.2288237362089766,-0.12671584271670283
4,0.24160619693325586,0.1308176757140661
5,-0.24944579121618152,-0.14847494892160024
6,0.24286940437037807,-0.1333596021961764
7,-0.23668957450508965,-0.13130431562189504
8,0.1887604640987664,0.09811782564142385
9,0.2960448940228938,-0.20731207733369367
