,class_val_corr,class_val_org
0,-0.20698611757595642,0.10254902136816088
1,0.3112975346875341,-0.2182335899884394
2,0.20512214884449892,0.08957962113346962
3,0.24908760330395183,0.13978951558160735
4,0.2377805453677249,0.11992325394118206
5,0.27167099453352583,0.16701425807059966
6,-0.20104176895876502,-0.07409812453800514
7,-0.27336900371909334,0.16549728696217025
8,0.22741563131050013,0.13209626096809274
9,-0.2800014276055258,-0.18317167570314194
