,class_val_corr,class_val_org
0,0.16539891511235513,0.27117564781934356
1,0.2198825442401982,-0.3306687406587777
2,-0.029776873973783428,0.05546783774251934
3,0.0459467424470937,-0.12571607006728264
4,0.004961529203307386,-0.10003667324260881
5,-0.08378067468809121,0.1873071246117315
6,-0.11809506069654842,0.2332118158890838
7,-0.08917363133581566,0.21406456576266536
8,-0.17890286577890424,0.32819106019232197
9,0.21221567435779506,-0.3150461622031074
