,class_val_corr,class_val_org
0,0.2797072962624477,-0.16227733807268202
1,0.3140872443534909,-0.20864367524895494
2,0.2439621546323538,0.11649514991835389
3,-0.21471133829230665,-0.08590012719156276
4,0.26272100527597914,0.1479361407213684
5,-0.2791536832491007,-0.16247094380512178
6,-0.21582042600964357,-0.07925855441404277
7,0.2857636898754916,-0.1675720460583835
8,0.26246804123266054,0.15321178873299174
9,-0.26227252234199216,0.15574245154033917
