,class_val_corr,class_val_org
0,0.28371960203098706,-0.16627361606689545
1,0.3396352515153732,-0.23714256464428782
2,-0.23467643361975185,0.09374404828524245
3,0.2481518856673835,0.1212334441290557
4,0.265850195739342,0.13490042505424082
5,-0.2767777591738326,-0.15007511564259074
6,0.24331472469304577,-0.10487582737328331
7,0.28070708661500715,0.15565445657639337
8,-0.24678952378279873,0.14053806576870387
9,-0.2902378578768794,-0.17627367928934673
