,class_val_corr,class_val_org
0,-0.30598262622207373,0.1806028694786495
1,-0.3099983883885489,-0.19160842843050652
2,-0.23613504170188931,0.09597558388333871
3,0.26546025813244434,-0.13149782180283537
4,0.26436054005460063,0.125530203060804
5,0.29044535733061005,-0.16882475646857073
6,-0.2453604871683563,-0.10203481198394364
7,-0.2673624387842559,-0.13928523150080524
8,0.26754548646371157,0.14756386280791128
9,-0.3040525749026265,0.18662450154298274
