,acc_overall,training_probe time,inference time,training_probe flops,inference flops
0,0.7288,174.1262001991272,24.30125641822815,0.13685759999999997,52.43616
