,acc_overall,training_probe time,inference time,training_probe flops,inference flops
0,0.9467,107.13056898117065,28.75220251083374,0.13685760000000002,53.0604
