,acc_overall,training_probe time,inference time,training_probe flops,inference flops
0,0.3872,191.75711607933044,32.579800605773926,0.20275200000000004,183.28464
