,acc_overall,training_probe time,inference time,training_probe flops,inference flops
0,0.794,121.5533401966095,28.379175424575806,0.13685759999999997,39.52364
