,acc_overall,training_probe time,inference time,training_probe flops,inference flops
0,0.9382,140.99288129806519,29.8348388671875,0.13685759999999997,48.62136
