,acc_overall,training_probe time,inference time,training_probe flops,inference flops
0,0.9473,104.76421809196472,22.95378041267395,0.13685760000000002,52.6558
