,acc_overall,training_probe time,inference time,training_probe flops,inference flops
0,0.3866,151.33719420433044,33.43461585044861,0.20275200000000004,182.54592
