,acc_overall,training_probe time,inference time,training_probe flops,inference flops
0,0.9294,124.69072413444519,27.944796323776245,0.13685759999999997,49.89296
