,acc_overall,training_probe time,inference time,training_probe flops,inference flops
0,0.4024,144.97044682502747,23.628327131271362,0.20275200000000004,179.037
