,acc_overall,training_probe time,inference time,training_probe flops,inference flops
0,0.95,99.33331227302551,22.88823628425598,0.13685760000000002,51.01428
