,acc_overall,training_probe time,inference time,training_probe flops,inference flops
0,0.3923,125.78459525108337,19.996910095214844,0.20275200000000004,183.28464
