,acc_overall,training_probe time,inference time,training_probe flops,inference flops
0,0.4949,60.7209038734436,5.641815662384033,0.20275199999999996,171.93708
