,acc_overall,training_probe time,inference time,training_probe flops,inference flops
0,0.904,139.52791094779968,24.341144800186157,0.13685759999999997,53.78868
