,acc_overall,training_probe time,inference time,training_probe flops,inference flops
0,0.496,59.49684429168701,9.68688154220581,0.20275199999999996,172.53216
