,acc_overall,training_probe time,inference time,training_probe flops,inference flops
0,0.7503,91.81210851669312,24.302852630615234,0.13685759999999997,51.88128
