,acc_overall,training_probe time,inference time,training_probe flops,inference flops
0,0.9189,124.91234755516052,15.593587875366211,0.13685759999999997,52.04312
