,acc_overall,training_probe time,inference time,training_probe flops,inference flops
0,0.4935,56.49070429801941,6.745985746383667,0.20275199999999996,172.08072
