,acc_overall,training_probe time,inference time,training_probe flops,inference flops
0,0.3865,188.75425004959106,28.84119200706482,0.20275200000000004,182.89476
