,acc_overall,training_probe time,inference time,training_probe flops,inference flops
0,0.5283,322.19830226898193,29.012598514556885,0.8110079999999998,1925.40432
