,acc_overall,training_probe time,inference time,training_probe flops,inference flops
0,0.4493,126.01514434814453,17.987866640090942,0.4055039999999999,450.754
