,acc_overall,training_probe time,inference time,training_probe flops,inference flops
0,0.334,63.9057354927063,13.214575290679932,0.10137599999999998,29.02044
