,acc_overall,training_probe time,inference time,training_probe flops,inference flops
0,0.6568,4743.157880067825,44.47852444648743,3.2440319999999994,10075.42368
