,acc_overall,training_probe time,inference time,training_probe flops,inference flops
0,0.6413,1405.8299775123596,27.68635320663452,1.6220159999999997,5288.4076
