,acc_overall,training_probe time,inference time,training_probe flops,inference flops
0,0.631,3005.2697863578796,36.05270075798035,3.2440319999999994,7986.86412
