,acc_overall,training_probe time,inference time,training_probe flops,inference flops
0,0.9448,164.3551206588745,34.116278886795044,0.13685760000000002,52.03156
