,acc_overall,training_probe time,inference time,training_probe flops,inference flops
0,0.7279,152.30500173568726,33.87842917442322,0.13685759999999997,51.89284
