,acc_overall,training_probe time,inference time,training_probe flops,inference flops
0,0.5078,81.39056158065796,27.595483541488647,0.20275199999999996,163.42128
