,acc_overall,training_probe time,inference time,training_probe flops,inference flops
0,0.749,87.86120676994324,24.034644842147827,0.13685759999999997,51.9044
