,acc_overall,training_probe time,inference time,training_probe flops,inference flops
0,0.5123,119.68008542060852,25.229954481124878,0.20275199999999996,174.50208
