,acc_overall,training_probe time,inference time,training_probe flops,inference flops
0,0.2705,170.62116169929504,30.15148162841797,0.10137599999999998,36.41176
