,acc_overall,training_probe time,inference time,training_probe flops,inference flops
0,0.5491,574.3800909519196,36.24041271209717,0.8110079999999998,2126.61612
