,acc_overall,training_probe time,inference time,training_probe flops,inference flops
0,0.4514,242.2996208667755,21.151453733444214,0.4055039999999999,624.799
