,acc_overall,training_probe time,inference time,training_probe flops,inference flops
0,0.6554,1889.0913650989532,34.24182987213135,1.6220159999999997,5623.37832
