,acc_overall,training_probe time,inference time,training_probe flops,inference flops
0,0.2705,104.95134925842285,23.846753120422363,0.10137599999999998,36.41176
