,acc_overall,training_probe time,inference time,training_probe flops,inference flops
0,0.6673,4627.1116938591,43.50847315788269,3.2440319999999994,9833.2386
