,acc_overall,training_probe time,inference time,training_probe flops,inference flops
0,0.4492,96.00385117530823,21.076305866241455,0.4055039999999999,612.048
