,acc_overall,training_probe time,inference time,training_probe flops,inference flops
0,0.652,1377.9796438217163,26.971818447113037,1.6220159999999997,5565.03704
