,acc_overall,training_probe time,inference time,training_probe flops,inference flops
0,0.2742,68.86531496047974,21.11108684539795,0.10137599999999998,35.8772
