,acc_overall,training_probe time,inference time,training_probe flops,inference flops
0,0.5411,307.0184965133667,37.37343239784241,0.8110079999999998,2130.38628
