,acc_overall,training_probe time,inference time,training_probe flops,inference flops
0,0.6256,3005.424944639206,36.462788105010986,3.2440319999999994,8080.91976
