,acc_overall,training_probe time,inference time,training_probe flops,inference flops
0,0.9017,92.55898880958557,21.341368675231934,0.13685759999999997,53.176
