,acc_overall,training_probe time,inference time,training_probe flops,inference flops
0,0.5562,54.54909038543701,5.984785795211792,0.20275199999999996,109.6794
