,acc_overall,training_probe time,inference time,training_probe flops,inference flops
0,0.5119,118.82702231407166,24.49462080001831,0.20275199999999996,174.91248
