,acc_overall,training_probe time,inference time,training_probe flops,inference flops
0,0.4983,119.61429738998413,21.757057666778564,0.20275199999999996,173.20932
