,acc_overall,training_probe time,inference time,training_probe flops,inference flops
0,0.9016,158.57748913764954,35.579360008239746,0.13685759999999997,54.332
