,acc_overall,training_probe time,inference time,training_probe flops,inference flops
0,0.3923,107.84836173057556,16.35458993911743,0.20275200000000004,183.92076
