,acc_overall,training_probe time,inference time,training_probe flops,inference flops
0,0.1547,120.66349005699158,28.938727617263794,0.10137600000000002,35.50712
