,acc_overall,training_probe time,inference time,training_probe flops,inference flops
0,0.3468,434.5021448135376,17.207313060760498,0.8110080000000002,2144.40144
