,acc_overall,training_probe time,inference time,training_probe flops,inference flops
0,0.1547,184.1546938419342,82.71150374412537,0.10137600000000002,35.50712
