,acc_overall,training_probe time,inference time,training_probe flops,inference flops
0,0.5132,1451.7237057685852,28.936070442199707,1.6220160000000003,5770.37868
