,acc_overall,training_probe time,inference time,training_probe flops,inference flops
0,0.2302,155.57989501953125,34.06513714790344,0.4055040000000001,613.442
