,acc_overall,training_probe time,inference time,training_probe flops,inference flops
0,0.9599,118.77754497528076,26.10410189628601,0.13685760000000002,48.71384
