,acc_overall,training_probe time,inference time,training_probe flops,inference flops
0,0.9585,107.30234551429749,28.591248273849487,0.13685760000000002,50.14728
