,acc_overall,training_probe time,inference time,training_probe flops,inference flops
0,0.7326,131.44046068191528,16.94852352142334,0.13685759999999997,51.95064
