,acc_overall,training_probe time,inference time,training_probe flops,inference flops
0,0.3888,100.85585498809814,24.981855869293213,0.20275200000000004,182.95632
