,acc_overall,training_probe time,inference time,training_probe flops,inference flops
0,0.7488,109.79866600036621,26.04368257522583,0.13685759999999997,51.52292
