,acc_overall,training_probe time,inference time,training_probe flops,inference flops
0,0.3954,173.657723903656,28.547828197479248,0.20275200000000004,182.56644
