,acc_overall,training_probe time,inference time,training_probe flops,inference flops
0,0.9035,115.35816884040833,26.48614501953125,0.13685759999999997,52.47084
