,acc_overall,training_probe time,inference time,training_probe flops,inference flops
0,0.4984,108.39011788368225,20.848693370819092,0.20275199999999996,173.394
