,acc_overall,training_probe time,inference time,training_probe flops,inference flops
0,0.7537,110.74069166183472,27.52873468399048,0.13685759999999997,51.48824
