,acc_overall,training_probe time,inference time,training_probe flops,inference flops
0,0.7263,146.7262728214264,34.644853353500366,0.13685759999999997,51.85816
