,acc_overall,training_probe time,inference time,training_probe flops,inference flops
0,0.39,152.63146233558655,22.447638988494873,0.20275200000000004,183.22308
