,acc_overall,training_probe time,inference time,training_probe flops,inference flops
0,0.9706,126.20678377151489,18.769681930541992,0.13685759999999997,39.69704
