,acc_overall,training_probe time,inference time,training_probe flops,inference flops
0,0.4025,114.27238893508911,29.639448881149292,0.20275200000000004,180.28872
