,acc_overall,training_probe time,inference time,training_probe flops,inference flops
0,0.9028,140.23892188072205,17.90932011604309,0.13685759999999997,54.52852
