,acc_overall,training_probe time,inference time,training_probe flops,inference flops
0,0.9749,129.41938376426697,27.122268676757812,0.13685760000000002,22.70384
