,acc_overall,training_probe time,inference time,training_probe flops,inference flops
0,0.4498,136.34562301635742,30.366512775421143,0.20275200000000004,140.43888
