,acc_overall,training_probe time,inference time,training_probe flops,inference flops
0,0.9431,150.993061542511,36.58031225204468,0.13685760000000002,52.50552
