,acc_overall,training_probe time,inference time,training_probe flops,inference flops
0,0.9576,112.4535596370697,27.216087102890015,0.13685760000000002,50.19352
