,acc_overall,training_probe time,inference time,training_probe flops,inference flops
0,0.9329,104.46016597747803,28.10968828201294,0.13685759999999997,50.02012
