,acc_overall,training_probe time,inference time,training_probe flops,inference flops
0,0.7599,107.77882981300354,30.316365003585815,0.13685759999999997,49.28028
