,acc_overall,training_probe time,inference time,training_probe flops,inference flops
0,0.5074,113.17143511772156,20.841551065444946,0.20275199999999996,174.70728
