,acc_overall,training_probe time,inference time,training_probe flops,inference flops
0,0.2727,88.11078405380249,13.325445652008057,0.10137599999999998,36.79212
