,acc_overall,training_probe time,inference time,training_probe flops,inference flops
0,0.6564,1377.3342778682709,26.89916181564331,1.6220159999999997,5668.77308
