,acc_overall,training_probe time,inference time,training_probe flops,inference flops
0,0.5496,253.7067129611969,16.037026405334473,0.8110079999999998,2150.46648
