,acc_overall,training_probe time,inference time,training_probe flops,inference flops
0,0.4543,114.70548915863037,19.33299160003662,0.4055039999999999,634.721
