,acc_overall,training_probe time,inference time,training_probe flops,inference flops
0,0.2727,100.05934977531433,20.285545110702515,0.10137599999999998,36.79212
