,acc_overall,training_probe time,inference time,training_probe flops,inference flops
0,0.8999,92.674320936203,23.102030515670776,0.13685759999999997,53.38408
