,acc_overall,training_probe time,inference time,training_probe flops,inference flops
0,0.6572,1543.2169201374054,30.412004709243774,1.6220159999999997,5597.64916
