,acc_overall,training_probe time,inference time,training_probe flops,inference flops
0,0.4528,122.29882287979126,9.880234479904175,0.4055039999999999,610.941
