,acc_overall,training_probe time,inference time,training_probe flops,inference flops
0,0.5461,376.8145682811737,27.614576816558838,0.8110079999999998,2125.14084
