,acc_overall,training_probe time,inference time,training_probe flops,inference flops
0,0.6298,4881.096671819687,37.47432899475098,3.2440319999999994,8088.78504
