,acc_overall,training_probe time,inference time,training_probe flops,inference flops
0,0.2722,81.45799922943115,40.98784518241882,0.10137599999999998,35.86692
