,acc_overall,training_probe time,inference time,training_probe flops,inference flops
0,0.6667,4150.7919363975525,45.728108167648315,3.2440319999999994,10001.68668
