,acc_overall,training_probe time,inference time,training_probe flops,inference flops
0,0.6532,1368.568894147873,24.724762439727783,1.6220159999999997,5605.84316
