,acc_overall,training_probe time,inference time,training_probe flops,inference flops
0,0.6695,4085.453296661377,45.045398473739624,3.2440319999999994,9883.37976
