,acc_overall,training_probe time,inference time,training_probe flops,inference flops
0,0.5423,297.86761713027954,22.907094717025757,0.8110079999999998,2143.33596
