,acc_overall,training_probe time,inference time,training_probe flops,inference flops
0,0.6286,3012.135010957718,36.40384650230408,3.2440319999999994,8069.12184
