,acc_overall,training_probe time,inference time,training_probe flops,inference flops
0,0.2573,68.19462943077087,20.959676504135132,0.10137599999999998,36.32952
