,acc_overall,training_probe time,inference time,training_probe flops,inference flops
0,0.9216,105.60484337806702,27.013187885284424,0.13685759999999997,51.11832
