,acc_overall,training_probe time,inference time,training_probe flops,inference flops
0,0.3995,132.9997055530548,35.73656153678894,0.20275200000000004,177.1902
