,acc_overall,training_probe time,inference time,training_probe flops,inference flops
0,0.7487,93.38161396980286,21.746617555618286,0.13685759999999997,52.34368
