,acc_overall,training_probe time,inference time,training_probe flops,inference flops
0,0.4959,45.540746212005615,6.79611349105835,0.20275199999999996,173.33244
