,acc_overall,training_probe time,inference time,training_probe flops,inference flops
0,0.7183,125.46376872062683,27.596713066101074,0.13685759999999997,52.91012
