,acc_overall,training_probe time,inference time,training_probe flops,inference flops
0,0.2699,95.68765473365784,14.666050672531128,0.10137599999999998,35.98
