,acc_overall,training_probe time,inference time,training_probe flops,inference flops
0,0.6529,1891.743724346161,31.378221035003662,1.6220159999999997,5568.31464
