,acc_overall,training_probe time,inference time,training_probe flops,inference flops
0,0.2699,82.08115911483765,10.236252307891846,0.10137599999999998,35.98
