,acc_overall,training_probe time,inference time,training_probe flops,inference flops
0,0.4438,203.91736817359924,14.295732498168945,0.4055039999999999,617.296
