,acc_overall,training_probe time,inference time,training_probe flops,inference flops
0,0.5443,233.79329109191895,14.748995065689087,0.8110079999999998,2106.29004
