,acc_overall,training_probe time,inference time,training_probe flops,inference flops
0,0.9453,141.14657998085022,29.466862440109253,0.13685760000000002,52.8292
