,acc_overall,training_probe time,inference time,training_probe flops,inference flops
0,0.4881,96.20774245262146,23.08791995048523,0.20275199999999996,172.9836
