,acc_overall,training_probe time,inference time,training_probe flops,inference flops
0,0.7555,110.00461673736572,29.69593071937561,0.13685759999999997,50.4016
