,acc_overall,training_probe time,inference time,training_probe flops,inference flops
0,0.9418,91.570237159729,26.424901008605957,0.13685760000000002,53.80024
