,acc_overall,training_probe time,inference time,training_probe flops,inference flops
0,0.72,101.65492939949036,30.02104949951172,0.13685759999999997,53.15288
