,acc_overall,training_probe time,inference time,training_probe flops,inference flops
0,0.2324,104.37642002105713,25.4311363697052,0.4055040000000001,603.52
