,acc_overall,training_probe time,inference time,training_probe flops,inference flops
0,0.5037,1721.407345533371,35.11481952667236,1.6220160000000003,5716.46216
