,acc_overall,training_probe time,inference time,training_probe flops,inference flops
0,0.3279,281.2266070842743,35.68929576873779,0.8110080000000002,2177.92308
