,acc_overall,training_probe time,inference time,training_probe flops,inference flops
0,0.5706,4880.532374858856,44.752654790878296,3.2440320000000007,9903.37068
