,acc_overall,training_probe time,inference time,training_probe flops,inference flops
0,0.1492,57.58059620857239,33.38734412193298,0.10137600000000002,36.06224
