,acc_overall,training_probe time,inference time,training_probe flops,inference flops
0,0.7593,110.9251070022583,28.884193897247314,0.13685759999999997,50.88712
