,acc_overall,training_probe time,inference time,training_probe flops,inference flops
0,0.1798,241.70870232582092,17.439255237579346,0.10137600000000002,30.97364
