,acc_overall,training_probe time,inference time,training_probe flops,inference flops
0,0.1798,116.99737763404846,23.995517015457153,0.10137600000000002,30.97364
