,acc_overall,training_probe time,inference time,training_probe flops,inference flops
0,0.2751,254.35388731956482,22.518486261367798,0.4055040000000001,504.71
