,acc_overall,training_probe time,inference time,training_probe flops,inference flops
0,0.3741,361.33557415008545,20.76783037185669,0.8110080000000002,1995.97188
