,acc_overall,training_probe time,inference time,training_probe flops,inference flops
0,0.97,106.45424389839172,22.75787591934204,0.13685760000000002,44.1014
