,acc_overall,training_probe time,inference time,training_probe flops,inference flops
0,0.4887,49.72516942024231,4.178216218948364,0.20275199999999996,173.394
