,acc_overall,training_probe time,inference time,training_probe flops,inference flops
0,0.9722,124.72000074386597,29.44434094429016,0.13685760000000002,41.66224
