,acc_overall,training_probe time,inference time,training_probe flops,inference flops
0,0.3016,155.91961669921875,19.160826444625854,0.20275199999999996,0.2052
