,acc_overall,training_probe time,inference time,training_probe flops,inference flops
0,0.8011,137.92229342460632,16.87946653366089,0.13685759999999997,19.05088
