,acc_overall,training_probe time,inference time,training_probe flops,inference flops
0,0.5031,73.92031836509705,4.6382951736450195,0.20275199999999996,163.42128
