,acc_overall,training_probe time,inference time,training_probe flops,inference flops
0,0.3878,138.3339011669159,20.12747097015381,0.20275200000000004,183.71556
