,acc_overall,training_probe time,inference time,training_probe flops,inference flops
0,0.908,106.87053632736206,23.02959942817688,0.13685759999999997,52.43616
