,acc_overall,training_probe time,inference time,training_probe flops,inference flops
0,0.7433,116.70370697975159,20.424843311309814,0.13685759999999997,50.44784
