,acc_overall,training_probe time,inference time,training_probe flops,inference flops
0,0.5022,121.68480014801025,19.939149379730225,0.20275199999999996,171.81396
