,acc_overall,training_probe time,inference time,training_probe flops,inference flops
0,0.81,128.10676956176758,18.355034589767456,0.13685759999999997,28.87688
