,acc_overall,training_probe time,inference time,training_probe flops,inference flops
0,0.4043,153.13651180267334,29.730416297912598,0.20275200000000004,178.48296
