,acc_overall,training_probe time,inference time,training_probe flops,inference flops
0,0.9024,90.6692943572998,15.797892093658447,0.13685759999999997,53.38408
