,acc_overall,training_probe time,inference time,training_probe flops,inference flops
0,0.4932,116.67847180366516,26.49156665802002,0.20275199999999996,174.58416
