,acc_overall,training_probe time,inference time,training_probe flops,inference flops
0,0.7295,158.37780666351318,30.77103900909424,0.13685759999999997,51.81192
