,acc_overall,training_probe time,inference time,training_probe flops,inference flops
0,0.9266,89.01331639289856,26.899819374084473,0.13685759999999997,50.37848
