,acc_overall,training_probe time,inference time,training_probe flops,inference flops
0,0.4902,129.8789303302765,24.34943962097168,0.20275199999999996,173.98908
