,acc_overall,training_probe time,inference time,training_probe flops,inference flops
0,0.9748,127.4113917350769,32.461379528045654,0.13685759999999997,34.14824
