,acc_overall,training_probe time,inference time,training_probe flops,inference flops
0,0.3714,397.5320990085602,18.11149573326111,0.8110080000000002,1913.52012
