,acc_overall,training_probe time,inference time,training_probe flops,inference flops
0,0.5116,1989.3704657554626,81.83642506599426,1.6220160000000003,5469.33112
