,acc_overall,training_probe time,inference time,training_probe flops,inference flops
0,0.1959,78.06443238258362,14.657772779464722,0.10137600000000002,28.13636
