,acc_overall,training_probe time,inference time,training_probe flops,inference flops
0,0.2762,118.86134028434753,46.85563063621521,0.4055040000000001,426.851
