,acc_overall,training_probe time,inference time,training_probe flops,inference flops
0,0.1959,82.72921228408813,20.347729921340942,0.10137600000000002,28.13636
