,acc_overall,training_probe time,inference time,training_probe flops,inference flops
0,0.5362,4639.567400217056,37.09290027618408,3.2440320000000007,7889.53128
