,acc_overall,training_probe time,inference time,training_probe flops,inference flops
0,0.2414,111.36232590675354,31.066690683364868,0.4055040000000001,567.768
