,acc_overall,training_probe time,inference time,training_probe flops,inference flops
0,0.1546,74.62201285362244,20.43600082397461,0.10137600000000002,34.53052
