,acc_overall,training_probe time,inference time,training_probe flops,inference flops
0,0.5172,1372.9380753040314,27.14292025566101,1.6220160000000003,5593.06052
