,acc_overall,training_probe time,inference time,training_probe flops,inference flops
0,0.3476,373.780061006546,36.35797691345215,0.8110080000000002,2118.01032
