,acc_overall,training_probe time,inference time,training_probe flops,inference flops
0,0.575,4879.977424383163,44.794795989990234,3.2440320000000007,9878.13624
