,acc_overall,training_probe time,inference time,training_probe flops,inference flops
0,0.9476,114.15669655799866,25.577641248703003,0.13685760000000002,50.96804
