,acc_overall,training_probe time,inference time,training_probe flops,inference flops
0,0.3898,185.1633276939392,24.895379066467285,0.20275200000000004,183.07944
