,acc_overall,training_probe time,inference time,training_probe flops,inference flops
0,0.7469,92.45623517036438,20.11472201347351,0.13685759999999997,52.40148
