,acc_overall,training_probe time,inference time,training_probe flops,inference flops
0,0.7946,144.17550921440125,17.06721520423889,0.13685759999999997,22.33392
