,acc_overall,training_probe time,inference time,training_probe flops,inference flops
0,0.9184,105.78811836242676,25.387763023376465,0.13685759999999997,51.53448
