,acc_overall,training_probe time,inference time,training_probe flops,inference flops
0,0.5627,55.71121835708618,6.959485769271851,0.20275199999999996,104.8572
