,acc_overall,training_probe time,inference time,training_probe flops,inference flops
0,0.7687,120.35955619812012,26.769484758377075,0.13685759999999997,48.69072
