,acc_overall,training_probe time,inference time,training_probe flops,inference flops
0,0.6342,4899.9117176532745,37.97724652290344,3.2440319999999994,8061.25656
