,acc_overall,training_probe time,inference time,training_probe flops,inference flops
0,0.6587,1632.8572826385498,32.19180870056152,1.6220159999999997,5612.39836
