,acc_overall,training_probe time,inference time,training_probe flops,inference flops
0,0.2683,53.358800649642944,30.510186195373535,0.10137599999999998,36.2884
