,acc_overall,training_probe time,inference time,training_probe flops,inference flops
0,0.6731,4066.7172405719757,45.60519790649414,3.2440319999999994,9955.47816
