,acc_overall,training_probe time,inference time,training_probe flops,inference flops
0,0.4597,108.39435291290283,29.06851291656494,0.4055039999999999,621.847
