,acc_overall,training_probe time,inference time,training_probe flops,inference flops
0,0.5348,347.12497448921204,17.52058744430542,0.8110079999999998,2141.28696
