,acc_overall,training_probe time,inference time,training_probe flops,inference flops
0,0.2284,232.47931241989136,99.1398913860321,0.4055040000000001,587.858
