,acc_overall,training_probe time,inference time,training_probe flops,inference flops
0,0.517,1777.1106610298157,31.24427604675293,1.6220160000000003,5552.2544
