,acc_overall,training_probe time,inference time,training_probe flops,inference flops
0,0.1684,144.08096599578857,26.150144577026367,0.10137600000000002,34.06792
