,acc_overall,training_probe time,inference time,training_probe flops,inference flops
0,0.3535,296.569673538208,13.61071252822876,0.8110080000000002,2071.45704
