,acc_overall,training_probe time,inference time,training_probe flops,inference flops
0,0.9067,133.54726576805115,31.291324615478516,0.13685759999999997,53.28004
