,acc_overall,training_probe time,inference time,training_probe flops,inference flops
0,0.9454,89.55623388290405,24.326754570007324,0.13685760000000002,53.32628
