,acc_overall,training_probe time,inference time,training_probe flops,inference flops
0,0.4008,126.03215003013611,12.79410457611084,0.20275200000000004,178.81128
