,acc_overall,training_probe time,inference time,training_probe flops,inference flops
0,0.9009,137.37259149551392,30.744647979736328,0.13685759999999997,54.49384
