,acc_overall,training_probe time,inference time,training_probe flops,inference flops
0,0.4951,46.632540464401245,10.286517143249512,0.20275199999999996,172.75788
