,acc_overall,training_probe time,inference time,training_probe flops,inference flops
0,0.3927,145.42226147651672,31.180182695388794,0.20275200000000004,184.76208
