,acc_overall,training_probe time,inference time,training_probe flops,inference flops
0,0.3854,119.1974573135376,31.55681562423706,0.20275200000000004,181.21212
