,acc_overall,training_probe time,inference time,training_probe flops,inference flops
0,0.3838,117.473562002182,27.026232719421387,0.20275200000000004,184.5774
