,acc_overall,training_probe time,inference time,training_probe flops,inference flops
0,0.7599,112.51544380187988,29.367066621780396,0.13685759999999997,50.91024
