,acc_overall,training_probe time,inference time,training_probe flops,inference flops
0,0.3848,146.69355463981628,20.09167242050171,0.20275200000000004,183.5514
