,acc_overall,training_probe time,inference time,training_probe flops,inference flops
0,0.9497,111.53085494041443,28.1849582195282,0.13685760000000002,51.69632
