,acc_overall,training_probe time,inference time,training_probe flops,inference flops
0,0.7961,122.06388330459595,16.767048597335815,0.13685759999999997,38.11332
