,acc_overall,training_probe time,inference time,training_probe flops,inference flops
0,0.2484,119.19311475753784,13.390410661697388,0.4055040000000001,606.923
