,acc_overall,training_probe time,inference time,training_probe flops,inference flops
0,0.5359,4662.471242904663,36.95391893386841,3.2440320000000007,7864.95228
