,acc_overall,training_probe time,inference time,training_probe flops,inference flops
0,0.1494,63.31625747680664,19.782103300094604,0.10137600000000002,36.22672
