,acc_overall,training_probe time,inference time,training_probe flops,inference flops
0,0.5789,4828.918903589249,44.74865746498108,3.2440320000000007,9994.14912
