,acc_overall,training_probe time,inference time,training_probe flops,inference flops
0,0.511,1331.8439302444458,31.036568641662598,1.6220160000000003,5712.52904
