,acc_overall,training_probe time,inference time,training_probe flops,inference flops
0,0.3457,290.4818389415741,11.503243684768677,0.8110080000000002,2176.52976
