,acc_overall,training_probe time,inference time,training_probe flops,inference flops
0,0.7391,142.67839217185974,13.131829261779785,0.13685759999999997,51.56916
