,acc_overall,training_probe time,inference time,training_probe flops,inference flops
0,0.7236,147.23292517662048,20.86935591697693,0.13685759999999997,52.57488
