,acc_overall,training_probe time,inference time,training_probe flops,inference flops
0,0.3329,348.78523993492126,15.421881198883057,0.8110080000000002,2199.8064
