,acc_overall,training_probe time,inference time,training_probe flops,inference flops
0,0.1475,178.76931166648865,67.26494812965393,0.10137600000000002,37.19304
