,acc_overall,training_probe time,inference time,training_probe flops,inference flops
0,0.2197,230.83443450927734,31.721977949142456,0.4055040000000001,645.955
