,acc_overall,training_probe time,inference time,training_probe flops,inference flops
0,0.4986,1946.3401918411255,34.084089040756226,1.6220160000000003,5822.32864
