,acc_overall,training_probe time,inference time,training_probe flops,inference flops
0,0.1475,114.95394611358643,16.353979349136353,0.10137600000000002,37.19304
