,acc_overall,training_probe time,inference time,training_probe flops,inference flops
0,0.3941,107.66823434829712,23.112229108810425,0.20275200000000004,184.9878
