,acc_overall,training_probe time,inference time,training_probe flops,inference flops
0,0.9424,92.40795731544495,26.520261526107788,0.13685760000000002,54.20484
