,acc_overall,training_probe time,inference time,training_probe flops,inference flops
0,0.3259,76.39160823822021,14.983861684799194,0.10137599999999998,25.46356
