,acc_overall,training_probe time,inference time,training_probe flops,inference flops
0,0.3259,93.36791133880615,24.80074954032898,0.10137599999999998,25.46356
