,acc_overall,training_probe time,inference time,training_probe flops,inference flops
0,0.4107,262.1576826572418,19.759560108184814,0.4055039999999999,402.415
