,acc_overall,training_probe time,inference time,training_probe flops,inference flops
0,0.5015,454.990181684494,31.002496004104614,0.8110079999999998,1800.16944
