,acc_overall,training_probe time,inference time,training_probe flops,inference flops
0,0.6206,1898.1031255722046,29.60290837287903,1.6220159999999997,5259.7286
