,acc_overall,training_probe time,inference time,training_probe flops,inference flops
0,0.7494,109.61652946472168,27.248929738998413,0.13685759999999997,51.56916
