,acc_overall,training_probe time,inference time,training_probe flops,inference flops
0,0.3892,113.84055042266846,17.85156536102295,0.20275200000000004,181.00692
