,acc_overall,training_probe time,inference time,training_probe flops,inference flops
0,0.9154,106.6612901687622,26.97868299484253,0.13685759999999997,51.6154
