,acc_overall,training_probe time,inference time,training_probe flops,inference flops
0,0.9477,107.93894934654236,27.76967167854309,0.13685760000000002,52.85232
