,acc_overall,training_probe time,inference time,training_probe flops,inference flops
0,0.5247,147.45503997802734,19.932910919189453,0.20275199999999996,158.86584
