,acc_overall,training_probe time,inference time,training_probe flops,inference flops
0,0.7509,108.61996126174927,23.400452852249146,0.13685759999999997,51.60384
