,acc_overall,training_probe time,inference time,training_probe flops,inference flops
0,0.502,54.73916959762573,6.953569412231445,0.20275199999999996,161.20512
