,acc_overall,training_probe time,inference time,training_probe flops,inference flops
0,0.6459,1832.531287908554,28.25034809112549,1.6220159999999997,5395.09348
