,acc_overall,training_probe time,inference time,training_probe flops,inference flops
0,0.4416,144.11134672164917,13.247625589370728,0.4055039999999999,551.983
