,acc_overall,training_probe time,inference time,training_probe flops,inference flops
0,0.2954,122.23123693466187,19.680953979492188,0.10137599999999998,32.98852
