,acc_overall,training_probe time,inference time,training_probe flops,inference flops
0,0.5392,423.8967432975769,25.18197798728943,0.8110079999999998,1997.69304
