,acc_overall,training_probe time,inference time,training_probe flops,inference flops
0,0.2954,131.61367511749268,12.775214672088623,0.10137599999999998,32.98852
