,acc_overall,training_probe time,inference time,training_probe flops,inference flops
0,0.5081,94.81408143043518,24.048404693603516,0.20275199999999996,174.54312
