,acc_overall,training_probe time,inference time,training_probe flops,inference flops
0,0.951,169.2563579082489,34.496434450149536,0.13685760000000002,51.80036
