,acc_overall,training_probe time,inference time,training_probe flops,inference flops
0,0.1611,79.7704029083252,16.817299127578735,0.10137600000000002,32.28948
