,acc_overall,training_probe time,inference time,training_probe flops,inference flops
0,0.535,4355.359203577042,37.09793281555176,3.2440320000000007,7847.91084
