,acc_overall,training_probe time,inference time,training_probe flops,inference flops
0,0.5817,4901.584384441376,47.77153015136719,3.2440320000000007,9801.44976
