,acc_overall,training_probe time,inference time,training_probe flops,inference flops
0,0.3631,347.0061538219452,15.661079168319702,0.8110080000000002,2059.245
