,acc_overall,training_probe time,inference time,training_probe flops,inference flops
0,0.5158,1352.6800274848938,26.393019676208496,1.6220160000000003,5481.786
