,acc_overall,training_probe time,inference time,training_probe flops,inference flops
0,0.261,88.59862732887268,22.018235206604004,0.4055040000000001,514.14
