,acc_overall,training_probe time,inference time,training_probe flops,inference flops
0,0.9036,91.51496887207031,26.884630918502808,0.13685759999999997,54.91
