,acc_overall,training_probe time,inference time,training_probe flops,inference flops
0,0.7978,133.679949760437,42.208086252212524,0.13685759999999997,37.30412
