,acc_overall,training_probe time,inference time,training_probe flops,inference flops
0,0.9156,162.284197807312,24.56764817237854,0.13685759999999997,53.02572
