,acc_overall,training_probe time,inference time,training_probe flops,inference flops
0,0.5003,127.04524803161621,27.12062430381775,0.20275199999999996,173.1888
