,acc_overall,training_probe time,inference time,training_probe flops,inference flops
0,0.494,132.75250840187073,24.358203887939453,0.20275199999999996,173.98908
