,acc_overall,training_probe time,inference time,training_probe flops,inference flops
0,0.1452,16.46990942955017,4.478182554244995,0.10137600000000002,36.83324
