,acc_overall,training_probe time,inference time,training_probe flops,inference flops
0,0.3316,114.36557602882385,20.649972915649414,0.8110080000000002,2203.57656
