,acc_overall,training_probe time,inference time,training_probe flops,inference flops
0,0.5727,3031.4003677368164,44.86468696594238,3.2440320000000007,10142.60628
