,acc_overall,training_probe time,inference time,training_probe flops,inference flops
0,0.5384,3029.9895329475403,35.8442063331604,3.2440320000000007,7920.9924
