,acc_overall,training_probe time,inference time,training_probe flops,inference flops
0,0.5068,723.1005268096924,29.777186393737793,1.6220160000000003,5792.3386
