,acc_overall,training_probe time,inference time,training_probe flops,inference flops
0,0.2249,33.80749797821045,4.578408241271973,0.4055040000000001,624.307
