,acc_overall,training_probe time,inference time,training_probe flops,inference flops
0,0.2166,42.657161235809326,23.589581727981567,0.10137600000000002,19.62452
