,acc_overall,training_probe time,inference time,training_probe flops,inference flops
0,0.3664,352.60851192474365,14.091839075088501,0.8110080000000002,1779.26964
