,acc_overall,training_probe time,inference time,training_probe flops,inference flops
0,0.2687,121.33961129188538,20.780775785446167,0.4055040000000001,293.068
