,acc_overall,training_probe time,inference time,training_probe flops,inference flops
0,0.5387,6030.230631351471,38.60732364654541,3.2440320000000007,7525.10664
