,acc_overall,training_probe time,inference time,training_probe flops,inference flops
0,0.5542,4869.393621921539,45.99470257759094,3.2440320000000007,10154.73192
