,acc_overall,training_probe time,inference time,training_probe flops,inference flops
0,0.4898,1441.2119576931,27.74404263496399,1.6220160000000003,5344.29068
