,acc_overall,training_probe time,inference time,training_probe flops,inference flops
0,0.7171,137.10473084449768,26.368248462677002,0.13685759999999997,51.56916
