,acc_overall,training_probe time,inference time,training_probe flops,inference flops
0,0.7565,115.09952688217163,27.973103523254395,0.13685759999999997,51.33796
