,acc_overall,training_probe time,inference time,training_probe flops,inference flops
0,0.9489,135.8616111278534,29.72259759902954,0.13685760000000002,52.29744
