,acc_overall,training_probe time,inference time,training_probe flops,inference flops
0,0.9531,92.99292421340942,28.476566791534424,0.13685760000000002,50.47096
