,acc_overall,training_probe time,inference time,training_probe flops,inference flops
0,0.9467,136.7311818599701,34.365089654922485,0.13685760000000002,52.887
