,acc_overall,training_probe time,inference time,training_probe flops,inference flops
0,0.7639,110.45429110527039,29.361857175827026,0.13685759999999997,50.7484
