,acc_overall,training_probe time,inference time,training_probe flops,inference flops
0,0.384,203.2977225780487,35.27024602890015,0.20275200000000004,182.71008
