,acc_overall,training_probe time,inference time,training_probe flops,inference flops
0,0.3915,133.39403247833252,28.803611755371094,0.20275200000000004,183.92076
