,acc_overall,training_probe time,inference time,training_probe flops,inference flops
0,0.5029,106.24832439422607,20.801021337509155,0.20275199999999996,173.45556
