,acc_overall,training_probe time,inference time,training_probe flops,inference flops
0,0.4976,128.25793766975403,27.095152139663696,0.20275199999999996,172.71684
