,acc_overall,training_probe time,inference time,training_probe flops,inference flops
0,0.1372,89.26346945762634,41.0722599029541,0.10137600000000002,37.24444
