,acc_overall,training_probe time,inference time,training_probe flops,inference flops
0,0.5725,4853.085559606552,45.25418949127197,3.2440320000000007,10008.5688
