,acc_overall,training_probe time,inference time,training_probe flops,inference flops
0,0.5407,6415.35475063324,36.485525608062744,3.2440320000000007,7766.30856
