,acc_overall,training_probe time,inference time,training_probe flops,inference flops
0,0.2258,93.27004528045654,16.056193351745605,0.4055040000000001,634.024
