,acc_overall,training_probe time,inference time,training_probe flops,inference flops
0,0.5069,1607.8775613307953,26.15398597717285,1.6220160000000003,5791.68308
