,acc_overall,training_probe time,inference time,training_probe flops,inference flops
0,0.3306,302.96169233322144,43.27174162864685,0.8110080000000002,2215.87056
