,acc_overall,training_probe time,inference time,training_probe flops,inference flops
0,0.9466,121.69827556610107,21.021979570388794,0.13685760000000002,52.56332
