,acc_overall,training_probe time,inference time,training_probe flops,inference flops
0,0.7646,131.5190167427063,26.621331930160522,0.13685759999999997,47.9162
