,acc_overall,training_probe time,inference time,training_probe flops,inference flops
0,0.5136,51.338632583618164,6.283973932266235,0.20275199999999996,41.79924
