,acc_overall,training_probe time,inference time,training_probe flops,inference flops
0,0.9465,111.65744543075562,19.959317207336426,0.13685760000000002,53.0604
