,acc_overall,training_probe time,inference time,training_probe flops,inference flops
0,0.5039,62.178109645843506,4.69030499458313,0.20275199999999996,164.09844
