,acc_overall,training_probe time,inference time,training_probe flops,inference flops
0,0.5003,49.311797857284546,9.854580879211426,0.20275199999999996,169.96716
