,acc_overall,training_probe time,inference time,training_probe flops,inference flops
0,0.4921,53.497233867645264,7.6967644691467285,0.20275199999999996,171.79344
