,acc_overall,training_probe time,inference time,training_probe flops,inference flops
0,0.5103,64.99545860290527,6.280965805053711,0.20275199999999996,156.7728
