,acc_overall,training_probe time,inference time,training_probe flops,inference flops
0,0.9726,126.9173812866211,30.06833529472351,0.13685759999999997,38.35608
