,acc_overall,training_probe time,inference time,training_probe flops,inference flops
0,0.5124,115.07129240036011,24.963011264801025,0.20275199999999996,175.26132
