,acc_overall,training_probe time,inference time,training_probe flops,inference flops
0,0.5734,4882.8333694934845,44.9778950214386,3.2440320000000007,10048.87836
