,acc_overall,training_probe time,inference time,training_probe flops,inference flops
0,0.5067,1455.597195148468,29.95157527923584,1.6220160000000003,5799.22156
