,acc_overall,training_probe time,inference time,training_probe flops,inference flops
0,0.5367,5114.593493461609,50.300297260284424,3.2440320000000007,7879.69968
