,acc_overall,training_probe time,inference time,training_probe flops,inference flops
0,0.1396,72.49706149101257,19.723432540893555,0.10137600000000002,37.80984
