,acc_overall,training_probe time,inference time,training_probe flops,inference flops
0,0.3249,311.22376322746277,36.25374722480774,0.8110080000000002,2223.49284
