,acc_overall,training_probe time,inference time,training_probe flops,inference flops
0,0.2185,87.00574111938477,8.186675786972046,0.4055040000000001,649.891
