,acc_overall,training_probe time,inference time,training_probe flops,inference flops
0,0.507,122.40418815612793,30.015395641326904,0.20275199999999996,173.84544
