,class_val_corr,class_val_org
0,0.007350452999608214,0.008327641623639819
1,-0.0013040612637318094,0.001752088509944929
2,0.030486969935532002,-0.030463049547023377
3,0.008016626322655367,0.00816197018733945
4,-0.0009472082057250695,-0.0005619275446749825
5,0.03476908259283261,-0.03538635782280907
6,0.018004881244100494,-0.01825565409272783
7,0.024983329041093447,-0.02465209497431341
8,-0.005176104442537426,-0.006204462285064237
9,0.014720438958549468,0.015690542242167496
