,class_val_corr,class_val_org
0,0.28529543618996706,0.32725300302913046
1,-0.410924923563639,-0.43695359821170154
2,0.18564736072651142,0.21563927330342278
3,-0.29909453427626936,0.32581301959417397
4,-0.2800156769092321,-0.32096527426236965
5,-0.28308956808327057,-0.30941453483907966
6,0.28032313618654303,0.3187849261623909
7,0.32424550737883173,0.35483283954041733
8,-0.3566851016421738,-0.3974913510347911
9,0.2994277816209501,-0.32861493526798824
