,class_val_corr,class_val_org
0,-0.2776025093752687,-0.2483175591149709
1,0.3217695459048155,-0.2933173597710822
2,-0.2983868931744579,0.25981917453680714
3,0.28779979005614553,-0.2549170757682928
4,0.2545841117346369,-0.21737254908027226
5,-0.28309630831828714,-0.24664390908374664
6,0.3443560068687795,0.31094576632016246
7,0.31658230633172774,-0.28694143861171306
8,-0.30740693388273616,-0.2761574480634828
9,0.32324140798513595,0.2928885329032346
