,class_val_corr,class_val_org
0,-0.2882382662242612,-0.2580101458566767
1,0.3141222175372026,0.2855841673840185
2,-0.2829509442597552,-0.24423461254903342
3,0.2944684869676947,-0.26196157962552147
4,-0.26039996047982983,-0.2257390985415514
5,-0.28118504958671153,-0.24573795722881547
6,0.3218243104001494,0.28730226037778045
7,0.3361590022697955,-0.30669218014164124
8,-0.2991643470575987,-0.2671094095413116
9,-0.3309711076230996,-0.30119634857442745
