,class_val_corr,class_val_org
0,-0.30187051102749674,-0.2717870457799426
1,-0.32747485818213634,-0.2981276255814463
2,-0.30192400297603506,0.263242907163069
3,0.29065212131134144,-0.2553083343887755
4,-0.2933635993006253,-0.25856366127829206
5,0.28631527865108425,-0.24904268874256955
6,-0.32521200948006157,-0.28760966910298214
7,0.29908369044654204,0.26602089290398506
8,-0.2999327432946819,-0.2673832323701769
9,0.3387638395051525,0.30679985695824885
