,class_val_corr,class_val_org
0,-0.3027360076159531,-0.2719926460120242
1,-0.31852010336583314,-0.288371117533421
2,-0.29123715773887765,0.251557059577351
3,0.28167836517920464,-0.24643224889785853
4,-0.3068377963415385,-0.27238645104787895
5,-0.30695005419025323,0.27043959901204906
6,-0.32432777232980037,-0.28694256330548185
7,0.3286846652834624,0.29789634037305157
8,-0.2775810942302809,0.24249383056263718
9,0.32797282819905105,-0.2962737123085019
