,class_val_corr,class_val_org
0,0.29006440217218743,0.3285333347164749
1,-0.4156482857195886,-0.4380399844112419
2,0.20219106997532138,-0.22718606744634318
3,0.29955597149155055,0.3240146866663692
4,-0.3011448464556362,0.33816097371502707
5,-0.28950795467010587,-0.31222024124171155
6,0.283669361119926,0.3183699971938966
7,0.3361112718694009,0.36136180477902924
8,-0.3611820944214597,-0.39914772105922813
9,0.3081756431185473,-0.33473408101666335
