,class_val_corr,class_val_org
0,-0.29902458466113524,-0.2684882589797626
1,0.30314258094838054,0.27236543579992384
2,-0.27851905659658655,-0.2389628596640591
3,0.2825650677045874,-0.24769153080112194
4,-0.2799407291109804,-0.24476795140615887
5,-0.28402952084779204,0.24613716053324142
6,0.3354718850514791,0.3007118543195182
7,0.3311900332314956,0.30181559895724563
8,0.2965561605168908,0.2637371788360628
9,-0.3237329775686722,-0.29175738754599867
