,class_val_corr,class_val_org
0,-0.29264774669196625,0.2579601910408553
1,0.33926942158337947,-0.3091947445650651
2,-0.30204415664767936,0.2621856732561415
3,-0.29422299038433053,0.25734844117804084
4,0.3126963003499166,-0.2782243631002332
5,-0.31143639154923247,-0.2737730981874859
6,-0.328121873238128,0.28900654687847827
7,0.3644825091269981,0.3347029528686697
8,0.31512970181790556,-0.2814459593176257
9,0.35161269377321613,-0.31977867457177284
