,class_val_corr,class_val_org
0,-0.31437059468445905,-0.2810498013545827
1,-0.3289655246761154,-0.2976711919145656
2,0.2778460351521548,0.23552271017334092
3,-0.28999530290231407,-0.25321962766969636
4,0.29542592464495376,-0.2573438408600087
5,-0.3022335020902236,-0.2636106027126789
6,-0.33974413553440963,-0.3010029495593984
7,0.34621765701525087,0.3149513555160677
8,0.33902894914568454,-0.3070926338111591
9,0.33373545010986994,0.3004424444502455
