,class_val_corr,class_val_org
0,0.29413611215612834,0.32804847608338117
1,0.41370908366962,-0.4327454815645182
2,0.22174741383568197,0.24207900874843588
3,0.2946795669812617,0.31685413468534007
4,0.3109109365935931,0.3430259403523518
5,-0.29135430541868823,-0.310954291726113
6,-0.29552485543795604,0.32650170094441444
7,-0.3438016380215594,-0.3644668455376255
8,0.3668410358774581,-0.40133835680105745
9,0.3178219950267197,-0.34099048998088927
