,class_val_corr,class_val_org
0,-0.30811310179445806,-0.2747729151715359
1,-0.33511722639515484,-0.30437265605692826
2,-0.293397532800749,0.25364965286417573
3,-0.2866102953016833,-0.2505229304598752
4,-0.2983606689326739,-0.2608720522956858
5,0.3101238910555935,-0.2730210822929158
6,-0.3179551653139701,-0.27876792203607637
7,-0.3427875666030237,-0.311987957560794
8,-0.3137363967317317,-0.2806502132254721
9,0.3242531153211892,0.29044779747400273
