,class_val_corr,class_val_org
0,-0.3026686038466715,-0.2699683340250145
1,-0.33198969577432264,-0.3012802515564299
2,-0.28693740633358145,0.24751303021773705
3,-0.2830114974388649,-0.24764696613470374
4,-0.29156656746696435,-0.25484077712121267
5,0.30583293175713366,-0.2693868649217034
6,-0.317182335107057,0.27894815136493356
7,0.33563171792620383,0.3049409447709514
8,-0.30988500619716525,-0.277172670352386
9,0.3189464863785188,0.28541333236562333
