,class_val_corr,class_val_org
0,-0.3000341553577733,-0.2680108758962166
1,-0.32804742451022795,-0.2973138977110945
2,-0.2842299577194849,0.2453079352292804
3,-0.27992910693678597,-0.245017052822522
4,-0.28904519899051284,-0.2531990633322227
5,0.30176609229422136,0.2656473772288872
6,-0.31616888452695396,0.2785914815450372
7,0.32896276554851617,-0.2983122795253982
8,-0.30805410278354484,-0.2756153186160608
9,0.3152677860913776,0.2818701961163539
