,class_val_corr,class_val_org
0,-0.29799360946916564,-0.2662554132852816
1,-0.32606344389070263,-0.29538865121410285
2,0.281771283922969,0.2431923831326039
3,-0.2771957835494185,-0.24252195385845365
4,-0.28793090384140174,-0.2526143616491644
5,0.29930587996003954,0.26338576462679214
6,-0.3140005856110645,0.2766372759694361
7,0.32427493191613027,0.29362573991964563
8,-0.3052812788656258,-0.273033430911474
9,0.31241955835385204,0.27917070413986844
