,class_val_corr,class_val_org
0,-0.2942515146374586,0.3247924761872645
1,0.40639478521364225,0.42214935327639647
2,-0.23642160172373497,0.251997820446352
3,-0.2848262162448073,-0.3045069419894348
4,-0.3195570830520619,-0.34674786432475246
5,-0.2871959800286481,-0.30369291788000063
6,0.3050338838552844,0.3316024609890014
7,-0.3494175895375665,-0.36564816592674293
8,-0.369584141701244,-0.401058028626625
9,-0.32404136172525505,0.3433303454486373
