,class_val_corr,class_val_org
0,-0.29639356402455813,-0.2648485483870561
1,-0.3244110844435826,-0.2938082652022814
2,0.2814887513689905,0.24333125254631993
3,-0.2751385436820181,-0.24074654280322727
4,-0.28671280332375004,-0.25178743200810566
5,-0.2951851676635962,0.2593898957715097
6,-0.31148614619071835,0.27431248606233655
7,0.32135871699398394,-0.29081156375189227
8,-0.30332725068608124,-0.2712924362238658
9,0.31019047532548516,0.27713821610678074
