,class_val_corr,class_val_org
0,-0.295868436118235,-0.26443443323189164
1,-0.3225732533631032,-0.2919163788217475
2,-0.280261155427837,0.24222936222357805
3,-0.2739319700643942,-0.2396352167576567
4,-0.28340759401474624,-0.248429058963931
5,-0.2929921862957168,0.2573057672835094
6,-0.3078632194029187,0.27050927293330307
7,0.31777715860303607,-0.28721376452864206
8,-0.3020492224526588,-0.27019221437161456
9,0.3118732487843472,0.2787990575901266
