,class_val_corr,class_val_org
0,0.2916728774725859,0.31852051374349144
1,0.3965397789559239,-0.4088158808066015
2,0.25189655363971886,0.26344277424147794
3,0.2737237048760076,-0.29069803077194967
4,-0.3225027323649728,-0.345144402214852
5,0.2857722787348441,-0.299260654971904
6,0.3161965776954732,0.33794663588211116
7,-0.3477625253690914,-0.3602486260281467
8,0.366342623805609,0.39421976124459923
9,0.3277829164478483,-0.343208501374886
