,class_val_corr,class_val_org
0,0.24773396927387592,-0.2999420919042717
1,0.3108805107026313,0.34019539234428126
2,0.03815624671687015,0.07076352748888169
3,0.144928591284591,0.1688915960253354
4,0.12435613649323159,0.1548209348095203
5,0.1503555823972965,0.1925949450329455
6,0.23674284522592423,0.26297635816009013
7,0.12062628728822423,-0.1490613279592591
8,-0.2992879250066263,-0.3437122868581787
9,0.26875376923921057,0.2987748731770917
