,class_val_corr,class_val_org
0,0.2932031852322811,0.31642048041379245
1,-0.3876959544690263,0.39605819450890334
2,-0.2623102241561609,0.2701602084351153
3,-0.25819505277212107,-0.2725725098535522
4,-0.3255809919396614,-0.3439603675503323
5,0.27985485386685904,0.2902888465183012
6,-0.31830850525704923,0.33518253811868975
7,-0.3511571662688749,-0.3597412894714415
8,-0.3631986095566782,-0.3871242269859628
9,-0.3293308641400503,0.34099577764292727
