,class_val_corr,class_val_org
0,0.26772618100643186,-0.2826740407750402
1,0.36450616904152533,0.363277423889014
2,-0.2817237222274676,-0.2812454615249129
3,0.2294520938576497,0.23573727268553524
4,-0.3212096449397844,-0.3294993605274611
5,0.24707870725083603,-0.24838961458886655
6,-0.3115268276349213,-0.3172571260408703
7,0.3341186239770453,0.33301621375827495
8,-0.34453717996531674,-0.35892799965829497
9,0.311373977092542,-0.31277019676866535
