,class_val_corr,class_val_org
0,0.24635849917616778,-0.25179967864474045
1,0.34253766340901914,-0.3325350018603203
2,-0.28538563689550933,-0.278175423412536
3,0.22476553468266525,0.2233434543097404
4,-0.3064409299917284,-0.3064691170365865
5,0.2147532713638647,0.20812251335100274
6,0.2910165469689218,-0.2869018334713811
7,0.31333723110218836,0.30425215112924875
8,-0.3161689841329707,-0.3205946820145571
9,-0.27983406739150557,-0.2718985773043353
