,class_val_corr,class_val_org
0,-0.22783306344855023,-0.22555061506938973
1,-0.3243987070758305,-0.30850085508088293
2,-0.2701276134558396,-0.2572605158283044
3,0.2029133688061714,0.19391086139159736
4,-0.27836762404222476,0.27113344241371623
5,0.21696310523527926,0.2036094539930448
6,-0.2499468083837595,-0.23722872287236146
7,0.31443694160330316,-0.2999856934252806
8,-0.3024305003896052,-0.2979671542871911
9,0.2430595681634974,0.22761674266241955
