,class_val_corr,class_val_org
0,0.2587829927654429,-0.30656991471613293
1,-0.3554289573928492,-0.38768376179858816
2,-0.07811923497561048,-0.11746257773198077
3,-0.21021252156381265,-0.24206507276629904
4,0.1602568913884146,0.20021406163885036
5,-0.2000298119661492,-0.23932165929538748
6,0.2582149543948895,0.2963265781079758
7,0.19993732186099591,0.24586121747194206
8,0.31126741422190163,-0.3545820047184011
9,0.2762028496137443,0.30655900180810297
