,class_val_corr,class_val_org
0,-0.2319613117164679,-0.22773821402725813
1,-0.30724803704484105,-0.28909678706446196
2,-0.24977284018578239,0.23140045068216936
3,0.18993559091142304,0.17550230515487397
4,-0.2837820446899793,-0.2718628927557643
5,0.18099501039478513,-0.16135837292426447
6,-0.2809037382310838,-0.26623304931148306
7,0.3034084065973738,0.2861844686874013
8,0.2993522775833344,-0.29057869889786897
9,0.24846563213883505,0.23084670892939108
