,class_val_corr,class_val_org
0,-0.24610874510085376,-0.2362784806502903
1,-0.3005730994519864,-0.28040684185332126
2,-0.24471850986749444,-0.22172078879061824
3,0.2384678723165422,0.22059599446691558
4,-0.2994635510375425,-0.2847110036023457
5,-0.18005572172112086,0.15609844140313683
6,-0.23220680356192902,-0.21200441759886027
7,0.3094656154439043,-0.2912242059874871
8,0.27912965938599615,0.2611023998542163
9,0.23296059788812307,0.21381685530270522
