,class_val_corr,class_val_org
0,0.22625534181050722,-0.21149984053265372
1,-0.27604593672032474,0.253271829859693
2,-0.2694487811838413,-0.24640246156991435
3,0.1911020794313184,0.1703136634210223
4,-0.30410347016576733,-0.2846229123798363
5,-0.27013801418259786,-0.2480612885103673
6,0.2893255927176898,-0.26989935630008366
7,0.3195844648903371,0.30152527819215436
8,0.2904715459212791,0.2716567353925098
9,0.24543529840399514,0.22301462702112865
