,class_val_corr,class_val_org
0,-0.2361665620306921,0.21596447446215097
1,0.2843376772414395,0.262232620789664
2,0.25215362972850375,0.223592728663413
3,-0.21815294135466812,-0.19528455987929894
4,0.27365992998912153,-0.25137282003838
5,0.32378009986960743,0.30113822721686845
6,0.2589198485959012,-0.2333617175461642
7,0.28746868634638556,0.26586077828546506
8,-0.3132704072631615,0.2954772179302202
9,0.2517953935412184,0.22642221761696077
