,class_val_corr,class_val_org
0,0.27880551533349074,0.3243959045207244
1,-0.3892145291664429,0.41984152961313026
2,-0.1292960078948225,0.16828994567268987
3,-0.25673218129321423,0.28924327273065187
4,-0.20850186384483246,-0.2529109270752788
5,0.2433880870914155,0.2800373554097023
6,-0.2764649418409898,0.31883175162960536
7,-0.25666388020370945,-0.3004451976572018
8,0.33171872517139267,-0.37413569594149854
9,0.2895829224660383,0.31956385387298764
