,class_val_corr,class_val_org
0,0.2865864587135227,-0.2634898082933809
1,0.33218381433437066,-0.3106788243928884
2,0.25080221490315274,0.22045188896879864
3,0.23834612223974608,0.20958811760869545
4,-0.2646761865928192,-0.23470021492082346
5,-0.2428715945094839,0.21342404054875797
6,0.3159217069239992,0.29007109265413156
7,-0.3110817073576354,0.28679390971789276
8,0.29899502741399797,0.2746424514130058
9,0.2671255933220333,0.2373759703368326
