,class_val_corr,class_val_org
0,-0.2716183766806347,-0.2497002767724143
1,0.33926732174308416,-0.31662672253866264
2,-0.2191970772675087,0.18277590264512597
3,-0.25890160717621824,-0.2304673417198363
4,-0.28694236351400126,-0.2581420200237975
5,0.2570728010744264,-0.22552946638104593
6,0.3183345216652608,0.2908623623128746
7,0.31431039184855813,0.29001007548988034
8,0.31309903148391993,0.2913890864010206
9,0.2915079589050731,0.2631194830900957
