,class_val_corr,class_val_org
0,-0.289356466796609,-0.3344088167711092
1,-0.40555123871833443,-0.43396892580117924
2,0.16019749221817145,0.19548488467436043
3,0.28330065546437544,0.31304740523768093
4,-0.24731174289012287,0.29135920288477474
5,-0.2655931550926167,-0.29671999264061727
6,0.2787123183605437,-0.32025340726305956
7,0.29954855108658374,-0.3363188604176045
8,-0.3496842077681955,-0.39194047577843344
9,0.29518305657811206,0.3248588018718863
