,class_val_corr,class_val_org
0,-0.2738023652057755,-0.24811867836142182
1,-0.354470026410344,-0.3323882027894687
2,-0.2625717670496619,0.22556029068952324
3,0.24751114402026486,-0.2167431676854688
4,0.27574669320038886,0.24136476915306787
5,-0.2857318827203464,-0.2530689513471299
6,-0.31789833840498954,-0.2885998580814283
7,0.29525505327879364,0.26678345339901766
8,-0.3026587490055905,-0.2759376481477862
9,0.315580383300487,-0.285974216635814
