,class_val_corr,class_val_org
0,-0.28605353951200996,-0.25691127420148047
1,-0.34523815023890436,-0.3190166243132888
2,-0.24554405799153267,0.2063296792187167
3,-0.25266994997874415,-0.21865025553983508
4,-0.2532634573913947,-0.22014973213161154
5,0.2753008783691353,0.23897089354311057
6,-0.3275953669449366,-0.29443512862589283
7,0.3264567924317443,-0.2986090477470428
8,-0.32340711489681834,-0.29560903907823377
9,0.3220041222651536,-0.2907255423000044
