,class_val_corr,class_val_org
0,-0.28723538545653987,-0.25757555420083683
1,0.3346499050917297,-0.3085731022534365
2,0.29569806945801436,0.25772816760104167
3,0.29594904567887115,0.2653366390655797
4,0.26309500038758415,-0.22813351409654498
5,0.27073596799183397,0.23513173486076205
6,-0.3054119204726604,0.26976904870612717
7,0.32269576932127114,0.2935255636215968
8,-0.29088152737251427,-0.25999039730499557
9,-0.32001474787061895,0.29126190737669716
