,acc_overall,training_probe time,inference time,training_probe flops,inference flops
0,0.7342,122.06045079231262,36.15407967567444,0.13685759999999997,51.41888
