,acc_overall,training_probe time,inference time,training_probe flops,inference flops
0,0.5109,140.65241122245789,27.551634073257446,0.20275199999999996,165.76056
