,acc_overall,training_probe time,inference time,training_probe flops,inference flops
0,0.9063,155.0234751701355,34.13065958023071,0.13685759999999997,54.14704
