,acc_overall,training_probe time,inference time,training_probe flops,inference flops
0,0.9767,126.31622433662415,31.68311643600464,0.13685759999999997,19.81384
