,acc_overall,training_probe time,inference time,training_probe flops,inference flops
0,0.5068,127.94089865684509,28.236117362976074,0.20275199999999996,175.15872
