,acc_overall,training_probe time,inference time,training_probe flops,inference flops
0,0.9496,122.50467920303345,21.043333053588867,0.13685760000000002,51.89284
