,acc_overall,training_probe time,inference time,training_probe flops,inference flops
0,0.5403,93.71401047706604,26.383888959884644,0.20275199999999996,120.18564
