,acc_overall,training_probe time,inference time,training_probe flops,inference flops
0,0.8042,129.09698939323425,14.606675624847412,0.13685759999999997,35.13084
