,acc_overall,training_probe time,inference time,training_probe flops,inference flops
0,0.4917,56.24870944023132,5.261504411697388,0.20275199999999996,172.69632
