,acc_overall,training_probe time,inference time,training_probe flops,inference flops
0,0.1639,118.1024374961853,29.63219141960144,0.10137600000000002,34.81836
