,acc_overall,training_probe time,inference time,training_probe flops,inference flops
0,0.2298,256.17669773101807,26.53041982650757,0.4055040000000001,596.878
