,acc_overall,training_probe time,inference time,training_probe flops,inference flops
0,0.3642,336.5812864303589,15.892549753189087,0.8110080000000002,2108.421
