,acc_overall,training_probe time,inference time,training_probe flops,inference flops
0,0.1639,97.00918650627136,11.914838075637817,0.10137600000000002,34.81836
