,acc_overall,training_probe time,inference time,training_probe flops,inference flops
0,0.5155,1619.0975215435028,28.247928380966187,1.6220160000000003,5675.49216
