,acc_overall,training_probe time,inference time,training_probe flops,inference flops
0,0.9151,101.76811790466309,25.324825048446655,0.13685759999999997,51.95064
