,acc_overall,training_probe time,inference time,training_probe flops,inference flops
0,0.9003,136.42767190933228,31.515883207321167,0.13685759999999997,54.29732
