,acc_overall,training_probe time,inference time,training_probe flops,inference flops
0,0.8176,143.30099725723267,43.604856967926025,0.13685759999999997,35.4892
