,acc_overall,training_probe time,inference time,training_probe flops,inference flops
0,0.6281,140.5736062526703,24.86264395713806,0.13685759999999997,0.1156
