,acc_overall,training_probe time,inference time,training_probe flops,inference flops
0,0.388,189.25292539596558,32.5279107093811,0.20275200000000004,182.115
