,acc_overall,training_probe time,inference time,training_probe flops,inference flops
0,0.7727,134.93638586997986,29.919052362442017,0.13685759999999997,47.65032
