,acc_overall,training_probe time,inference time,training_probe flops,inference flops
0,0.2328,118.82019329071045,18.88943362236023,0.4055040000000001,575.722
