,acc_overall,training_probe time,inference time,training_probe flops,inference flops
0,0.1469,54.76281118392944,22.557903051376343,0.10137600000000002,35.02396
