,acc_overall,training_probe time,inference time,training_probe flops,inference flops
0,0.3403,314.2017631530762,27.031790733337402,0.8110080000000002,2134.40232
