,acc_overall,training_probe time,inference time,training_probe flops,inference flops
0,0.5385,6228.793028831482,41.07888317108154,3.2440320000000007,7777.77876
