,acc_overall,training_probe time,inference time,training_probe flops,inference flops
0,0.5714,4906.358296394348,48.94014883041382,3.2440320000000007,9823.07928
