,acc_overall,training_probe time,inference time,training_probe flops,inference flops
0,0.5196,1366.1700706481934,32.041218280792236,1.6220160000000003,5640.09408
