,acc_overall,training_probe time,inference time,training_probe flops,inference flops
0,0.508,154.88012194633484,19.24741530418396,0.20275199999999996,174.17376
