,acc_overall,training_probe time,inference time,training_probe flops,inference flops
0,0.5013,44.50546956062317,8.335348129272461,0.20275199999999996,172.6758
