,acc_overall,training_probe time,inference time,training_probe flops,inference flops
0,0.7418,106.85154581069946,28.44923734664917,0.13685759999999997,51.01428
