,acc_overall,training_probe time,inference time,training_probe flops,inference flops
0,0.3903,146.0914912223816,21.67540144920349,0.20275200000000004,184.2696
