,acc_overall,training_probe time,inference time,training_probe flops,inference flops
0,0.5033,120.55180263519287,15.949469804763794,0.20275199999999996,173.35296
