,acc_overall,training_probe time,inference time,training_probe flops,inference flops
0,0.9227,104.14842867851257,26.749463319778442,0.13685759999999997,51.41888
