,acc_overall,training_probe time,inference time,training_probe flops,inference flops
0,0.4997,62.90542507171631,7.998640775680542,0.20275199999999996,172.59372
