,acc_overall,training_probe time,inference time,training_probe flops,inference flops
0,0.7571,126.34296202659607,26.311740159988403,0.13685759999999997,49.83516
