,acc_overall,training_probe time,inference time,training_probe flops,inference flops
0,0.9489,106.30904197692871,27.680222988128662,0.13685759999999997,45.24584
