,acc_overall,training_probe time,inference time,training_probe flops,inference flops
0,0.9776,129.21870160102844,22.96736788749695,0.13685759999999997,28.07924
