,acc_overall,training_probe time,inference time,training_probe flops,inference flops
0,0.4339,156.9980010986328,29.639410257339478,0.20275200000000004,152.29944
