,acc_overall,training_probe time,inference time,training_probe flops,inference flops
0,0.3875,192.6760711669922,21.94544768333435,0.20275200000000004,182.46384
