,acc_overall,training_probe time,inference time,training_probe flops,inference flops
0,0.4937,74.060861825943,6.1263580322265625,0.20275199999999996,173.16828
