,acc_overall,training_probe time,inference time,training_probe flops,inference flops
0,0.5425,259.35412311553955,11.893323183059692,0.8110079999999998,2123.25576
