,acc_overall,training_probe time,inference time,training_probe flops,inference flops
0,0.6461,1544.9410529136658,32.796295404434204,1.6220159999999997,5595.51872
