,acc_overall,training_probe time,inference time,training_probe flops,inference flops
0,0.2783,128.37338042259216,36.303292989730835,0.10137599999999998,36.25756
