,acc_overall,training_probe time,inference time,training_probe flops,inference flops
0,0.2783,107.48632717132568,12.211319923400879,0.10137599999999998,36.25756
