,acc_overall,training_probe time,inference time,training_probe flops,inference flops
0,0.9431,140.22084641456604,24.907824516296387,0.13685759999999997,48.36704
