,acc_overall,training_probe time,inference time,training_probe flops,inference flops
0,0.2746,97.57277727127075,32.79361033439636,0.4055040000000001,469.409
