,acc_overall,training_probe time,inference time,training_probe flops,inference flops
0,0.518,1348.553377866745,26.295071840286255,1.6220160000000003,5429.50828
