,acc_overall,training_probe time,inference time,training_probe flops,inference flops
0,0.5412,4646.157271385193,37.7262167930603,3.2440320000000007,7847.91084
