,acc_overall,training_probe time,inference time,training_probe flops,inference flops
0,0.5755,4949.338803291321,48.67282724380493,3.2440320000000007,10039.04676
