,acc_overall,training_probe time,inference time,training_probe flops,inference flops
0,0.3706,386.5355763435364,52.04506063461304,0.8110080000000002,1999.74204
