,acc_overall,training_probe time,inference time,training_probe flops,inference flops
0,0.1793,75.74260544776917,14.886704921722412,0.10137600000000002,30.09984
