,acc_overall,training_probe time,inference time,training_probe flops,inference flops
0,0.9085,107.46821618080139,27.59096884727478,0.13685759999999997,52.03156
