,acc_overall,training_probe time,inference time,training_probe flops,inference flops
0,0.1399,131.87922477722168,32.46510362625122,0.10137600000000002,37.20332
