,acc_overall,training_probe time,inference time,training_probe flops,inference flops
0,0.5037,1871.7545573711395,58.104756355285645,1.6220160000000003,5880.34216
