,acc_overall,training_probe time,inference time,training_probe flops,inference flops
0,0.1399,127.50607681274414,28.231486082077026,0.10137600000000002,37.20332
