,acc_overall,training_probe time,inference time,training_probe flops,inference flops
0,0.3194,373.3464946746826,14.172995567321777,0.8110080000000002,2200.78992
