,acc_overall,training_probe time,inference time,training_probe flops,inference flops
0,0.209,87.65104246139526,14.912472009658813,0.4055040000000001,646.734
