,acc_overall,training_probe time,inference time,training_probe flops,inference flops
0,0.3893,141.39759397506714,20.908714532852173,0.20275200000000004,183.32568
