,acc_overall,training_probe time,inference time,training_probe flops,inference flops
0,0.9488,111.7566077709198,28.67366933822632,0.13685760000000002,51.75412
