,acc_overall,training_probe time,inference time,training_probe flops,inference flops
0,0.4989,102.2058756351471,23.479108810424805,0.20275199999999996,173.76336
