,acc_overall,training_probe time,inference time,training_probe flops,inference flops
0,0.9258,109.7790937423706,26.55155658721924,0.13685759999999997,50.67904
