,acc_overall,training_probe time,inference time,training_probe flops,inference flops
0,0.7394,129.01962208747864,18.5624680519104,0.13685759999999997,51.17612
