,acc_overall,training_probe time,inference time,training_probe flops,inference flops
0,0.9814,114.38894653320312,32.75334429740906,0.13685760000000002,31.0964
