,acc_overall,training_probe time,inference time,training_probe flops,inference flops
0,0.9013,152.33729457855225,18.34953260421753,0.13685759999999997,54.40136
