,acc_overall,training_probe time,inference time,training_probe flops,inference flops
0,0.3864,139.9042239189148,30.80961799621582,0.20275200000000004,182.77164
