,acc_overall,training_probe time,inference time,training_probe flops,inference flops
0,0.9603,101.50686645507812,25.88691997528076,0.13685760000000002,50.14728
