,acc_overall,training_probe time,inference time,training_probe flops,inference flops
0,0.3937,127.08883118629456,22.156050443649292,0.20275200000000004,182.79216
