,acc_overall,training_probe time,inference time,training_probe flops,inference flops
0,0.9341,120.21421384811401,21.760759115219116,0.13685759999999997,49.6502
