,acc_overall,training_probe time,inference time,training_probe flops,inference flops
0,0.7289,128.21097993850708,31.204655647277832,0.13685759999999997,51.71944
