,acc_overall,training_probe time,inference time,training_probe flops,inference flops
0,0.9157,149.38948726654053,17.281455755233765,0.13685759999999997,52.10092
