,acc_overall,training_probe time,inference time,training_probe flops,inference flops
0,0.9531,175.56622171401978,20.971245527267456,0.13685760000000002,52.02
