,acc_overall,training_probe time,inference time,training_probe flops,inference flops
0,0.7497,132.07796716690063,33.28157687187195,0.13685759999999997,51.33796
