,acc_overall,training_probe time,inference time,training_probe flops,inference flops
0,0.9479,125.92296624183655,30.696660041809082,0.13685760000000002,52.67892
