,acc_overall,training_probe time,inference time,training_probe flops,inference flops
0,0.3958,148.84554076194763,11.61444616317749,0.20275200000000004,184.12596
