,acc_overall,training_probe time,inference time,training_probe flops,inference flops
0,0.9804,122.43177819252014,29.637683153152466,0.13685760000000002,33.50088
