,acc_overall,training_probe time,inference time,training_probe flops,inference flops
0,0.7699,125.46167373657227,23.621368169784546,0.13685759999999997,48.18208
