,acc_overall,training_probe time,inference time,training_probe flops,inference flops
0,0.7748,125.1149890422821,29.874460458755493,0.13685759999999997,47.18792
