,acc_overall,training_probe time,inference time,training_probe flops,inference flops
0,0.9023,102.97895574569702,26.264501333236694,0.13685759999999997,52.60956
