,acc_overall,training_probe time,inference time,training_probe flops,inference flops
0,0.5024,62.300639152526855,5.597718000411987,0.20275199999999996,162.9288
