,acc_overall,training_probe time,inference time,training_probe flops,inference flops
0,0.5039,56.251349210739136,5.8348424434661865,0.20275199999999996,172.7784
