,acc_overall,training_probe time,inference time,training_probe flops,inference flops
0,0.9493,91.68300700187683,26.12498378753662,0.13685760000000002,54.11236
