,acc_overall,training_probe time,inference time,training_probe flops,inference flops
0,0.2364,74.1036856174469,5.373714923858643,0.4055040000000001,599.338
