,acc_overall,training_probe time,inference time,training_probe flops,inference flops
0,0.5742,3019.520740747452,44.32861113548279,3.2440320000000007,10050.84468
