,acc_overall,training_probe time,inference time,training_probe flops,inference flops
0,0.1528,14.175734281539917,1.5341002941131592,0.10137600000000002,35.94916
