,acc_overall,training_probe time,inference time,training_probe flops,inference flops
0,0.5084,894.4412400722504,31.143519401550293,1.6220160000000003,5740.55252
