,acc_overall,training_probe time,inference time,training_probe flops,inference flops
0,0.3379,121.51158571243286,19.989476203918457,0.8110080000000002,2175.87408
