,acc_overall,training_probe time,inference time,training_probe flops,inference flops
0,0.5382,2792.804902791977,35.61299800872803,3.2440320000000007,7894.44708
