,acc_overall,training_probe time,inference time,training_probe flops,inference flops
0,0.497,51.739285469055176,4.57619833946228,0.20275199999999996,172.7784
