,acc_overall,training_probe time,inference time,training_probe flops,inference flops
0,0.9597,117.70552277565002,24.785759210586548,0.13685760000000002,48.64448
