,acc_overall,training_probe time,inference time,training_probe flops,inference flops
0,0.7798,137.9697699546814,36.5369930267334,0.13685759999999997,45.10712
