,acc_overall,training_probe time,inference time,training_probe flops,inference flops
0,0.3981,113.78145289421082,29.081435441970825,0.20275200000000004,182.7306
