,acc_overall,training_probe time,inference time,training_probe flops,inference flops
0,0.7423,155.66939496994019,34.48020601272583,0.13685759999999997,51.2686
