,acc_overall,training_probe time,inference time,training_probe flops,inference flops
0,0.9288,103.01633143424988,26.796653270721436,0.13685759999999997,50.12416
