,acc_overall,training_probe time,inference time,training_probe flops,inference flops
0,0.6277,3003.4306457042694,36.3096604347229,3.2440319999999994,8063.22288
