,acc_overall,training_probe time,inference time,training_probe flops,inference flops
0,0.2669,69.92807960510254,22.537902355194092,0.10137599999999998,36.46316
