,acc_overall,training_probe time,inference time,training_probe flops,inference flops
0,0.5455,315.13674688339233,33.61803698539734,0.8110079999999998,2151.36804
