,acc_overall,training_probe time,inference time,training_probe flops,inference flops
0,0.6685,4936.628386497498,44.95729684829712,3.2440319999999994,9911.56368
