,acc_overall,training_probe time,inference time,training_probe flops,inference flops
0,0.6515,1249.651870250702,27.12806725502014,1.6220159999999997,5628.13084
