,acc_overall,training_probe time,inference time,training_probe flops,inference flops
0,0.4509,81.94112181663513,23.84397792816162,0.4055039999999999,628.12
