,acc_overall,training_probe time,inference time,training_probe flops,inference flops
0,0.3939,120.88978505134583,25.7550311088562,0.20275200000000004,182.19708
