,acc_overall,training_probe time,inference time,training_probe flops,inference flops
0,0.5032,63.7587947845459,8.425229787826538,0.20275199999999996,172.45008
