,acc_overall,training_probe time,inference time,training_probe flops,inference flops
0,0.5066,98.7512354850769,29.640759468078613,0.20275199999999996,174.91248
