,acc_overall,training_probe time,inference time,training_probe flops,inference flops
0,0.5389,6178.854025840759,42.21887254714966,3.2440320000000007,7741.40184
