,acc_overall,training_probe time,inference time,training_probe flops,inference flops
0,0.1428,132.0609221458435,41.198469161987305,0.10137600000000002,37.3164
