,acc_overall,training_probe time,inference time,training_probe flops,inference flops
0,0.5005,1861.2967252731323,31.315651178359985,1.6220160000000003,5796.10784
