,acc_overall,training_probe time,inference time,training_probe flops,inference flops
0,0.5726,4865.542948007584,44.63776874542236,3.2440320000000007,9971.86416
