,acc_overall,training_probe time,inference time,training_probe flops,inference flops
0,0.2207,101.13473296165466,12.986032724380493,0.4055040000000001,635.951
