,acc_overall,training_probe time,inference time,training_probe flops,inference flops
0,0.3281,300.8031566143036,43.02480435371399,0.8110080000000002,2219.96856
