,acc_overall,training_probe time,inference time,training_probe flops,inference flops
0,0.9463,91.02111387252808,23.54617476463318,0.13685760000000002,53.33784
