,acc_overall,training_probe time,inference time,training_probe flops,inference flops
0,0.7522,107.89947080612183,28.006025791168213,0.13685759999999997,51.8466
