,acc_overall,training_probe time,inference time,training_probe flops,inference flops
0,0.7472,153.7529935836792,27.415651321411133,0.13685759999999997,50.84088
