,acc_overall,training_probe time,inference time,training_probe flops,inference flops
0,0.5032,64.6451952457428,10.51280426979065,0.20275199999999996,165.22704
