,acc_overall,training_probe time,inference time,training_probe flops,inference flops
0,0.9023,111.82702851295471,24.488682508468628,0.13685759999999997,52.80608
