,acc_overall,training_probe time,inference time,training_probe flops,inference flops
0,0.4022,140.02731275558472,31.658950328826904,0.20275200000000004,179.037
