,acc_overall,training_probe time,inference time,training_probe flops,inference flops
0,0.7621,128.2052071094513,29.177215099334717,0.13685759999999997,2.1964
