,acc_overall,training_probe time,inference time,training_probe flops,inference flops
0,0.7449,111.12924695014954,26.730792760849,0.13685759999999997,51.80036
