,acc_overall,training_probe time,inference time,training_probe flops,inference flops
0,0.9534,105.0492935180664,24.571586847305298,0.13685760000000002,50.89868
