,acc_overall,training_probe time,inference time,training_probe flops,inference flops
0,0.397,106.2294933795929,34.78482508659363,0.20275200000000004,180.84276
