,acc_overall,training_probe time,inference time,training_probe flops,inference flops
0,0.5057,135.8427300453186,28.144564390182495,0.20275199999999996,174.03012
