,acc_overall,training_probe time,inference time,training_probe flops,inference flops
0,0.9504,121.49015474319458,26.55740451812744,0.13685759999999997,45.7198
