,acc_overall,training_probe time,inference time,training_probe flops,inference flops
0,0.4933,135.75531554222107,24.93811297416687,0.20275199999999996,173.74284
