,acc_overall,training_probe time,inference time,training_probe flops,inference flops
0,0.5401,59.3710572719574,11.600680589675903,0.20275199999999996,125.62344
