,acc_overall,training_probe time,inference time,training_probe flops,inference flops
0,0.146,15.604640245437622,4.182419776916504,0.10137600000000002,37.25472
