,acc_overall,training_probe time,inference time,training_probe flops,inference flops
0,0.2258,34.334781646728516,6.2852771282196045,0.4055040000000001,635.09
