,acc_overall,training_probe time,inference time,training_probe flops,inference flops
0,0.5007,804.0630886554718,29.77993893623352,1.6220160000000003,5821.18148
