,acc_overall,training_probe time,inference time,training_probe flops,inference flops
0,0.3307,118.45316362380981,20.776695251464844,0.8110080000000002,2214.31332
