,acc_overall,training_probe time,inference time,training_probe flops,inference flops
0,0.5766,3027.172568321228,44.92274022102356,3.2440320000000007,10164.2358
