,acc_overall,training_probe time,inference time,training_probe flops,inference flops
0,0.5427,3015.575252532959,35.83221197128296,3.2440320000000007,7954.41984
