,acc_overall,training_probe time,inference time,training_probe flops,inference flops
0,0.8936,115.63566899299622,35.11444973945618,0.13685759999999997,54.70192
