,acc_overall,training_probe time,inference time,training_probe flops,inference flops
0,0.1622,12.72201418876648,3.001432418823242,0.10137600000000002,35.1062
