,acc_overall,training_probe time,inference time,training_probe flops,inference flops
0,0.5756,3029.247885942459,44.3763792514801,3.2440320000000007,10058.05452
