,acc_overall,training_probe time,inference time,training_probe flops,inference flops
0,0.5408,3054.7552919387817,36.12789034843445,3.2440320000000007,8014.06488
