,acc_overall,training_probe time,inference time,training_probe flops,inference flops
0,0.5102,1467.053587436676,30.484068870544434,1.6220160000000003,5671.72292
