,acc_overall,training_probe time,inference time,training_probe flops,inference flops
0,0.3387,204.49386382102966,24.460269689559937,0.8110080000000002,2140.13952
