,acc_overall,training_probe time,inference time,training_probe flops,inference flops
0,0.2418,39.123613357543945,7.237540245056152,0.4055040000000001,578.305
