,acc_overall,training_probe time,inference time,training_probe flops,inference flops
0,0.3895,90.22304224967957,30.75138783454895,0.20275200000000004,184.41324
