,acc_overall,training_probe time,inference time,training_probe flops,inference flops
0,0.3938,89.55910849571228,24.32257580757141,0.20275200000000004,184.96728
