,acc_overall,training_probe time,inference time,training_probe flops,inference flops
0,0.4934,59.91154623031616,9.701448440551758,0.20275199999999996,171.99864
