,class_val_corr,class_val_org
0,-0.027374804364976413,-0.027374804364976413
1,0.009412218786213615,0.009412218786213615
2,0.02149975274699407,0.02149975274699407
3,-0.005816941366267384,-0.005816941366267384
4,0.023878429872566876,0.023878429872566876
5,-0.02484813287539623,-0.02484813287539623
6,0.013583587837484134,0.013583587837484134
7,-0.009558638471645165,-0.009558638471645165
8,0.04631982016209617,0.04631982016209617
9,-0.01810134431116155,-0.01810134431116155
