,class_val_corr,class_val_org
0,-0.4111234653755059,-0.4111234653755059
1,-0.40794313366998375,-0.40794313366998375
2,-0.35949341521711486,-0.35949341521711486
3,0.3374072196589846,0.3374072196589846
4,-0.3460428514739019,-0.3460428514739019
5,-0.3551036376722133,-0.3551036376722133
6,-0.4056608044458375,-0.4056608044458375
7,-0.4378712318438776,-0.4378712318438776
8,0.4273071532333305,0.4273071532333305
9,-0.40742886128263595,-0.40742886128263595
