,class_val_corr,class_val_org
0,-0.37950217818262166,-0.37950217818262166
1,0.39753194276139525,0.39753194276139525
2,-0.32376721831816313,-0.32376721831816313
3,-0.383623097153931,-0.383623097153931
4,-0.3373946997706727,-0.3373946997706727
5,0.3537941541796746,0.3537941541796746
6,-0.3344212703194645,-0.3344212703194645
7,-0.38659119941822634,-0.38659119941822634
8,-0.3507141167366421,-0.3507141167366421
9,0.3818851907959844,0.3818851907959844
