,class_val_corr,class_val_org
0,-0.38988182127742993,-0.38988182127742993
1,0.39890662258484455,0.39890662258484455
2,-0.3557764258644613,-0.3557764258644613
3,-0.39026228152132325,-0.39026228152132325
4,-0.34896893503316245,-0.34896893503316245
5,-0.36593656194339563,-0.36593656194339563
6,-0.3624337406075618,-0.3624337406075618
7,-0.3940037245709622,-0.3940037245709622
8,-0.35853262159116095,-0.35853262159116095
9,0.3871748123646434,0.3871748123646434
