,class_val_corr,class_val_org
0,0.3891001730751002,0.3891001730751002
1,0.3923836736088425,0.3923836736088425
2,-0.3621561632295926,-0.3621561632295926
3,-0.3881404100525637,-0.3881404100525637
4,-0.35778237933394674,-0.35778237933394674
5,-0.3720799001605928,-0.3720799001605928
6,-0.36431141916724413,-0.36431141916724413
7,-0.3996908315253197,-0.3996908315253197
8,0.3616320415945503,0.3616320415945503
9,0.38612887132022944,0.38612887132022944
