,class_val_corr,class_val_org
0,-0.3262707801936731,-0.3262707801936731
1,-0.3439528302025299,-0.3439528302025299
2,0.1529390268804408,0.1529390268804408
3,0.23693695258636846,0.23693695258636846
4,0.18459980047602767,0.18459980047602767
5,-0.23615078385565388,-0.23615078385565388
6,0.2468249571076595,0.2468249571076595
7,0.23564211346063854,0.23564211346063854
8,0.32703162481266873,0.32703162481266873
9,-0.2865272279493605,-0.2865272279493605
