,class_val_corr,class_val_org
0,0.3821114717688113,0.3821114717688113
1,0.3879575281246122,0.3879575281246122
2,-0.3659398912772329,-0.3659398912772329
3,-0.3878752963632286,-0.3878752963632286
4,-0.36863039737770953,-0.36863039737770953
5,-0.37599010309949,-0.37599010309949
6,-0.37455433287474005,-0.37455433287474005
7,-0.39570275657578524,-0.39570275657578524
8,-0.36454863484347666,-0.36454863484347666
9,0.3923225989942325,0.3923225989942325
