,class_val_corr,class_val_org
0,0.3694603610816875,0.3694603610816875
1,0.38110911860334895,0.38110911860334895
2,-0.357409747412936,-0.357409747412936
3,-0.3821675289365016,-0.3821675289365016
4,-0.3871872203542017,-0.3871872203542017
5,-0.37875350508537575,-0.37875350508537575
6,-0.37200849650962525,-0.37200849650962525
7,-0.38391863558588346,-0.38391863558588346
8,-0.3607327878715975,-0.3607327878715975
9,0.3941785914518311,0.3941785914518311
