,class_val_corr,class_val_org
0,0.3510652654244017,0.3510652654244017
1,0.3907259451271473,0.3907259451271473
2,-0.36021097933778917,-0.36021097933778917
3,-0.37773768326066925,-0.37773768326066925
4,-0.3705189492883116,-0.3705189492883116
5,-0.3862252121877907,-0.3862252121877907
6,-0.33522272137278314,-0.33522272137278314
7,-0.35271194958787505,-0.35271194958787505
8,0.353134835213598,0.353134835213598
9,0.41790129429978945,0.41790129429978945
