,class_val_corr,class_val_org
0,0.33684079218459007,0.33684079218459007
1,0.4012034502786971,0.4012034502786971
2,-0.3193270408571435,-0.3193270408571435
3,-0.33787937031580734,-0.33787937031580734
4,-0.34790723914874355,-0.34790723914874355
5,-0.38527013004311106,-0.38527013004311106
6,-0.3140501824220497,-0.3140501824220497
7,-0.3812599072425689,-0.3812599072425689
8,0.37815525766488034,0.37815525766488034
9,0.4166517828494182,0.4166517828494182
