,class_val_corr,class_val_org
0,-0.33532670269501985,-0.33532670269501985
1,-0.3710074064159833,-0.3710074064159833
2,-0.211067736671325,-0.211067736671325
3,-0.3030881672835208,-0.3030881672835208
4,0.23818663088716877,0.23818663088716877
5,-0.294173572747525,-0.294173572747525
6,0.2645475611132879,0.2645475611132879
7,-0.2864005305137342,-0.2864005305137342
8,-0.320155459806505,-0.320155459806505
9,0.3112871721744512,0.3112871721744512
