,class_val_corr,class_val_org
0,0.40617679777734883,0.40617679777734883
1,0.43001284163543474,0.43001284163543474
2,-0.38465379231681107,-0.38465379231681107
3,-0.3200993834564425,-0.3200993834564425
4,0.36558050686171334,0.36558050686171334
5,-0.36717344751205966,-0.36717344751205966
6,0.3232041369211074,0.3232041369211074
7,-0.4075433850670175,-0.4075433850670175
8,0.4093167102880727,0.4093167102880727
9,-0.33541300931759593,-0.33541300931759593
