,class_val_corr,class_val_org
0,0.417072673750599,0.417072673750599
1,0.43157567465913693,0.43157567465913693
2,0.35536083178999167,0.35536083178999167
3,0.3096538014555604,0.3096538014555604
4,0.3496016262661092,0.3496016262661092
5,0.3772635170932725,0.3772635170932725
6,-0.3783106907625344,-0.3783106907625344
7,-0.4321127153952161,-0.4321127153952161
8,0.4140798358667276,0.4140798358667276
9,0.3828795876020927,0.3828795876020927
