,class_val_corr,class_val_org
0,0.40920846108360076,0.40920846108360076
1,-0.4192103356995449,-0.4192103356995449
2,-0.3288644657737594,-0.3288644657737594
3,0.3219405481512245,0.3219405481512245
4,-0.33887594926120446,-0.33887594926120446
5,0.35862876983343195,0.35862876983343195
6,-0.4185872091878267,-0.4185872091878267
7,-0.44735851882677496,-0.44735851882677496
8,0.44502358197115693,0.44502358197115693
9,-0.386449181223374,-0.386449181223374
