,class_val_corr,class_val_org
0,-0.35189604760280646,-0.35189604760280646
1,-0.38730696534466946,-0.38730696534466946
2,-0.24694604934626121,-0.24694604934626121
3,-0.33332823646880994,-0.33332823646880994
4,0.27244882444683605,0.27244882444683605
5,-0.3139668793749354,-0.3139668793749354
6,-0.27814978435554283,-0.27814978435554283
7,-0.3311887446103447,-0.3311887446103447
8,-0.32609641870156136,-0.32609641870156136
9,-0.33175096299950096,-0.33175096299950096
