,class_val_corr,class_val_org
0,0.38835284455312247,0.38835284455312247
1,0.44248576225559955,0.44248576225559955
2,0.37977564938921926,0.37977564938921926
3,-0.33670435791242476,-0.33670435791242476
4,-0.3120025772855247,-0.3120025772855247
5,-0.3344879220581213,-0.3344879220581213
6,-0.42275759652398437,-0.42275759652398437
7,-0.4334860849874683,-0.4334860849874683
8,0.4300700837243074,0.4300700837243074
9,0.3925131730845259,0.3925131730845259
