,class_val_corr,class_val_org
0,0.3876153480469403,0.3876153480469403
1,-0.41187669814590044,-0.41187669814590044
2,0.3456906349162575,0.3456906349162575
3,-0.3621165861316411,-0.3621165861316411
4,0.3279656031731021,0.3279656031731021
5,-0.3304285562145986,-0.3304285562145986
6,-0.41301407514073285,-0.41301407514073285
7,-0.4529814674985828,-0.4529814674985828
8,0.43550859315602014,0.43550859315602014
9,0.4307311074730476,0.4307311074730476
