,class_val_corr,class_val_org
0,0.40281430909541494,0.40281430909541494
1,0.42591452551428444,0.42591452551428444
2,0.33886733804861746,0.33886733804861746
3,-0.35717480440017874,-0.35717480440017874
4,-0.3251997161896699,-0.3251997161896699
5,-0.3527356123147979,-0.3527356123147979
6,-0.4150006642358817,-0.4150006642358817
7,-0.44997199032026725,-0.44997199032026725
8,0.41837419909437945,0.41837419909437945
9,0.4067289734058124,0.4067289734058124
