,class_val_corr,class_val_org
0,-0.3654367568146614,-0.3654367568146614
1,0.3959296223133293,0.3959296223133293
2,-0.2793738845445485,-0.2793738845445485
3,-0.3549501534259817,-0.3549501534259817
4,-0.3066071102136752,-0.3066071102136752
5,-0.32985062189758757,-0.32985062189758757
6,-0.2953406225934176,-0.2953406225934176
7,-0.365488619933924,-0.365488619933924
8,-0.3300238476756554,-0.3300238476756554
9,-0.3548334970752838,-0.3548334970752838
