,class_val_corr,class_val_org
0,-0.4005565779305319,-0.4005565779305319
1,0.405537062310666,0.405537062310666
2,0.349882975107031,0.349882975107031
3,0.3537429662527174,0.3537429662527174
4,-0.3405561852007704,-0.3405561852007704
5,-0.346301517095637,-0.346301517095637
6,-0.42433376469376916,-0.42433376469376916
7,-0.42346609778108835,-0.42346609778108835
8,0.42856015075546305,0.42856015075546305
9,-0.4239171023655676,-0.4239171023655676
