,class_val_corr,class_val_org
0,0.4095877546296415,0.4095877546296415
1,-0.4069394382634392,-0.4069394382634392
2,-0.3456542938190146,-0.3456542938190146
3,0.34649109921455895,0.34649109921455895
4,0.3466235078014197,0.3466235078014197
5,-0.3637344492273782,-0.3637344492273782
6,-0.4030601346211116,-0.4030601346211116
7,-0.452736040709171,-0.452736040709171
8,0.44819559521679686,0.44819559521679686
9,-0.4140571928179092,-0.4140571928179092
