,acc_overall,training_probe time,inference time,training_probe flops,inference flops
0,0.73,87.22116208076477,21.325286865234375,0.13685759999999997,52.18184
