,acc_overall,training_probe time,inference time,training_probe flops,inference flops
0,0.3319,329.8982653617859,19.549240112304688,0.8110080000000002,2179.97208
