,acc_overall,training_probe time,inference time,training_probe flops,inference flops
0,0.4963,2308.2970333099365,126.10231566429138,1.6220160000000003,5842.97752
