,acc_overall,training_probe time,inference time,training_probe flops,inference flops
0,0.1468,142.02445793151855,30.001609325408936,0.10137600000000002,36.3912
