,acc_overall,training_probe time,inference time,training_probe flops,inference flops
0,0.2173,101.87329649925232,24.91533088684082,0.4055040000000001,630.703
