,acc_overall,training_probe time,inference time,training_probe flops,inference flops
0,0.1468,123.23719763755798,37.30676555633545,0.10137600000000002,36.3912
