,acc_overall,training_probe time,inference time,training_probe flops,inference flops
0,0.2747,102.38136553764343,23.852563858032227,0.10137599999999998,36.25756
