,acc_overall,training_probe time,inference time,training_probe flops,inference flops
0,0.4504,245.36060881614685,21.570488214492798,0.4055039999999999,622.667
