,acc_overall,training_probe time,inference time,training_probe flops,inference flops
0,0.2747,64.16167402267456,12.345856666564941,0.10137599999999998,36.25756
