,acc_overall,training_probe time,inference time,training_probe flops,inference flops
0,0.5487,620.6531538963318,22.52317500114441,0.8110079999999998,2123.33772
