,acc_overall,training_probe time,inference time,training_probe flops,inference flops
0,0.6591,2046.765501499176,26.773220777511597,1.6220159999999997,5628.62248
