,acc_overall,training_probe time,inference time,training_probe flops,inference flops
0,0.5044,88.27711629867554,23.340537071228027,0.20275199999999996,174.85092
