,acc_overall,training_probe time,inference time,training_probe flops,inference flops
0,0.7469,103.1412181854248,21.05632781982422,0.13685759999999997,2.2542
