,acc_overall,training_probe time,inference time,training_probe flops,inference flops
0,0.4995,52.715744972229004,10.69687557220459,0.20275199999999996,170.39808
