,acc_overall,training_probe time,inference time,training_probe flops,inference flops
0,0.3877,107.64173555374146,27.433223485946655,0.20275200000000004,181.4994
