,acc_overall,training_probe time,inference time,training_probe flops,inference flops
0,0.1464,56.48034381866455,38.492207765579224,0.10137600000000002,36.68932
