,acc_overall,training_probe time,inference time,training_probe flops,inference flops
0,0.5384,7213.071692466736,43.869889974594116,3.2440320000000007,7754.83836
