,acc_overall,training_probe time,inference time,training_probe flops,inference flops
0,0.3334,258.3460192680359,26.357033729553223,0.8110080000000002,2198.41308
