,acc_overall,training_probe time,inference time,training_probe flops,inference flops
0,0.5071,1600.3819620609283,49.95296049118042,1.6220160000000003,5761.52916
