,acc_overall,training_probe time,inference time,training_probe flops,inference flops
0,0.5729,4873.162230014801,43.99888467788696,3.2440320000000007,9949.5792
