,acc_overall,training_probe time,inference time,training_probe flops,inference flops
0,0.2268,101.76543974876404,31.333430290222168,0.4055040000000001,619.551
