,acc_overall,training_probe time,inference time,training_probe flops,inference flops
0,0.3457,359.42290449142456,10.34707498550415,0.8110080000000002,2072.27664
