,acc_overall,training_probe time,inference time,training_probe flops,inference flops
0,0.2277,154.69254779815674,45.9996497631073,0.4055040000000001,576.214
