,acc_overall,training_probe time,inference time,training_probe flops,inference flops
0,0.1526,150.14210033416748,14.574617624282837,0.10137600000000002,33.84176
