,acc_overall,training_probe time,inference time,training_probe flops,inference flops
0,0.1526,66.82989239692688,33.013386726379395,0.10137600000000002,33.84176
