,acc_overall,training_probe time,inference time,training_probe flops,inference flops
0,0.5102,1983.2960352897644,140.49916410446167,1.6220160000000003,5642.88004
