,acc_overall,training_probe time,inference time,training_probe flops,inference flops
0,0.4284,94.50313353538513,27.952641487121582,0.20275200000000004,140.52096
