,acc_overall,training_probe time,inference time,training_probe flops,inference flops
0,0.5114,171.52114057540894,23.185892820358276,0.20275199999999996,168.79752
