,acc_overall,training_probe time,inference time,training_probe flops,inference flops
0,0.9665,128.75729298591614,16.977810382843018,0.13685760000000002,45.8932
