,acc_overall,training_probe time,inference time,training_probe flops,inference flops
0,0.1516,139.95729112625122,31.787033081054688,0.10137600000000002,36.19588
