,acc_overall,training_probe time,inference time,training_probe flops,inference flops
0,0.3348,419.65687131881714,20.502419233322144,0.8110080000000002,2172.02196
