,acc_overall,training_probe time,inference time,training_probe flops,inference flops
0,0.1516,137.15812730789185,34.260876417160034,0.10137600000000002,36.19588
