,acc_overall,training_probe time,inference time,training_probe flops,inference flops
0,0.5065,2427.4033374786377,82.49109506607056,1.6220160000000003,5825.934
