,acc_overall,training_probe time,inference time,training_probe flops,inference flops
0,0.2134,75.04527592658997,27.747703075408936,0.4055040000000001,626.767
