,acc_overall,training_probe time,inference time,training_probe flops,inference flops
0,0.5069,62.894559144973755,9.572120428085327,0.20275199999999996,154.24884
