,acc_overall,training_probe time,inference time,training_probe flops,inference flops
0,0.4341,157.30046272277832,21.45409107208252,0.4055039999999999,552.762
