,acc_overall,training_probe time,inference time,training_probe flops,inference flops
0,0.6643,3956.276521921158,45.11151909828186,3.2440319999999994,9837.82668
