,acc_overall,training_probe time,inference time,training_probe flops,inference flops
0,0.6515,1413.6653261184692,23.211281538009644,1.6220159999999997,5412.30088
