,acc_overall,training_probe time,inference time,training_probe flops,inference flops
0,0.5432,385.9886031150818,46.807857036590576,0.8110079999999998,2036.05032
