,acc_overall,training_probe time,inference time,training_probe flops,inference flops
0,0.6302,6344.641971826553,40.076109170913696,3.2440319999999994,8082.23064
