,acc_overall,training_probe time,inference time,training_probe flops,inference flops
0,0.2836,52.046480655670166,25.792357921600342,0.10137599999999998,33.64644
