,acc_overall,training_probe time,inference time,training_probe flops,inference flops
0,0.3869,118.50244331359863,25.056140661239624,0.20275200000000004,184.49532
