,acc_overall,training_probe time,inference time,training_probe flops,inference flops
0,0.3891,189.38336515426636,29.508028984069824,0.20275200000000004,182.4228
