,acc_overall,training_probe time,inference time,training_probe flops,inference flops
0,0.3331,397.11831760406494,17.970086336135864,0.8110080000000002,2162.02284
