,acc_overall,training_probe time,inference time,training_probe flops,inference flops
0,0.1574,81.73175239562988,20.975927352905273,0.10137600000000002,35.9286
