,acc_overall,training_probe time,inference time,training_probe flops,inference flops
0,0.2173,110.81948733329773,34.67318272590637,0.4055040000000001,618.895
