,acc_overall,training_probe time,inference time,training_probe flops,inference flops
0,0.1574,166.24450945854187,37.73343825340271,0.10137600000000002,35.9286
