,acc_overall,training_probe time,inference time,training_probe flops,inference flops
0,0.5037,2301.569103717804,160.49301505088806,1.6220160000000003,5797.41888
