,acc_overall,training_probe time,inference time,training_probe flops,inference flops
0,0.7588,106.36042809486389,25.463226318359375,0.13685759999999997,50.49408
