,acc_overall,training_probe time,inference time,training_probe flops,inference flops
0,0.9447,91.70611119270325,24.598854541778564,0.13685760000000002,53.54592
