,acc_overall,training_probe time,inference time,training_probe flops,inference flops
0,0.9694,126.058908700943,28.231785535812378,0.13685760000000002,45.373
