,acc_overall,training_probe time,inference time,training_probe flops,inference flops
0,0.3979,142.40617728233337,33.98495626449585,0.20275200000000004,182.68956
