,acc_overall,training_probe time,inference time,training_probe flops,inference flops
0,0.661,1492.1477077007294,31.158278703689575,1.6220159999999997,5659.10416
