,acc_overall,training_probe time,inference time,training_probe flops,inference flops
0,0.2662,120.00093197822571,16.414573431015015,0.10137599999999998,36.63792
