,acc_overall,training_probe time,inference time,training_probe flops,inference flops
0,0.6313,3002.927232980728,36.76938009262085,3.2440319999999994,8188.73964
