,acc_overall,training_probe time,inference time,training_probe flops,inference flops
0,0.5538,377.34870982170105,49.6270227432251,0.8110079999999998,2147.27004
