,acc_overall,training_probe time,inference time,training_probe flops,inference flops
0,0.4665,117.37477135658264,16.439991235733032,0.4055039999999999,630.252
