,acc_overall,training_probe time,inference time,training_probe flops,inference flops
0,0.5073,37.18758034706116,9.402822494506836,0.20275199999999996,173.47608
