,acc_overall,training_probe time,inference time,training_probe flops,inference flops
0,0.9544,107.2983877658844,28.790462017059326,0.13685760000000002,49.06064
