,acc_overall,training_probe time,inference time,training_probe flops,inference flops
0,0.3823,164.00552535057068,27.153425455093384,0.20275200000000004,182.8332
