,acc_overall,training_probe time,inference time,training_probe flops,inference flops
0,0.2788,75.10542154312134,12.508002758026123,0.10137599999999998,36.2884
