,acc_overall,training_probe time,inference time,training_probe flops,inference flops
0,0.4668,220.24186611175537,25.398754119873047,0.4055039999999999,624.143
