,acc_overall,training_probe time,inference time,training_probe flops,inference flops
0,0.661,2036.6356184482574,33.00068712234497,1.6220159999999997,5596.01036
