,acc_overall,training_probe time,inference time,training_probe flops,inference flops
0,0.2788,105.68343019485474,63.01295447349548,0.10137599999999998,36.2884
