,acc_overall,training_probe time,inference time,training_probe flops,inference flops
0,0.5475,653.9782481193542,42.00214171409607,0.8110079999999998,2122.27224
