,acc_overall,training_probe time,inference time,training_probe flops,inference flops
0,0.9617,120.3737268447876,13.60727047920227,0.13685760000000002,47.65032
