,acc_overall,training_probe time,inference time,training_probe flops,inference flops
0,0.5019,115.84569764137268,22.75607919692993,0.20275199999999996,171.97812
