,acc_overall,training_probe time,inference time,training_probe flops,inference flops
0,0.5027,103.88590860366821,25.767020225524902,0.20275199999999996,173.43504
