,acc_overall,training_probe time,inference time,training_probe flops,inference flops
0,0.9014,126.64316606521606,19.18463158607483,0.13685759999999997,53.73088
