,acc_overall,training_probe time,inference time,training_probe flops,inference flops
0,0.5094,2097.3033514022827,177.1282045841217,1.6220160000000003,5558.97348
