,acc_overall,training_probe time,inference time,training_probe flops,inference flops
0,0.1639,63.30284023284912,16.2446186542511,0.10137600000000002,32.3306
