,acc_overall,training_probe time,inference time,training_probe flops,inference flops
0,0.1639,71.25864291191101,37.346654415130615,0.10137600000000002,32.3306
