,acc_overall,training_probe time,inference time,training_probe flops,inference flops
0,0.3559,456.1432604789734,16.63656187057495,0.8110080000000002,2029.49352
