,acc_overall,training_probe time,inference time,training_probe flops,inference flops
0,0.2358,171.1581757068634,41.294179916381836,0.4055040000000001,545.956
