,acc_overall,training_probe time,inference time,training_probe flops,inference flops
0,0.3288,374.2664122581482,15.239592552185059,0.8110080000000002,2186.77476
