,acc_overall,training_probe time,inference time,training_probe flops,inference flops
0,0.1475,124.09423112869263,31.186086416244507,0.10137600000000002,36.65848
