,acc_overall,training_probe time,inference time,training_probe flops,inference flops
0,0.5052,1697.4565570354462,38.67693328857422,1.6220160000000003,5801.352
