,acc_overall,training_probe time,inference time,training_probe flops,inference flops
0,0.1475,138.62819576263428,18.00408697128296,0.10137600000000002,36.65848
